[{"word":"arouse","score":87981,"tags":["syn","v"]},{"word":"enkindle","score":87267,"tags":["syn","v"]},{"word":"provoke","score":85557,"tags":["syn","v"]},{"word":"evoke","score":84775,"tags":["syn","v"]},{"word":"elicit","score":82220,"tags":["syn","v"]},{"word":"fire","score":79199,"tags":["syn","n"]},{"word":"raise","score":78171,"tags":["syn","v"]},{"word":"ignite","score":70854,"tags":["v"]},{"word":"reignite","score":70637,"tags":["v"]},{"word":"spark","score":68229,"tags":["n"]},{"word":"foment","score":64504,"tags":["v"]},{"word":"create","score":62314,"tags":["v"]},{"word":"stir","score":61754,"tags":["v"]},{"word":"inflame","score":61473,"tags":["v"]},{"word":"erupt","score":61385,"tags":["v"]},{"word":"rekindle","score":51237,"tags":["v"]},{"word":"relight","score":51235,"tags":["v"]},{"word":"extinguish","score":51234,"tags":["v"]},{"word":"stoke","score":51232,"tags":["v","prop"]},{"word":"scorch","score":51231,"tags":["v"]},{"word":"reawaken","score":51230,"tags":["v"]},{"word":"accend","score":51228,"tags":["v"]},{"word":"miskindle","score":51227,"tags":["v"]},{"word":"awaken","score":51226,"tags":["v"]},{"word":"incension","score":51225,"tags":["v"]},{"word":"engender","score":51224,"tags":["v"]},{"word":"inspire","score":51223,"tags":["v"]},{"word":"accendibility","score":51222,"tags":["v"]},{"word":"reflame","score":51221,"tags":["v"]},{"word":"dampen","score":51220,"tags":["v"]},{"word":"douse","score":51219,"tags":["v"]},{"word":"invigorate","score":51218,"tags":["v"]},{"word":"rouse","score":51217,"tags":["v","prop"]},{"word":"vivify","score":51216,"tags":["v"]},{"word":"accendible","score":51215,"tags":["v"]},{"word":"spur","score":51214,"tags":["v"]},{"word":"quench","score":51212,"tags":["v"]},{"word":"excite","score":51211,"tags":["v"]},{"word":"catalyze","score":51210,"tags":["v"]},{"word":"stimulate","score":51208,"tags":["v"]},{"word":"squelch","score":51207,"tags":["v"]},{"word":"bestir","score":51206,"tags":["v"]},{"word":"reignited","score":51205,"tags":["v"]},{"word":"immolate","score":51203,"tags":["v"]},{"word":"incite","score":51202,"tags":["v"]},{"word":"suffuse","score":51201,"tags":["v"]},{"word":"procatarxis","score":51200,"tags":["v"]},{"word":"illumine","score":51199,"tags":["v"]},{"word":"edify","score":51198,"tags":["v"]},{"word":"revivify","score":51197,"tags":["v"]},{"word":"jumpstart","score":51196,"tags":["v"]},{"word":"flicker","score":51195,"tags":["v"]},{"word":"enliven","score":51194,"tags":["v"]},{"word":"incensor","score":51193,"tags":["v"]},{"word":"eternalize","score":51192,"tags":["v"]},{"word":"creat","score":51191,"tags":["v"]},{"word":"sooth","score":51190,"tags":["v"]},{"word":"nurture","score":51189,"tags":["v"]},{"word":"gratify","score":51188,"tags":["v"]},{"word":"imbue","score":51187,"tags":["v"]},{"word":"heighten","score":51186,"tags":["v"]},{"word":"illuminate","score":51185,"tags":["v"]},{"word":"subsume","score":51184,"tags":["v"]},{"word":"evince","score":51183,"tags":["v"]},{"word":"deepen","score":51182,"tags":["v"]},{"word":"quicken","score":51181,"tags":["v"]},{"word":"whet","score":51180,"tags":["v"]},{"word":"revive","score":51179,"tags":["v"]},{"word":"galvanize","score":51178,"tags":["v"]},{"word":"efface","score":51177,"tags":["v"]},{"word":"disenchant","score":51176,"tags":["v"]},{"word":"energize","score":51175,"tags":["v"]},{"word":"quell","score":51174,"tags":["v"]},{"word":"inculcate","score":51173,"tags":["v"]},{"word":"suppress","score":51172,"tags":["v"]},{"word":"repress","score":51171,"tags":["v"]},{"word":"foretell","score":51170,"tags":["v"]},{"word":"nourish","score":51169,"tags":["v"]},{"word":"unleash","score":51168,"tags":["v"]},{"word":"instigate","score":51167,"tags":["v"]},{"word":"rediscover","score":51166,"tags":["v"]},{"word":"reinvigorate","score":51165,"tags":["v"]},{"word":"enthuse","score":51164,"tags":["v"]},{"word":"forestall","score":51163,"tags":["v"]},{"word":"derange","score":51162,"tags":["v"]},{"word":"stifle","score":51161,"tags":["v"]},{"word":"enlighten","score":51160,"tags":["v"]},{"word":"fizzles","score":51159,"tags":["v"]},{"word":"depolarize","score":51158,"tags":["v"]},{"word":"instill","score":51157,"tags":["v"]},{"word":"becloud","score":51156,"tags":["v"]},{"word":"stirs","score":51155,"tags":["v"]},{"word":"slakes","score":51154,"tags":["v"]},{"word":"smoulders","score":51153,"tags":["v"]},{"word":"intensify","score":51152,"tags":["v"]},{"word":"beget","score":51151,"tags":["v"]},{"word":"generate","score":51150,"tags":["v"]},{"word":"satiate","score":51149,"tags":["v"]},{"word":"wakens","score":51148,"tags":["v"]},{"word":"requited","score":51147,"tags":["v"]}]