[{"word":"calibre","score":28705,"tags":["n"]},{"word":"caliber","score":28629,"tags":["n"]},{"word":"aspect","score":11966,"tags":["n"]},{"word":"narrow","score":11966,"tags":["adj"]},{"word":"point","score":11966,"tags":["n"]},{"word":"points","score":11966,"tags":["n"]},{"word":"register","score":11966,"tags":["n","v"]},{"word":"registered","score":11966,"tags":["adj"]},{"word":"scope","score":11966,"tags":["n"]},{"word":"strike","score":11966,"tags":["n","v"]},{"word":"bear","score":11890,"tags":["v","n"]},{"word":"bosom","score":11890,"tags":["n"]},{"word":"break","score":11890,"tags":["v","n"]},{"word":"effected","score":11890,"tags":["adj"]},{"word":"effecting","score":11890,"tags":["v"]},{"word":"est","score":11890,"tags":["n"]},{"word":"imagine","score":11890,"tags":["v"]},{"word":"imagining","score":11890,"tags":["v"]},{"word":"sink","score":11890,"tags":["v","n"]},{"word":"attain","score":11720,"tags":["v"]},{"word":"think","score":11720,"tags":["v"]},{"word":"thunk","score":11720,"tags":["n"]},{"word":"attained","score":11659,"tags":["adj"]},{"word":"balance","score":11644,"tags":["n"]},{"word":"balancing","score":11644,"tags":["n"]},{"word":"contracted","score":11644,"tags":["adj"]},{"word":"effect","score":11644,"tags":["n"]},{"word":"mad","score":11644,"tags":["adj"]},{"word":"maf","score":11644,"tags":["n"]},{"word":"min","score":11644,"tags":["n"]},{"word":"read","score":11644,"tags":["v"]},{"word":"ring","score":11644,"tags":["n"]},{"word":"superego","score":11644,"tags":["n"]},{"word":"wheel","score":11644,"tags":["n"]},{"word":"within","score":11644,"tags":["adv"]},{"word":"area","score":10843,"tags":["n"]},{"word":"arrive","score":10843,"tags":["v"]},{"word":"beacon","score":10843,"tags":["n"]},{"word":"bill","score":10843,"tags":["n"]},{"word":"con","score":10843,"tags":["n"]},{"word":"deviation","score":10843,"tags":["n"]},{"word":"direction","score":10843,"tags":["n"]},{"word":"east","score":10843,"tags":["n","adj"]},{"word":"east-northeast","score":10843},{"word":"east by north","score":10843,"tags":["n"]},{"word":"ebn","score":10843,"tags":["n"]},{"word":"extension","score":10843,"tags":["n"]},{"word":"fetch","score":10843,"tags":["v"]},{"word":"gamut","score":10843,"tags":["n"]},{"word":"gyrocompass","score":10843,"tags":["n"]},{"word":"gyroscope","score":10843,"tags":["n"]},{"word":"lily","score":10843,"tags":["n"]},{"word":"magnetic","score":10843,"tags":["adj"]},{"word":"nbe","score":10843,"tags":["n","prop"]},{"word":"nbw","score":10843,"tags":["n","prop"]},{"word":"nebn","score":10843,"tags":["n","prop"]},{"word":"needle","score":10843,"tags":["n"]},{"word":"nne","score":10843,"tags":["n"]},{"word":"nnw","score":10843,"tags":["n"]},{"word":"norte","score":10843,"tags":["n","prop"]},{"word":"north","score":10843,"tags":["n","adj"]},{"word":"north-northeast","score":10843,"tags":["adv"]},{"word":"north-northwest","score":10843,"tags":["adv"]},{"word":"north by east","score":10843,"tags":["n"]},{"word":"north by west","score":10843,"tags":["n"]},{"word":"north northeast","score":10843,"tags":["n"]},{"word":"north northwest","score":10843,"tags":["n"]},{"word":"northeast","score":10843,"tags":["n","adv"]},{"word":"northeast by north","score":10843,"tags":["n"]},{"word":"northeastward","score":10843,"tags":["adv"]},{"word":"northwest","score":10843,"tags":["n","adj"]},{"word":"northwest by north","score":10843,"tags":["n"]},{"word":"northwestward","score":10843,"tags":["adv"]},{"word":"nwbn","score":10843,"tags":["n","prop"]},{"word":"orient","score":10843,"tags":["n","v","prop"]},{"word":"orientation","score":10843,"tags":["n"]},{"word":"oriented","score":10843,"tags":["adj"]},{"word":"orienteering","score":10843,"tags":["v","n"]},{"word":"orienting","score":10843,"tags":["adj"]},{"word":"prospect","score":10843,"tags":["n"]},{"word":"prospecting","score":10843,"tags":["n","v"]},{"word":"range","score":10843,"tags":["n"]},{"word":"ranged","score":10843,"tags":["v"]},{"word":"ranging","score":10843,"tags":["adj"]},{"word":"reach","score":10843,"tags":["v","n"]},{"word":"room","score":10843,"tags":["n"]},{"word":"rosinweed","score":10843,"tags":["n"]},{"word":"side","score":10843,"tags":["n"]},{"word":"south","score":10843,"tags":["n","adj"]},{"word":"southeast","score":10843,"tags":["n","adj"]},{"word":"southeast by east","score":10843,"tags":["n"]},{"word":"southwest","score":10843,"tags":["n","adj"]},{"word":"southwest by west","score":10843,"tags":["n"]},{"word":"sweep","score":10843,"tags":["n","v"]},{"word":"tessitura","score":10843,"tags":["n"]},{"word":"traverse","score":10843,"tags":["v","n"]},{"word":"wbn","score":10843,"tags":["n","prop"]},{"word":"west","score":10843,"tags":["n","adj"]},{"word":"west by north","score":10843,"tags":["n"]},{"word":"above","score":10814,"tags":["adv","adj"]}]