[{"word":"shortsighted","score":94819,"tags":["syn","adj"]},{"word":"nearsighted","score":90106,"tags":["syn","adj"]},{"word":"astigmatic","score":87369,"tags":["syn","adj"]},{"word":"presbyopic","score":85397,"tags":["syn","adj"]},{"word":"impaired","score":79905,"tags":["syn","adj"]},{"word":"visually impaired","score":76577,"tags":["syn","adj"]},{"word":"ametropic","score":73951,"tags":["syn","adj"]},{"word":"blinkered","score":73950,"tags":["adj"]},{"word":"blind","score":62491,"tags":["adj"]},{"word":"narrow","score":61805,"tags":["adj"]},{"word":"indiscriminate","score":59767,"tags":["adj"]},{"word":"keratomileusis","score":51330,"tags":["n","v"]},{"word":"narrow-minded","score":51330,"tags":["adj"]},{"word":"prk","score":51330,"tags":["adj","n","prop"]},{"word":"short-sighted","score":51330,"tags":["adj"]},{"word":"short-term","score":51330,"tags":["adj"]},{"word":"hyperopic","score":51327,"tags":["adj"]},{"word":"egocentric","score":51326,"tags":["adj"]},{"word":"ethnocentric","score":51325,"tags":["adj"]},{"word":"selfish","score":51324,"tags":["adj"]},{"word":"wrongheaded","score":51323,"tags":["adj"]},{"word":"arrogant","score":51322,"tags":["adj"]},{"word":"ignorant","score":51321,"tags":["adj"]},{"word":"foolish","score":51320,"tags":["adj"]},{"word":"cynical","score":51319,"tags":["adj"]},{"word":"uninformed","score":51318,"tags":["adj"]},{"word":"naive","score":51317,"tags":["adj"]},{"word":"delusional","score":51316,"tags":["adj"]},{"word":"obtuse","score":51315,"tags":["adj"]},{"word":"visionless","score":51314,"tags":["adj"]},{"word":"reactionary","score":51313,"tags":["adj"]},{"word":"dogmatic","score":51312,"tags":["adj"]},{"word":"moronic","score":51311,"tags":["adj"]},{"word":"idiotic","score":51310,"tags":["adj"]},{"word":"unthinking","score":51309,"tags":["adj"]},{"word":"inept","score":51308,"tags":["adj"]},{"word":"feckless","score":51307,"tags":["adj"]},{"word":"irrational","score":51306,"tags":["adj"]},{"word":"greedy","score":51305,"tags":["adj"]},{"word":"hypocritical","score":51304,"tags":["adj"]},{"word":"narcissistic","score":51303,"tags":["adj"]},{"word":"simpleminded","score":51302,"tags":["adj"]},{"word":"incompetent","score":51301,"tags":["adj"]},{"word":"unintelligent","score":51300,"tags":["adj"]},{"word":"unenlightened","score":51299,"tags":["adj"]},{"word":"irresponsible","score":51298,"tags":["adj"]},{"word":"disingenuous","score":51297,"tags":["adj"]},{"word":"foolhardy","score":51296,"tags":["adj"]},{"word":"illogical","score":51295,"tags":["adj"]},{"word":"misguided","score":51293,"tags":["adj"]},{"word":"poreblind","score":51292,"tags":["adj"]},{"word":"jaundiced","score":51291,"tags":["adj"]},{"word":"pinheaded","score":51290,"tags":["adj"]},{"word":"simplistic","score":51289,"tags":["adj"]},{"word":"ahistorical","score":51288,"tags":["adj"]},{"word":"defeatist","score":51287,"tags":["adj"]},{"word":"wishful","score":51286,"tags":["adj"]},{"word":"solipsistic","score":51285,"tags":["adj"]},{"word":"uncaring","score":51284,"tags":["adj"]},{"word":"pigheaded","score":51283,"tags":["adj"]},{"word":"reductionist","score":51282,"tags":["adj"]},{"word":"cockeyed","score":51281,"tags":["adj"]},{"word":"parochial","score":51280,"tags":["adj"]},{"word":"panglossian","score":51279,"tags":["adj"]},{"word":"manichean","score":51278,"tags":["adj"]},{"word":"disdainful","score":51277,"tags":["adj"]},{"word":"egotistic","score":51276,"tags":["adj"]},{"word":"hubristic","score":51275,"tags":["adj"]},{"word":"egoistical","score":51274,"tags":["adj"]},{"word":"statist","score":51273,"tags":["adj"]},{"word":"unprogressive","score":51272,"tags":["adj"]},{"word":"pollyannaish","score":51271,"tags":["adj","prop"]},{"word":"delusive","score":51270,"tags":["adj"]},{"word":"spineless","score":51269,"tags":["adj"]},{"word":"uncompassionate","score":51268,"tags":["adj"]},{"word":"uncharitable","score":51267,"tags":["adj"]},{"word":"pathetic","score":51266,"tags":["adj"]},{"word":"undiscerning","score":51265,"tags":["adj"]},{"word":"captious","score":51264,"tags":["adj"]},{"word":"exclusionist","score":51263,"tags":["adj"]},{"word":"deluded","score":51262,"tags":["adj"]},{"word":"uncritical","score":51261,"tags":["adj"]},{"word":"sanctimonious","score":51260,"tags":["adj"]},{"word":"unilateralist","score":51259,"tags":["adj"]},{"word":"enlightened","score":51258,"tags":["adj"]},{"word":"jejune","score":51257,"tags":["adj"]},{"word":"elitist","score":51256,"tags":["adj"]},{"word":"pusillanimous","score":51255,"tags":["adj"]},{"word":"infantile","score":51254,"tags":["adj"]},{"word":"nihilistic","score":51253,"tags":["adj"]},{"word":"isolationist","score":51252,"tags":["adj"]},{"word":"unserious","score":51251,"tags":["adj"]},{"word":"puerile","score":51250,"tags":["adj"]},{"word":"liberalist","score":51249,"tags":["adj"]},{"word":"obscurantist","score":51248,"tags":["adj"]},{"word":"jingoistic","score":51247,"tags":["adj"]},{"word":"childish","score":51246,"tags":["adj"]},{"word":"benighted","score":51245,"tags":["adj"]},{"word":"warped","score":51244,"tags":["adj"]},{"word":"apathetic","score":51243,"tags":["adj"]}]