[{"word":"skid","score":28476,"tags":["n"]},{"word":"prolonge","score":28380,"tags":["n"]},{"word":"skidding","score":28076,"tags":["v","n"]},{"word":"grapple","score":28044,"tags":["v"]},{"word":"crapnel","score":27980},{"word":"draw","score":11676,"tags":["v"]},{"word":"grapnel","score":11676,"tags":["n"]},{"word":"hooking","score":11676,"tags":["n"]},{"word":"hooks","score":11676,"tags":["n"]},{"word":"jook","score":11676,"tags":["n"]},{"word":"trammel","score":11676,"tags":["n","v"]},{"word":"tug","score":11676,"tags":["n"]},{"word":"tugging","score":11676,"tags":["v"]},{"word":"anchor","score":11550,"tags":["n"]},{"word":"float","score":11519,"tags":["n","v"]},{"word":"hake","score":11519,"tags":["n"]},{"word":"shanghai","score":11454,"tags":["n","prop"]},{"word":"anchoring","score":10613,"tags":["v","n"]},{"word":"arm","score":10613,"tags":["n"]},{"word":"atlatl","score":10613,"tags":["n"]},{"word":"bag","score":10613,"tags":["n"]},{"word":"barb","score":10613,"tags":["n"]},{"word":"beard","score":10613,"tags":["n"]},{"word":"bit","score":10613,"tags":["n"]},{"word":"bite","score":10613,"tags":["n","v"]},{"word":"boat hook","score":10613,"tags":["n"]},{"word":"bob","score":10613,"tags":["n","prop"]},{"word":"buttonhook","score":10613,"tags":["n"]},{"word":"cast","score":10613,"tags":["v","n"]},{"word":"casted","score":10613,"tags":["v","adj"]},{"word":"catch","score":10613,"tags":["v","n"]},{"word":"clip","score":10613,"tags":["n"]},{"word":"coping","score":10613,"tags":["n"]},{"word":"couple","score":10613,"tags":["n"]},{"word":"cross","score":10613,"tags":["n","adj","v"]},{"word":"dap","score":10613,"tags":["n","prop"]},{"word":"dof","score":10613,"tags":["n"]},{"word":"dog","score":10613,"tags":["n"]},{"word":"dogs","score":10613,"tags":["n"]},{"word":"entice","score":10613,"tags":["v"]},{"word":"eye","score":10613,"tags":["n"]},{"word":"fish","score":10613,"tags":["n"]},{"word":"gaff","score":10613,"tags":["n"]},{"word":"gig","score":10613,"tags":["n"]},{"word":"gooseneck","score":10613,"tags":["n"]},{"word":"hang","score":10613,"tags":["v"]},{"word":"hitch","score":10613,"tags":["n","v"]},{"word":"hitching","score":10613,"tags":["v"]},{"word":"iff","score":10613,"tags":["n"]},{"word":"jab","score":10613,"tags":["n","v"]},{"word":"jack","score":10613,"tags":["n","prop"]},{"word":"jaw","score":10613,"tags":["n"]},{"word":"join","score":10613,"tags":["v"]},{"word":"lanyard","score":10613,"tags":["n"]},{"word":"loop","score":10613,"tags":["n"]},{"word":"lunette","score":10613,"tags":["n"]},{"word":"lure","score":10613,"tags":["n","v"]},{"word":"mouse","score":10613,"tags":["n"]},{"word":"nail","score":10613,"tags":["n"]},{"word":"nuthook","score":10613},{"word":"off","score":10613,"tags":["adj","adv"]},{"word":"pff","score":10613,"tags":["n"]},{"word":"raise","score":10613,"tags":["v"]},{"word":"rest","score":10613,"tags":["n"]},{"word":"rise","score":10613,"tags":["n","v"]},{"word":"seize","score":10613,"tags":["v"]},{"word":"smap","score":10613,"tags":["n"]},{"word":"snap","score":10613,"tags":["n","v"]},{"word":"spoon","score":10613,"tags":["n"]},{"word":"squid","score":10613,"tags":["n"]},{"word":"stay","score":10613,"tags":["v"]},{"word":"staying","score":10613,"tags":["v"]},{"word":"stays","score":10613,"tags":["n"]},{"word":"stitch","score":10613,"tags":["n","v"]},{"word":"strike","score":10613,"tags":["n","v"]},{"word":"swag","score":10613,"tags":["n"]},{"word":"swing","score":10613,"tags":["n","v"]},{"word":"talon","score":10613,"tags":["n"]},{"word":"throw","score":10613,"tags":["v"]},{"word":"trace","score":10613,"tags":["n","v"]},{"word":"traces","score":10613,"tags":["n","v"]},{"word":"troll","score":10613,"tags":["n"]},{"word":"trot","score":10613,"tags":["n","v"]},{"word":"uncus","score":10613,"tags":["n"]},{"word":"unite","score":10613,"tags":["v"]},{"word":"yoke","score":10613,"tags":["n"]},{"word":"pullback","score":10548,"tags":["n"]},{"word":"topspin","score":10548,"tags":["n"]},{"word":"attract","score":10546,"tags":["v"]},{"word":"bricole","score":10546,"tags":["n"]},{"word":"bunt","score":10546,"tags":["n","v"]},{"word":"cart","score":10546,"tags":["n"]},{"word":"come","score":10546,"tags":["v"]},{"word":"convoy","score":10546,"tags":["n"]},{"word":"creep","score":10546,"tags":["n","v"]},{"word":"creeps","score":10546,"tags":["n"]},{"word":"damage","score":10546,"tags":["n"]},{"word":"dawdle","score":10546,"tags":["v"]},{"word":"delay","score":10546,"tags":["n","v"]},{"word":"dock","score":10546,"tags":["n"]}]