[{"word":"decay","score":87371,"tags":["syn","n","v"]},{"word":"annihilation","score":85923,"tags":["syn","n"]},{"word":"dissolution","score":85297,"tags":["syn","n"]},{"word":"radioactive decay","score":79184,"tags":["syn","n"]},{"word":"decomposition","score":77891,"tags":["syn","n"]},{"word":"disintegrating","score":69984,"tags":["n"]},{"word":"implosion","score":69685,"tags":["n"]},{"word":"breakup","score":69134,"tags":["n"]},{"word":"collapse","score":68906,"tags":["n"]},{"word":"demise","score":68380,"tags":["n"]},{"word":"breakdown","score":67520,"tags":["n"]},{"word":"unraveling","score":67289,"tags":["n"]},{"word":"destruction","score":67122,"tags":["n"]},{"word":"downfall","score":66846,"tags":["n"]},{"word":"deterioration","score":66236,"tags":["n"]},{"word":"degradation","score":66044,"tags":["n"]},{"word":"disunity","score":65889,"tags":["n"]},{"word":"fragmentation","score":65679,"tags":["n"]},{"word":"meltdown","score":65232,"tags":["n"]},{"word":"dislocation","score":64780,"tags":["n"]},{"word":"polarization","score":64533,"tags":["n"]},{"word":"rupture","score":64451,"tags":["n"]},{"word":"erosion","score":63550,"tags":["n"]},{"word":"separation","score":62833,"tags":["n"]},{"word":"disbandment","score":62567,"tags":["n"]},{"word":"disunion","score":62541,"tags":["n"]},{"word":"secession","score":62267,"tags":["n"]},{"word":"dismemberment","score":61980,"tags":["n"]},{"word":"dismantling","score":61967,"tags":["n"]},{"word":"dissension","score":61948,"tags":["n"]},{"word":"isolation","score":61777,"tags":["n"]},{"word":"dismantlement","score":61424,"tags":["n"]},{"word":"deconstruction","score":61213,"tags":["n"]},{"word":"disaggregation","score":60816,"tags":["n"]},{"word":"eruption","score":60483,"tags":["n"]},{"word":"disbanding","score":60151,"tags":["n"]},{"word":"separatism","score":59980,"tags":["n"]},{"word":"disruption","score":59884,"tags":["n"]},{"word":"fission","score":59705,"tags":["n"]},{"word":"shattering","score":59513,"tags":["n"]},{"word":"exclusion","score":59239,"tags":["n"]},{"word":"crash","score":59090,"tags":["n"]},{"word":"divorce","score":59032,"tags":["n"]},{"word":"spalling","score":59018,"tags":["n"]},{"word":"divide","score":58783,"tags":["n"]},{"word":"split","score":58760,"tags":["n"]},{"word":"splitting","score":58645,"tags":["adj"]},{"word":"blowout","score":58374,"tags":["n"]},{"word":"dismantled","score":58337,"tags":["adj"]},{"word":"dilution","score":58161,"tags":["n"]},{"word":"secessionist","score":58016,"tags":["n"]},{"word":"bursting","score":57956,"tags":["adj"]},{"word":"outbreak","score":57221,"tags":["n"]},{"word":"break","score":57202,"tags":["n"]},{"word":"burst","score":57097,"tags":["n"]},{"word":"fall","score":57090,"tags":["n"]},{"word":"smashing","score":56175,"tags":["n"]},{"word":"scrapping","score":56146,"tags":["n"]},{"word":"division","score":55310,"tags":["n"]},{"word":"crashed","score":54996,"tags":["v"]},{"word":"septic","score":52911,"tags":["adj"]},{"word":"break-up","score":51052,"tags":["n"]},{"word":"break-ups","score":51052,"tags":["n"]},{"word":"decoherence","score":51052,"tags":["n"]},{"word":"divisiveness","score":51052,"tags":["n"]},{"word":"splittist","score":51052,"tags":["n"]},{"word":"degeneration","score":51045,"tags":["n"]},{"word":"destabilization","score":51043,"tags":["n"]},{"word":"ruination","score":51041,"tags":["n"]},{"word":"obliteration","score":51035,"tags":["n"]},{"word":"instability","score":51033,"tags":["n"]},{"word":"impoverishment","score":51032,"tags":["n"]},{"word":"estrangement","score":51031,"tags":["n"]},{"word":"demoralization","score":51030,"tags":["n"]},{"word":"stagnation","score":51029,"tags":["n"]},{"word":"demoralisation","score":51028,"tags":["n"]},{"word":"degeneracy","score":51026,"tags":["n"]},{"word":"disarray","score":51024,"tags":["n"]},{"word":"alienation","score":51023,"tags":["n"]},{"word":"extinction","score":51022,"tags":["n"]},{"word":"coalescence","score":51021,"tags":["n"]},{"word":"anarchy","score":51019,"tags":["n"]},{"word":"splintering","score":51018,"tags":["n"]},{"word":"decimation","score":51016,"tags":["n"]},{"word":"debilitation","score":51015,"tags":["n"]},{"word":"cataclysm","score":51014,"tags":["n"]},{"word":"chaos","score":51013,"tags":["n"]},{"word":"sundering","score":51012,"tags":["n"]},{"word":"upheavals","score":51011,"tags":["n"]},{"word":"strife","score":51010,"tags":["n"]},{"word":"extirpation","score":51009,"tags":["n"]},{"word":"dysfunction","score":51008,"tags":["n"]},{"word":"ossification","score":51007,"tags":["n"]},{"word":"imploding","score":51006,"tags":["n"]},{"word":"caesarism","score":51005,"tags":["n"]},{"word":"dissipation","score":51004,"tags":["n"]},{"word":"marginalization","score":51003,"tags":["n"]},{"word":"schisms","score":51002,"tags":["n"]},{"word":"immiseration","score":51001,"tags":["n"]},{"word":"conflagration","score":51000,"tags":["n"]}]