[{"word":"adrenal cortical steroid","score":12395,"tags":["n"]},{"word":"adrenalin","score":12395,"tags":["n"]},{"word":"adrenaline","score":12395,"tags":["n"]},{"word":"aldosterone","score":12395,"tags":["n"]},{"word":"corticoid","score":12395,"tags":["n"]},{"word":"corticosteroid","score":12395,"tags":["n"]},{"word":"corticosterone","score":12395,"tags":["n"]},{"word":"epinephrin","score":12395,"tags":["n"]},{"word":"epinephrine","score":12395,"tags":["n"]},{"word":"glucocorticoid","score":12395,"tags":["n"]},{"word":"norepinephrine","score":12395,"tags":["n"]},{"word":"capsule","score":12353,"tags":["n"]},{"word":"neuroblastoma","score":12353,"tags":["n"]},{"word":"steroid","score":12353,"tags":["n"]},{"word":"phenylpropanolamine","score":12005,"tags":["n"]},{"word":"propranolol","score":12005,"tags":["n"]},{"word":"timolol","score":12005,"tags":["n"]},{"word":"albuterol","score":11984,"tags":["n"]},{"word":"beta blocker","score":11974,"tags":["n"]},{"word":"cerebrum","score":10455,"tags":["n"]},{"word":"forebrain","score":10455,"tags":["n"]},{"word":"adrenergic","score":10445,"tags":["adj"]},{"word":"cerebellum","score":10445,"tags":["n"]},{"word":"cortical","score":10445,"tags":["adj"]},{"word":"femur","score":10445,"tags":["n"]},{"word":"glandular","score":10445,"tags":["adj"]},{"word":"liver","score":10445,"tags":["n"]},{"word":"ovary","score":10445,"tags":["n"]},{"word":"pituitary","score":10445,"tags":["n","adj"]},{"word":"sebaceous","score":10445,"tags":["adj"]},{"word":"thymic","score":10445,"tags":["adj","n"]},{"word":"adrenal cortex","score":6733,"tags":["n"]},{"word":"adrenal gland","score":6733,"tags":["n"]},{"word":"adrenal medulla","score":6733,"tags":["n"]},{"word":"adrenocortical","score":6733,"tags":["adj"]},{"word":"suprarenal","score":6733,"tags":["adj","n"]},{"word":"suprarenal gland","score":6733,"tags":["n"]},{"word":"acth","score":6343,"tags":["n","prop"]},{"word":"adrenalectomy","score":6343,"tags":["n"]},{"word":"adrenarche","score":6343,"tags":["n"]},{"word":"adrenocorticosteroid","score":6343,"tags":["adj","n"]},{"word":"adrenocorticotrophic","score":6343,"tags":["adj"]},{"word":"adrenocorticotrophic hormone","score":6343,"tags":["n"]},{"word":"adrenocorticotrophin","score":6343,"tags":["n"]},{"word":"adrenocorticotropic","score":6343,"tags":["adj"]},{"word":"adrenocorticotropic hormone","score":6343,"tags":["n"]},{"word":"adrenocorticotropin","score":6343,"tags":["n"]},{"word":"adrenosterone","score":6343,"tags":["n"]},{"word":"androstenedione","score":6343,"tags":["n"]},{"word":"arteria renalis","score":6343,"tags":["n"]},{"word":"catecholamine","score":6343,"tags":["n"]},{"word":"cortef","score":6343,"tags":["n","prop"]},{"word":"cortex","score":6343,"tags":["n"]},{"word":"corticotrophin","score":6343,"tags":["n"]},{"word":"corticotropin","score":6343,"tags":["n"]},{"word":"cortisol","score":6343,"tags":["n"]},{"word":"cortisone","score":6343,"tags":["n"]},{"word":"cortone acetate","score":6343,"tags":["n"]},{"word":"dhea","score":6343,"tags":["n","prop"]},{"word":"endocrine gland","score":6343,"tags":["n"]},{"word":"gland","score":6343,"tags":["n"]},{"word":"glands","score":6343,"tags":["n"]},{"word":"hench","score":6343,"tags":["n","prop"]},{"word":"hydrocortisone","score":6343,"tags":["n"]},{"word":"hydrocortone","score":6343,"tags":["n"]},{"word":"hyperadrenalism","score":6343,"tags":["n"]},{"word":"hypoadrenalism","score":6343,"tags":["n"]},{"word":"hypoadrenocorticism","score":6343,"tags":["n"]},{"word":"hypokalemia","score":6343,"tags":["n"]},{"word":"kendall","score":6343,"tags":["n","prop"]},{"word":"masculinisation","score":6343,"tags":["n"]},{"word":"masculinization","score":6343,"tags":["n"]},{"word":"medulla","score":6343,"tags":["n"]},{"word":"mineralocorticoid","score":6343,"tags":["n"]},{"word":"noradrenaline","score":6343,"tags":["n"]},{"word":"phaeochromocytoma","score":6343,"tags":["n"]},{"word":"pheochromocytoma","score":6343,"tags":["n"]},{"word":"reichstein","score":6343,"tags":["n","prop"]},{"word":"ren","score":6343,"tags":["n","v"]},{"word":"renal artery","score":6343,"tags":["n"]},{"word":"suprarenalectomy","score":6343,"tags":["n"]},{"word":"tadeus reichstein","score":6343,"tags":["n","prop"]},{"word":"virilisation","score":6343,"tags":["n"]},{"word":"virilization","score":6343,"tags":["n"]},{"word":"waterhouse-friderichsen syndrome","score":6343,"tags":["n"]},{"word":"alpha-adrenergic blocker","score":5953,"tags":["n"]},{"word":"alpha-adrenergic blocking agent","score":5953,"tags":["n"]},{"word":"alpha-adrenergic receptor","score":5953,"tags":["n"]},{"word":"alpha-blocker","score":5953,"tags":["n"]},{"word":"alpha-receptor","score":5953},{"word":"alpha blocker","score":5953,"tags":["n"]},{"word":"antiadrenergic","score":5953,"tags":["adj"]},{"word":"beta-adrenergic blocker","score":5953,"tags":["n"]},{"word":"beta-adrenergic blocking agent","score":5953,"tags":["n"]},{"word":"beta-adrenergic receptor","score":5953,"tags":["n"]},{"word":"beta-receptor","score":5953},{"word":"corgard","score":5953,"tags":["n","prop"]},{"word":"endocrine","score":5953,"tags":["adj","n"]},{"word":"labetalol","score":5953,"tags":["n"]},{"word":"labetalol hydrochloride","score":5953,"tags":["n"]}]