[{"word":"egotism","score":89711,"tags":["syn","n"]},{"word":"self","score":82547,"tags":["syn","n","adj"]},{"word":"self-importance","score":70328,"tags":["syn","n"]},{"word":"vanity","score":67737,"tags":["n"]},{"word":"hubris","score":66792,"tags":["n"]},{"word":"conceit","score":62938,"tags":["n"]},{"word":"pride","score":62041,"tags":["n"]},{"word":"centrism","score":61425,"tags":["n"]},{"word":"esteem","score":60894,"tags":["n"]},{"word":"selfhood","score":60252,"tags":["n"]},{"word":"futurism","score":56274,"tags":["n"]},{"word":"echo","score":52709,"tags":["n"]},{"word":"bovarism","score":50944,"tags":["n"]},{"word":"self-esteem","score":50944,"tags":["n"]},{"word":"self-respect","score":50944,"tags":["n"]},{"word":"narcissism","score":50942,"tags":["n"]},{"word":"selfishness","score":50941,"tags":["n"]},{"word":"superego","score":50940,"tags":["n","adj"]},{"word":"personality","score":50938,"tags":["n"]},{"word":"egoism","score":50937,"tags":["n"]},{"word":"jealousy","score":50936,"tags":["n"]},{"word":"intellect","score":50935,"tags":["n"]},{"word":"arrogance","score":50934,"tags":["n"]},{"word":"psyche","score":50933,"tags":["n"]},{"word":"megalomania","score":50932,"tags":["n"]},{"word":"egoist","score":50931,"tags":["n"]},{"word":"ambition","score":50930,"tags":["n"]},{"word":"persona","score":50929,"tags":["n"]},{"word":"cockiness","score":50928,"tags":["n"]},{"word":"greed","score":50927,"tags":["n"]},{"word":"inferiority complex","score":50926,"tags":["n"]},{"word":"perfectionism","score":50925,"tags":["n"]},{"word":"soul","score":50924,"tags":["n"]},{"word":"willpower","score":50923,"tags":["n"]},{"word":"nonego","score":50922,"tags":["n","adv"]},{"word":"egophony","score":50921,"tags":["n"]},{"word":"egomania","score":50920,"tags":["n"]},{"word":"cocksureness","score":50918,"tags":["n"]},{"word":"amour propre","score":50917,"tags":["n"]},{"word":"insecurities","score":50916,"tags":["n"]},{"word":"machismo","score":50915,"tags":["n"]},{"word":"vainglory","score":50914,"tags":["n"]},{"word":"pomposity","score":50913,"tags":["n"]},{"word":"grandiosity","score":50912,"tags":["n"]},{"word":"bravado","score":50911,"tags":["n"]},{"word":"jackassery","score":50910,"tags":["n"]},{"word":"snippiness","score":50909,"tags":["n"]},{"word":"monomaniac","score":50908,"tags":["n"]},{"word":"suicism","score":50907,"tags":["n"]},{"word":"lust","score":50906,"tags":["n"]},{"word":"charisma","score":50905,"tags":["n"]},{"word":"dick","score":50904,"tags":["n","prop"]},{"word":"niceness","score":50903,"tags":["n"]},{"word":"egotists","score":50902,"tags":["n"]},{"word":"selfist","score":50901,"tags":["n"]},{"word":"humility","score":50900,"tags":["n"]},{"word":"neuroses","score":50899,"tags":["n"]},{"word":"egocentricity","score":50898,"tags":["n"]},{"word":"macho","score":50897,"tags":["n"]},{"word":"workaholism","score":50896,"tags":["n"]},{"word":"prima donna","score":50895,"tags":["n","prop"]},{"word":"haughtiness","score":50894,"tags":["n"]},{"word":"chutzpa","score":50893,"tags":["n"]},{"word":"contriteness","score":50892,"tags":["n"]},{"word":"idolization","score":50891,"tags":["n"]},{"word":"agreeability","score":50890,"tags":["n"]},{"word":"boastfulness","score":50889,"tags":["n"]},{"word":"narcissistic personality","score":50888,"tags":["n"]},{"word":"compulsiveness","score":50887,"tags":["n"]},{"word":"bigness","score":50886,"tags":["n"]},{"word":"philander","score":50885,"tags":["n","prop"]},{"word":"crabbiness","score":50884,"tags":["n"]},{"word":"braggadocio","score":50883,"tags":["n"]},{"word":"manhood","score":50882,"tags":["n"]},{"word":"egomaniac","score":50881,"tags":["n"]},{"word":"pretensions","score":50880,"tags":["n"]},{"word":"meanness","score":50879,"tags":["n"]},{"word":"genius","score":50878,"tags":["n"]},{"word":"gregariousness","score":50877,"tags":["n"]},{"word":"obsession","score":50876,"tags":["n"]},{"word":"dumbness","score":50875,"tags":["n"]},{"word":"superciliousness","score":50874,"tags":["n"]},{"word":"sulker","score":50873,"tags":["n"]},{"word":"animal magnetism","score":50872,"tags":["n"]},{"word":"mystique","score":50871,"tags":["n"]},{"word":"proudness","score":50870,"tags":["n"]},{"word":"tosspot","score":50869,"tags":["n"]},{"word":"vacuousness","score":50868,"tags":["n"]},{"word":"tude","score":50867,"tags":["n"]},{"word":"asshole","score":50866,"tags":["n"]},{"word":"pushiness","score":50865,"tags":["n"]},{"word":"unconscious mind","score":50864,"tags":["n"]},{"word":"prima donnas","score":50863,"tags":["n"]},{"word":"imperiousness","score":50862,"tags":["n"]},{"word":"pompousness","score":50861,"tags":["n"]},{"word":"pretentiousness","score":50860,"tags":["n"]},{"word":"prestige","score":50859,"tags":["n"]},{"word":"celebrity","score":50858,"tags":["n"]},{"word":"resentfulness","score":50857,"tags":["n"]},{"word":"ambitiousness","score":50856,"tags":["n"]}]