[{"word":"muscular","score":17304,"tags":["adj"]},{"word":"built","score":16304,"tags":["adj"]},{"word":"cut","score":16304,"tags":["v","n"]},{"word":"toned","score":16304,"tags":["adj"]},{"word":"biceps","score":15424,"tags":["n"]},{"word":"bivalve","score":15424,"tags":["adj","n"]},{"word":"knot","score":15424,"tags":["n"]},{"word":"anabolic steroid","score":15304,"tags":["n"]},{"word":"arytenoid","score":15304,"tags":["n"]},{"word":"bicipital","score":15304,"tags":["adj"]},{"word":"bimuscular","score":15304},{"word":"bis","score":15304,"tags":["n"]},{"word":"biventral","score":15304,"tags":["adj"]},{"word":"buff","score":15304,"tags":["n","adj"]},{"word":"bundle","score":15304,"tags":["n"]},{"word":"buttock","score":15304,"tags":["n"]},{"word":"cardiotonic","score":15304,"tags":["adj","n"]},{"word":"cerebellum","score":15304,"tags":["n"]},{"word":"circumflex","score":15304,"tags":["n"]},{"word":"cowl muscle","score":15304,"tags":["n"]},{"word":"crus","score":15304,"tags":["n"]},{"word":"diaphragm","score":15304,"tags":["n"]},{"word":"digastric","score":15304,"tags":["adj","n"]},{"word":"disdiaclast","score":15304},{"word":"facial","score":15304,"tags":["adj"]},{"word":"fibril","score":15304,"tags":["n"]},{"word":"firm","score":15304,"tags":["n","adj"]},{"word":"flex","score":15304,"tags":["v","n"]},{"word":"flexing","score":15304,"tags":["v","n"]},{"word":"flexor","score":15304,"tags":["n"]},{"word":"fourth cranial nerve","score":15304,"tags":["n"]},{"word":"fullness","score":15304,"tags":["n"]},{"word":"fulness","score":15304,"tags":["n"]},{"word":"gastrocnemius","score":15304,"tags":["n"]},{"word":"heteromyaria","score":15304},{"word":"high-protein diet","score":15304,"tags":["n"]},{"word":"hypertonia","score":15304,"tags":["n"]},{"word":"hypertrophy","score":15304,"tags":["n"]},{"word":"iliopsoas","score":15304,"tags":["n","adj"]},{"word":"interactive","score":15304,"tags":["adj"]},{"word":"isometric","score":15304,"tags":["adj","n"]},{"word":"isotonic","score":15304,"tags":["adj"]},{"word":"lid","score":15304,"tags":["n"]},{"word":"limber","score":15304,"tags":["adj","n","v"]},{"word":"musculus scalenus","score":15304,"tags":["n"]},{"word":"myofibril","score":15304,"tags":["n"]},{"word":"myosin","score":15304,"tags":["n"]},{"word":"nerve","score":15304,"tags":["n"]},{"word":"nerve compression","score":15304,"tags":["n"]},{"word":"nerves","score":15304,"tags":["n"]},{"word":"occipital","score":15304,"tags":["adj"]},{"word":"platysma","score":15304,"tags":["n"]},{"word":"plica","score":15304,"tags":["n"]},{"word":"plyometrics","score":15304,"tags":["n"]},{"word":"polymyositis","score":15304,"tags":["n"]},{"word":"prismatic","score":15304,"tags":["adj"]},{"word":"pulley","score":15304,"tags":["n"]},{"word":"rheumatism","score":15304,"tags":["n"]},{"word":"scalene muscle","score":15304,"tags":["n"]},{"word":"scalenus","score":15304,"tags":["n"]},{"word":"squat","score":15304,"tags":["adj","v"]},{"word":"squatting","score":15304,"tags":["n"]},{"word":"stiff","score":15304,"tags":["adj"]},{"word":"stimulus","score":15304,"tags":["n"]},{"word":"stria","score":15304,"tags":["n"]},{"word":"striation","score":15304,"tags":["n"]},{"word":"summation","score":15304,"tags":["n"]},{"word":"supinate","score":15304,"tags":["v"]},{"word":"swedish massage","score":15304,"tags":["n","prop"]},{"word":"synapse","score":15304,"tags":["n"]},{"word":"synergetic","score":15304,"tags":["adj"]},{"word":"tend","score":15304,"tags":["v"]},{"word":"tending","score":15304,"tags":["n"]},{"word":"tension","score":15304,"tags":["n"]},{"word":"tetany","score":15304,"tags":["n"]},{"word":"tonicity","score":15304,"tags":["n"]},{"word":"triceps","score":15304,"tags":["n"]},{"word":"troponin","score":15304,"tags":["n"]},{"word":"wryneck","score":15304,"tags":["n"]},{"word":"lithe","score":11424,"tags":["adj"]},{"word":"beat","score":11304,"tags":["v","n"]},{"word":"beats","score":11304,"tags":["n"]},{"word":"corrugation","score":11304,"tags":["n"]},{"word":"doping","score":11304,"tags":["n","v"]},{"word":"lean","score":11304,"tags":["adj","v"]},{"word":"naked","score":11304,"tags":["adj"]},{"word":"rangy","score":11304,"tags":["adj"]},{"word":"shapely","score":11304,"tags":["adj"]},{"word":"skinny","score":11304,"tags":["adj"]},{"word":"slim","score":11304,"tags":["adj"]},{"word":"muscle","score":11004,"tags":["n"]},{"word":"ectomorphic","score":10004,"tags":["adj"]},{"word":"hulk","score":10004,"tags":["n"]},{"word":"abs","score":5000,"tags":["n"]},{"word":"absorbers","score":5000,"tags":["n"]},{"word":"abutments","score":5000,"tags":["n"]},{"word":"ale","score":5000,"tags":["n"]},{"word":"beefy","score":5000,"tags":["adj"]},{"word":"beer","score":5000,"tags":["n"]},{"word":"boned","score":5000,"tags":["adj"]}]