[{"word":"hornet","score":17833,"tags":["n"]},{"word":"sting","score":17797,"tags":["n","v"]},{"word":"asp","score":17699,"tags":["n"]},{"word":"curare","score":17657,"tags":["n"]},{"word":"remove","score":17657,"tags":["v"]},{"word":"soda","score":17657,"tags":["n"]},{"word":"spectacle","score":17657,"tags":["n"]},{"word":"weed","score":17657,"tags":["n","v"]},{"word":"black","score":17637,"tags":["adj","n"]},{"word":"harbor","score":17637,"tags":["n"]},{"word":"rout","score":17637,"tags":["n"]},{"word":"specific","score":17637,"tags":["adj"]},{"word":"ale","score":17545,"tags":["n"]},{"word":"break","score":17545,"tags":["v","n"]},{"word":"channel","score":17545,"tags":["n"]},{"word":"channelling","score":17545,"tags":["v","n"]},{"word":"channels","score":17545,"tags":["n"]},{"word":"coffee","score":17545,"tags":["n"]},{"word":"dash","score":17545,"tags":["n","v"]},{"word":"duct","score":17545,"tags":["n"]},{"word":"egg","score":17545,"tags":["n"]},{"word":"eliminate","score":17545,"tags":["v"]},{"word":"eyes","score":17545,"tags":["n"]},{"word":"fish","score":17545,"tags":["n"]},{"word":"float","score":17545,"tags":["n","v"]},{"word":"gall","score":17545,"tags":["n"]},{"word":"galled","score":17545,"tags":["adj"]},{"word":"glass","score":17545,"tags":["n"]},{"word":"jar","score":17545,"tags":["n"]},{"word":"killed","score":17545,"tags":["v"]},{"word":"lens","score":17545,"tags":["n"]},{"word":"liver","score":17545,"tags":["n"]},{"word":"mangle","score":17545,"tags":["n","v"]},{"word":"murder","score":17545,"tags":["n"]},{"word":"napoleon","score":17545,"tags":["n","prop"]},{"word":"pan","score":17545,"tags":["n"]},{"word":"pie","score":17545,"tags":["n"]},{"word":"poke","score":17545,"tags":["v","n"]},{"word":"raise","score":17545,"tags":["v"]},{"word":"rubber","score":17545,"tags":["n"]},{"word":"scallop","score":17545,"tags":["n"]},{"word":"shake","score":17545,"tags":["v","n"]},{"word":"shakes","score":17545,"tags":["v"]},{"word":"shaking","score":17545,"tags":["n","adj"]},{"word":"skim","score":17545,"tags":["n","v"]},{"word":"skimmed","score":17545,"tags":["adj"]},{"word":"slip","score":17545,"tags":["n","v"]},{"word":"slipped","score":17545,"tags":["v"]},{"word":"slipping","score":17545,"tags":["adj"]},{"word":"slips","score":17545,"tags":["n","v"]},{"word":"soft","score":17545,"tags":["adj"]},{"word":"soup","score":17545,"tags":["n"]},{"word":"split","score":17545,"tags":["v","n"]},{"word":"sss","score":17545,"tags":["n"]},{"word":"top","score":17545,"tags":["n","adj"]},{"word":"urine","score":17545,"tags":["n"]},{"word":"darting","score":9830,"tags":["v"]},{"word":"darts","score":9830,"tags":["n"]},{"word":"bee","score":9805,"tags":["n"]},{"word":"salt","score":9805,"tags":["n"]},{"word":"dart","score":9718,"tags":["n","v"]},{"word":"nettle","score":9718,"tags":["n"]},{"word":"barb","score":9713,"tags":["n"]},{"word":"iodine","score":9713,"tags":["n"]},{"word":"venomous","score":9690,"tags":["adj"]},{"word":"envenomation","score":9662,"tags":["n"]},{"word":"cleared","score":9655,"tags":["adj"]},{"word":"banana split","score":9634,"tags":["n"]},{"word":"cheesecake","score":9634,"tags":["n"]},{"word":"hemlock","score":9634,"tags":["n"]},{"word":"pit","score":9634,"tags":["n"]},{"word":"pitting","score":9634,"tags":["n"]},{"word":"por","score":9634},{"word":"potted","score":9634,"tags":["adj"]},{"word":"removing","score":9634,"tags":["v"]},{"word":"scone","score":9634,"tags":["n"]},{"word":"soda cracker","score":9634,"tags":["n"]},{"word":"vuze","score":9634},{"word":"white-pot","score":9634},{"word":"modality","score":9632,"tags":["n"]},{"word":"cocktail","score":9615,"tags":["n"]},{"word":"assortment","score":9609,"tags":["n"]},{"word":"away","score":9609,"tags":["adv"]},{"word":"axminster","score":9609,"tags":["n","prop"]},{"word":"barndoor","score":9609,"tags":["n"]},{"word":"beefsteak","score":9609,"tags":["n"]},{"word":"camera","score":9609,"tags":["n"]},{"word":"cannel coal","score":9609,"tags":["n"]},{"word":"carbonade","score":9609,"tags":["n","v"]},{"word":"carbonado","score":9609,"tags":["n"]},{"word":"carbuncle","score":9609,"tags":["n"]},{"word":"certain","score":9609,"tags":["adj"]},{"word":"chevrotain","score":9609,"tags":["n"]},{"word":"chisel","score":9609,"tags":["n"]},{"word":"chiselled","score":9609,"tags":["v","adj"]},{"word":"clean","score":9609,"tags":["adj","v"]},{"word":"clean-cut","score":9609,"tags":["adj"]},{"word":"cleaned","score":9609,"tags":["adj"]},{"word":"clear-cut","score":9609,"tags":["adj"]},{"word":"cordite","score":9609,"tags":["n"]}]