[{"word":"ace","score":28158,"tags":["n"]},{"word":"automatic","score":11758,"tags":["adj","n"]},{"word":"can","score":11758,"tags":["n","v"]},{"word":"dead","score":11758,"tags":["adj"]},{"word":"deliver","score":11758,"tags":["v"]},{"word":"ice","score":11758,"tags":["n"]},{"word":"insure","score":11758,"tags":["v"]},{"word":"look","score":11758,"tags":["v","n"]},{"word":"mak","score":11758,"tags":["n"]},{"word":"make","score":11758,"tags":["v"]},{"word":"monitor","score":11758,"tags":["n","v"]},{"word":"positive","score":11758,"tags":["adj"]},{"word":"safe","score":11758,"tags":["adj"]},{"word":"set","score":11758,"tags":["v","n"]},{"word":"slow","score":11758,"tags":["adj"]},{"word":"turf","score":11758,"tags":["n"]},{"word":"will","score":11758,"tags":["n"]},{"word":"medium","score":11694,"tags":["n"]},{"word":"incase","score":11599,"tags":["v"]},{"word":"achieve","score":10733,"tags":["v"]},{"word":"agreed","score":10733,"tags":["adj"]},{"word":"alert","score":10733,"tags":["adj","n","v"]},{"word":"appetite","score":10733,"tags":["n"]},{"word":"ascertain","score":10733,"tags":["v"]},{"word":"ascertained","score":10733,"tags":["adj"]},{"word":"assecure","score":10733},{"word":"assure","score":10733,"tags":["v"]},{"word":"assured","score":10733,"tags":["adj"]},{"word":"authentication","score":10733,"tags":["n"]},{"word":"bet","score":10733,"tags":["v","n"]},{"word":"betcha","score":10733,"tags":["v"]},{"word":"bets","score":10733,"tags":["n"]},{"word":"betting","score":10733,"tags":["adj"]},{"word":"bid","score":10733,"tags":["n","v"]},{"word":"bound","score":10733,"tags":["v","adj"]},{"word":"breed","score":10733,"tags":["n","v"]},{"word":"brt","score":10733,"tags":["n","prop"]},{"word":"caution","score":10733,"tags":["n"]},{"word":"certain","score":10733,"tags":["adj"]},{"word":"certainly","score":10733,"tags":["adv"]},{"word":"check","score":10733,"tags":["v","n"]},{"word":"checking","score":10733,"tags":["v","n"]},{"word":"checks","score":10733,"tags":["n"]},{"word":"cheese","score":10733,"tags":["n"]},{"word":"cinch","score":10733,"tags":["n"]},{"word":"clear","score":10733,"tags":["adj"]},{"word":"cleared","score":10733,"tags":["adj"]},{"word":"clearly","score":10733,"tags":["adv"]},{"word":"cloud","score":10733,"tags":["n"]},{"word":"cold","score":10733,"tags":["adj","n"]},{"word":"come","score":10733,"tags":["v"]},{"word":"confirm","score":10733,"tags":["v"]},{"word":"confirmed","score":10733,"tags":["adj"]},{"word":"confirming","score":10733,"tags":["adj"]},{"word":"convince","score":10733,"tags":["v"]},{"word":"convinced","score":10733,"tags":["adj"]},{"word":"course","score":10733,"tags":["n"]},{"word":"customs","score":10733,"tags":["n"]},{"word":"deadeye","score":10733,"tags":["n"]},{"word":"depend","score":10733,"tags":["v"]},{"word":"determine","score":10733,"tags":["v"]},{"word":"die","score":10733,"tags":["v","n"]},{"word":"doomed","score":10733,"tags":["n","adj"]},{"word":"double-check","score":10733,"tags":["v"]},{"word":"easy","score":10733,"tags":["adj"]},{"word":"effect","score":10733,"tags":["n"]},{"word":"ensure","score":10733,"tags":["v"]},{"word":"ensured","score":10733,"tags":["v"]},{"word":"ensuring","score":10733,"tags":["v"]},{"word":"establish","score":10733,"tags":["v"]},{"word":"everything","score":10733,"tags":["n"]},{"word":"fic","score":10733,"tags":["n"]},{"word":"fix","score":10733,"tags":["v","n"]},{"word":"flies","score":10733,"tags":["n"]},{"word":"fly","score":10733,"tags":["v","n"]},{"word":"follow","score":10733,"tags":["v"]},{"word":"fool","score":10733,"tags":["n"]},{"word":"guarantee","score":10733,"tags":["n","v"]},{"word":"guaranteed","score":10733,"tags":["adj"]},{"word":"guaranteeing","score":10733,"tags":["v"]},{"word":"guild","score":10733,"tags":["n"]},{"word":"hella","score":10733,"tags":["n","prop"]},{"word":"kook","score":10733,"tags":["n"]},{"word":"looks","score":10733,"tags":["v"]},{"word":"maintain","score":10733,"tags":["v"]},{"word":"never","score":10733,"tags":["adv"]},{"word":"oversee","score":10733,"tags":["v"]},{"word":"parking","score":10733,"tags":["n"]},{"word":"plant","score":10733,"tags":["n"]},{"word":"pretty","score":10733,"tags":["adv","adj"]},{"word":"promise","score":10733,"tags":["n","v"]},{"word":"provide","score":10733,"tags":["v"]},{"word":"question","score":10733,"tags":["n"]},{"word":"reassure","score":10733,"tags":["v"]},{"word":"reassured","score":10733,"tags":["adj"]},{"word":"reassuring","score":10733,"tags":["adj"]},{"word":"safeguard","score":10733,"tags":["v","n"]},{"word":"safeguarded","score":10733,"tags":["v"]},{"word":"say","score":10733,"tags":["v"]},{"word":"secure","score":10733,"tags":["v","adj"]}]