[{"word":"dicephalous","score":51046,"tags":["syn"]},{"word":"bicapitate","score":50640,"tags":["syn"]},{"word":"dual","score":50246,"tags":["syn","adj"]},{"word":"amphisbaena","score":30246,"tags":["n"]},{"word":"rivet","score":30246,"tags":["n"]},{"word":"diplocephalus","score":29900},{"word":"bhangra","score":29840,"tags":["n"]},{"word":"derodidymus","score":29840},{"word":"tambourin","score":29840,"tags":["n"]},{"word":"axe","score":13846,"tags":["n"]},{"word":"balance","score":13846,"tags":["n"]},{"word":"balancing","score":13846,"tags":["n"]},{"word":"bass drum","score":13846,"tags":["n"]},{"word":"for","score":13846},{"word":"gnu","score":13846,"tags":["n"]},{"word":"hammerhead","score":13846,"tags":["n"]},{"word":"hard","score":13846,"tags":["adj"]},{"word":"head","score":13846,"tags":["n"]},{"word":"heads","score":13846,"tags":["n"]},{"word":"hydra","score":13846,"tags":["n"]},{"word":"iron","score":13846,"tags":["n"]},{"word":"ironed","score":13846,"tags":["adj"]},{"word":"irons","score":13846,"tags":["n"]},{"word":"quarrel","score":13846,"tags":["n","v"]},{"word":"set","score":13846,"tags":["v","n"]},{"word":"side drum","score":13846,"tags":["n"]},{"word":"snare","score":13846,"tags":["n"]},{"word":"snare drum","score":13846,"tags":["n"]},{"word":"square","score":13846,"tags":["n","adj"]},{"word":"stool","score":13846,"tags":["n"]},{"word":"tack","score":13846,"tags":["n"]},{"word":"tied","score":13846,"tags":["adj"]},{"word":"upping","score":13846,"tags":["v"]},{"word":"ups","score":13846,"tags":["n"]},{"word":"xylophone","score":13846,"tags":["n"]},{"word":"copperhead","score":13785,"tags":["n"]},{"word":"bolt","score":13605,"tags":["n"]},{"word":"bound","score":13605,"tags":["v","adj"]},{"word":"break","score":13605,"tags":["v","n"]},{"word":"harpy","score":13605,"tags":["n"]},{"word":"maccabees","score":13605,"tags":["n"]},{"word":"redshank","score":13605,"tags":["n"]},{"word":"loggerhead","score":13544,"tags":["n"]},{"word":"hold","score":13500,"tags":["v","n"]},{"word":"pib","score":13500,"tags":["n","prop"]},{"word":"pim","score":13500,"tags":["n","prop"]},{"word":"pin","score":13500,"tags":["n","v"]},{"word":"pinning","score":13500,"tags":["n"]},{"word":"scylla","score":13500,"tags":["n"]},{"word":"stud","score":13500,"tags":["n"]},{"word":"age","score":13259,"tags":["n"]},{"word":"allen","score":13259,"tags":["n","prop"]},{"word":"barge","score":13259,"tags":["n"]},{"word":"chimera","score":13259,"tags":["n"]},{"word":"column","score":13259,"tags":["n"]},{"word":"confuse","score":13259,"tags":["v"]},{"word":"eagle","score":13259,"tags":["n"]},{"word":"from","score":13259},{"word":"goldeneye","score":13259,"tags":["n"]},{"word":"jigger","score":13259,"tags":["n"]},{"word":"league","score":13259,"tags":["n"]},{"word":"level","score":13259,"tags":["n"]},{"word":"mallet","score":13259,"tags":["n"]},{"word":"octet","score":13259,"tags":["n"]},{"word":"old","score":13259,"tags":["adj"]},{"word":"rational","score":13259,"tags":["adj"]},{"word":"red","score":13259,"tags":["adj","n"]},{"word":"round","score":13259,"tags":["adj","n","adv"]},{"word":"rounds","score":13259,"tags":["n"]},{"word":"rove","score":13259,"tags":["v"]},{"word":"sucker","score":13259,"tags":["n"]},{"word":"swivel","score":13259,"tags":["n"]},{"word":"will","score":13259,"tags":["n"]},{"word":"hyphen","score":13199,"tags":["n"]},{"word":"maul","score":13199,"tags":["n","v"]},{"word":"medusa","score":13199,"tags":["n"]},{"word":"state","score":13199,"tags":["n"]},{"word":"bison","score":12725,"tags":["n"]},{"word":"brachycephalic","score":12725,"tags":["adj"]},{"word":"brad","score":12725,"tags":["n"]},{"word":"calm","score":12725,"tags":["adj","v","n"]},{"word":"chancery","score":12725,"tags":["n"]},{"word":"chow","score":12725,"tags":["n"]},{"word":"dolichocephalic","score":12725,"tags":["adj"]},{"word":"fore","score":12725,"tags":["n"]},{"word":"mallard","score":12725,"tags":["n"]},{"word":"monarchy","score":12725,"tags":["n"]},{"word":"pine","score":12725,"tags":["n"]},{"word":"pochard","score":12725,"tags":["n"]},{"word":"quadriceps","score":12725,"tags":["n"]},{"word":"retreated","score":12725,"tags":["n"]},{"word":"screw","score":12725,"tags":["n"]},{"word":"sculpin","score":12725,"tags":["n"]},{"word":"tow","score":12725,"tags":["n","v"]},{"word":"triceps","score":12725,"tags":["n"]},{"word":"triple-headed","score":12725},{"word":"fathead","score":12484,"tags":["n"]},{"word":"gonna","score":12484,"tags":["v","n","adj"]},{"word":"hammer","score":12484,"tags":["n"]},{"word":"hammered","score":12484,"tags":["adj"]}]