[{"word":"eliminating","score":45076,"tags":["v","n"]},{"word":"removing","score":44198,"tags":["v","n"]},{"word":"reduction","score":43557,"tags":["n"]},{"word":"elimination","score":42604,"tags":["n"]},{"word":"dismantling","score":41998,"tags":["n"]},{"word":"drawdown","score":40907,"tags":["n"]},{"word":"deleting","score":39892,"tags":["v"]},{"word":"stepping","score":39787,"tags":["v"]},{"word":"eradicating","score":39359,"tags":["v"]},{"word":"timetable","score":38434,"tags":["n"]},{"word":"prohibition","score":38418,"tags":["n"]},{"word":"distribution","score":38339,"tags":["n"]},{"word":"eradication","score":38080,"tags":["n"]},{"word":"eradicate","score":38048,"tags":["v"]},{"word":"sequencing","score":38023,"tags":["n","v"]},{"word":"disposal","score":37558,"tags":["n"]},{"word":"schedule","score":37099,"tags":["n"]},{"word":"gradation","score":37044,"tags":["n"]},{"word":"scheduling","score":36305,"tags":["n"]},{"word":"spread","score":35733,"tags":["v","n"]},{"word":"progressive","score":35585,"tags":["adj"]},{"word":"calendar","score":35405,"tags":["n"]},{"word":"nucleosome","score":35003,"tags":["n","adj"]},{"word":"sprawl","score":34650,"tags":["n"]},{"word":"timing","score":34639,"tags":["n"]},{"word":"averaging","score":33977,"tags":["v"]},{"word":"staging","score":32249,"tags":["n"]},{"word":"staggering","score":31639,"tags":["adj"]},{"word":"stage","score":31549,"tags":["n"]},{"word":"decommissioning","score":31232,"tags":["n","v"]},{"word":"phase-in","score":31232},{"word":"step-by-step","score":31232,"tags":["adj"]},{"word":"phaseout","score":31231,"tags":["n"]},{"word":"scrapping","score":31230,"tags":["n"]},{"word":"discontinuing","score":31229,"tags":["n"]},{"word":"abolishing","score":31228,"tags":["n"]},{"word":"introducing","score":31227,"tags":["n","v"]},{"word":"transitioning","score":31226,"tags":["n"]},{"word":"switching","score":31224,"tags":["n"]},{"word":"shifting","score":31223,"tags":["n"]},{"word":"exempting","score":31222,"tags":["n"]},{"word":"reinstating","score":31221,"tags":["n"]},{"word":"sunsetting","score":31220,"tags":["n"]},{"word":"handing","score":31219,"tags":["n"]},{"word":"cutting","score":31218,"tags":["n"]},{"word":"pulling","score":31217,"tags":["n"]},{"word":"rolling","score":31216,"tags":["n"]},{"word":"standardizing","score":31215,"tags":["n"]},{"word":"revising","score":31213,"tags":["n"]},{"word":"reintroduction","score":31212,"tags":["n"]},{"word":"branching","score":31211,"tags":["n"]},{"word":"implementing","score":31210,"tags":["n"]},{"word":"withdrawing","score":31209,"tags":["n"]},{"word":"weaning","score":31208,"tags":["n"]},{"word":"instituting","score":31207,"tags":["n"]},{"word":"doling","score":31206,"tags":["n"]},{"word":"banning","score":31205,"tags":["n"]},{"word":"suspending","score":31204,"tags":["n"]},{"word":"trimming","score":31203,"tags":["n"]},{"word":"reintroduce","score":31202,"tags":["n"]},{"word":"rollout","score":31201,"tags":["n"]},{"word":"abolition","score":31200,"tags":["n"]},{"word":"shutting","score":31198,"tags":["n"]},{"word":"replacing","score":31197,"tags":["n","v"]},{"word":"mandating","score":31196,"tags":["n"]},{"word":"divesting","score":31195,"tags":["n"]},{"word":"axing","score":31194,"tags":["n"]},{"word":"ironed","score":31193,"tags":["n"]},{"word":"outlawing","score":31192,"tags":["n"]},{"word":"ditching","score":31191,"tags":["n"]},{"word":"reducing","score":31190,"tags":["n","v"]},{"word":"introduction","score":31189,"tags":["n"]},{"word":"subsidizing","score":31188,"tags":["n"]},{"word":"revamping","score":31187,"tags":["n"]},{"word":"streamlining","score":31186,"tags":["n"]},{"word":"reclassification","score":31185,"tags":["n"]},{"word":"gradual","score":31184,"tags":["n","adj"]},{"word":"deferring","score":31183,"tags":["n"]},{"word":"laying","score":31182,"tags":["n"]},{"word":"hollowing","score":31181,"tags":["n"]},{"word":"retrofitting","score":31180,"tags":["n"]},{"word":"dropping","score":31179,"tags":["n"]},{"word":"deregulating","score":31178,"tags":["n"]},{"word":"turning","score":31176,"tags":["n"]},{"word":"diversifying","score":31175,"tags":["n"]},{"word":"divestiture","score":31174,"tags":["n"]},{"word":"fleshing","score":31173,"tags":["n"]},{"word":"rethinking","score":31172,"tags":["n"]},{"word":"prorating","score":31171,"tags":["n"]},{"word":"abandoning","score":31170,"tags":["n"]},{"word":"redeployment","score":31169,"tags":["n"]},{"word":"decommission","score":31168,"tags":["n"]},{"word":"evat","score":31167,"tags":["n","prop"]},{"word":"putting","score":31166,"tags":["n"]},{"word":"modernizing","score":31165,"tags":["n"]},{"word":"incorporating","score":31164,"tags":["n"]},{"word":"expanding","score":31163,"tags":["n"]},{"word":"levying","score":31162,"tags":["n"]},{"word":"smoothing","score":31161,"tags":["n"]},{"word":"wiping","score":31160,"tags":["n"]}]