[{"word":"bulbs","score":37068,"tags":["n"]},{"word":"guts","score":37034,"tags":["n"]},{"word":"switches","score":32447,"tags":["n"]},{"word":"ragamuffins","score":31243,"tags":["n"]},{"word":"tads","score":31243,"tags":["n"]},{"word":"beggars","score":31242,"tags":["n"]},{"word":"creatures","score":31241,"tags":["n"]},{"word":"fishies","score":31240,"tags":["n"]},{"word":"mermen","score":31239,"tags":["n"]},{"word":"winkles","score":31238,"tags":["n"]},{"word":"squids","score":31237,"tags":["n"]},{"word":"crustaceans","score":31236,"tags":["n"]},{"word":"waifs","score":31235,"tags":["n"]},{"word":"scavengers","score":31234,"tags":["n"]},{"word":"hoodlums","score":31233,"tags":["n"]},{"word":"louts","score":31232,"tags":["n"]},{"word":"scamps","score":31231,"tags":["n"]},{"word":"lanternfish","score":31230,"tags":["n"]},{"word":"periwinkles","score":31229,"tags":["n"]},{"word":"wrasses","score":31228,"tags":["n"]},{"word":"gastropods","score":31227,"tags":["n"]},{"word":"washerwomen","score":31226,"tags":["n"]},{"word":"ruffians","score":31225,"tags":["n"]},{"word":"anemones","score":31224,"tags":["n"]},{"word":"minxes","score":31223,"tags":["n"]},{"word":"sandworm","score":31222,"tags":["n"]},{"word":"tunicates","score":31221,"tags":["n"]},{"word":"tramps","score":31220,"tags":["n"]},{"word":"crabs","score":31219,"tags":["n"]},{"word":"eiders","score":31218,"tags":["n"]},{"word":"nudibranchs","score":31217,"tags":["n"]},{"word":"rascals","score":31216,"tags":["n"]},{"word":"mudfish","score":31215,"tags":["n"]},{"word":"hellions","score":31214,"tags":["n"]},{"word":"cowries","score":31213,"tags":["n"]},{"word":"mollusks","score":31212,"tags":["n"]},{"word":"vagabonds","score":31211,"tags":["n"]},{"word":"surgeonfish","score":31210,"tags":["n"]},{"word":"piscine","score":31209,"tags":["n"]},{"word":"barracudas","score":31208,"tags":["n"]},{"word":"maws","score":31207,"tags":["n"]},{"word":"molluscs","score":31206,"tags":["n"]},{"word":"seagulls","score":31205,"tags":["n"]},{"word":"whelps","score":31204,"tags":["n"]},{"word":"hobos","score":31203,"tags":["n"]},{"word":"woodlice","score":31202,"tags":["n"]},{"word":"bounders","score":31201,"tags":["n"]},{"word":"moray eel","score":31200,"tags":["n","prop"]},{"word":"invertebrates","score":31199,"tags":["n"]},{"word":"annelids","score":31198,"tags":["n"]},{"word":"rapscallions","score":31197,"tags":["n"]},{"word":"street urchin","score":31196,"tags":["n"]},{"word":"barnacle goose","score":31195,"tags":["n"]},{"word":"derelicts","score":31194,"tags":["n"]},{"word":"damselfish","score":31193,"tags":["n"]},{"word":"snails","score":31192,"tags":["n"]},{"word":"clams","score":31191,"tags":["n"]},{"word":"starfish","score":31190,"tags":["n","adj"]},{"word":"ruffe","score":31189,"tags":["n"]},{"word":"seahorses","score":31188,"tags":["n"]},{"word":"critters","score":31187,"tags":["n"]},{"word":"otters","score":31186,"tags":["n"]},{"word":"pipsqueaks","score":31185,"tags":["n"]},{"word":"auks","score":31184,"tags":["n"]},{"word":"puffballs","score":31183,"tags":["n"]},{"word":"blenny","score":31182,"tags":["n"]},{"word":"drunkards","score":31181,"tags":["n"]},{"word":"cods","score":31180,"tags":["n"]},{"word":"crustacea","score":31179,"tags":["n"]},{"word":"trouts","score":31178,"tags":["n"]},{"word":"titi","score":31177,"tags":["n","prop"]},{"word":"silversides","score":31176,"tags":["n"]},{"word":"lasses","score":31175,"tags":["n"]},{"word":"drongos","score":31174,"tags":["n"]},{"word":"vagrant","score":31173,"tags":["n"]},{"word":"garibaldi","score":31172,"tags":["n","prop"]},{"word":"squealers","score":31171,"tags":["n"]},{"word":"outlanders","score":31170,"tags":["n"]},{"word":"tadpoles","score":31169,"tags":["n"]},{"word":"kingfishers","score":31168,"tags":["n"]},{"word":"terrapins","score":31167,"tags":["n"]},{"word":"whelks","score":31166,"tags":["n"]},{"word":"sculpins","score":31165,"tags":["n"]},{"word":"tykes","score":31164,"tags":["n"]},{"word":"limpets","score":31163,"tags":["n"]},{"word":"fulmars","score":31162,"tags":["n"]},{"word":"rustics","score":31161,"tags":["n"]},{"word":"fiddler crab","score":31160,"tags":["n"]},{"word":"crones","score":31159,"tags":["n"]},{"word":"pigmy","score":31158,"tags":["n"]},{"word":"merman","score":31157,"tags":["n"]},{"word":"zombielike","score":31156,"tags":["n"]},{"word":"bluebottles","score":31155,"tags":["n"]},{"word":"foragers","score":31154,"tags":["n"]},{"word":"rotters","score":31153,"tags":["n"]},{"word":"moray","score":31152,"tags":["n","prop"]},{"word":"finny","score":31151,"tags":["n","prop"]},{"word":"changelings","score":31150,"tags":["n"]},{"word":"scruffs","score":31149,"tags":["n"]},{"word":"frogspawn","score":31148,"tags":["n"]}]