[{"word":"fungus kingdom","score":74990,"tags":["syn","n"]},{"word":"kingdom fungi","score":74990,"tags":["syn","n"]},{"word":"fungal","score":74714,"tags":["adj"]},{"word":"yeast","score":67978,"tags":["n","adj"]},{"word":"mushrooms","score":67661,"tags":["n"]},{"word":"mushroom","score":66659,"tags":["n"]},{"word":"pathogenic","score":66237,"tags":["adj","n"]},{"word":"shrooms","score":62105,"tags":["n"]},{"word":"parasitic","score":61721,"tags":["adj","n"]},{"word":"molds","score":61500,"tags":["n"]},{"word":"brooke","score":54820,"tags":["n","prop"]},{"word":"imperfect","score":53822,"tags":["adj","n"]},{"word":"moulds","score":53161,"tags":["n"]},{"word":"keratinophilic","score":50893,"tags":["adj"]},{"word":"zoosporic","score":50893,"tags":["n","adj"]},{"word":"microorganisms","score":50892,"tags":["n"]},{"word":"insects","score":50891,"tags":["n"]},{"word":"true fungus","score":50890,"tags":["n"]},{"word":"nematodes","score":50889,"tags":["n"]},{"word":"microbes","score":50888,"tags":["n"]},{"word":"lichens","score":50887,"tags":["n"]},{"word":"bacteria","score":50886,"tags":["n","adj"]},{"word":"false truffle","score":50885,"tags":["n"]},{"word":"organisms","score":50884,"tags":["n"]},{"word":"nidulariaceae","score":50883,"tags":["n","prop"]},{"word":"rhizopogonaceae","score":50882,"tags":["n"]},{"word":"mycelia","score":50881,"tags":["n"]},{"word":"nidulariales","score":50880,"tags":["n"]},{"word":"mites","score":50879,"tags":["n"]},{"word":"bracket fungus","score":50878,"tags":["n"]},{"word":"club fungus","score":50877,"tags":["n"]},{"word":"mycorrhiza","score":50876,"tags":["n"]},{"word":"mosses","score":50875,"tags":["n"]},{"word":"oomycetes","score":50874,"tags":["n"]},{"word":"lichenes","score":50873,"tags":["n"]},{"word":"armillaria","score":50872,"tags":["n","prop"]},{"word":"hymenophore","score":50871,"tags":["n"]},{"word":"beetles","score":50870,"tags":["n"]},{"word":"gasteromycete","score":50869,"tags":["n"]},{"word":"epiphytes","score":50868,"tags":["n"]},{"word":"sclerodermatales","score":50867,"tags":["n"]},{"word":"coral fungus","score":50866,"tags":["n"]},{"word":"xanthomonas","score":50865,"tags":["n"]},{"word":"webworms","score":50864,"tags":["n"]},{"word":"juglone","score":50863,"tags":["n"]},{"word":"parmeliaceae","score":50862,"tags":["n","prop"]},{"word":"roseum","score":50861,"tags":["n"]},{"word":"liverwort","score":50860,"tags":["n"]},{"word":"hyphae","score":50859,"tags":["n"]},{"word":"pathogen","score":50858,"tags":["n"]},{"word":"arthropods","score":50857,"tags":["n"]},{"word":"wasps","score":50856,"tags":["n"]},{"word":"jelly fungus","score":50855,"tags":["n"]},{"word":"lycoperdales","score":50854,"tags":["n"]},{"word":"fungin","score":50853,"tags":["n"]},{"word":"aphids","score":50852,"tags":["n"]},{"word":"bryophytes","score":50851,"tags":["n"]},{"word":"springtails","score":50850,"tags":["n"]},{"word":"alkaloids","score":50849,"tags":["n"]},{"word":"bread mold","score":50848,"tags":["n"]},{"word":"leafminer","score":50847,"tags":["n"]},{"word":"peronosporales","score":50846,"tags":["n"]},{"word":"penicillium","score":50845,"tags":["n"]},{"word":"tremellales","score":50844,"tags":["n"]},{"word":"fungus order","score":50843,"tags":["n"]},{"word":"mycophagous","score":50842,"tags":["n"]},{"word":"spores","score":50841,"tags":["n"]},{"word":"eurotiales","score":50840,"tags":["n"]},{"word":"opuntia","score":50839,"tags":["n"]},{"word":"terpenes","score":50838,"tags":["n"]},{"word":"fungology","score":50837,"tags":["n"]},{"word":"euascomycetes","score":50836,"tags":["n"]},{"word":"protozoans","score":50835,"tags":["n"]},{"word":"collembola","score":50834,"tags":["n","prop"]},{"word":"leafhoppers","score":50833,"tags":["n"]},{"word":"parthenium","score":50832,"tags":["n"]},{"word":"uredinales","score":50831,"tags":["n"]},{"word":"pests","score":50830,"tags":["n"]},{"word":"mildews","score":50829,"tags":["n"]},{"word":"mycobacteria","score":50828,"tags":["n"]},{"word":"alga","score":50827,"tags":["n"]},{"word":"aecidium","score":50826,"tags":["n"]},{"word":"sawflies","score":50825,"tags":["n"]},{"word":"whiteflies","score":50824,"tags":["n"]},{"word":"caterpillars","score":50823,"tags":["n"]},{"word":"spermatium","score":50822,"tags":["n"]},{"word":"sphagnum","score":50821,"tags":["n"]},{"word":"brain mushroom","score":50820,"tags":["n"]},{"word":"pythiaceae","score":50819,"tags":["n","prop"]},{"word":"ciliates","score":50818,"tags":["n"]},{"word":"water mold","score":50817,"tags":["n"]},{"word":"henbit","score":50816,"tags":["n"]},{"word":"earthworms","score":50815,"tags":["n"]},{"word":"borers","score":50814,"tags":["n"]},{"word":"bryozoan","score":50813,"tags":["n"]},{"word":"moniliales","score":50812,"tags":["n"]},{"word":"tansy","score":50811,"tags":["n"]},{"word":"yeasts","score":50810,"tags":["n"]},{"word":"peronosporaceae","score":50809,"tags":["n","prop"]},{"word":"protophyte","score":50808,"tags":["n"]}]