[{"word":"equation","score":41078,"tags":["n"]},{"word":"ein","score":39576,"tags":["n","prop"]},{"word":"eon","score":39576,"tags":["n"]},{"word":"off","score":36776,"tags":["adj","adv"]},{"word":"cycle","score":35976,"tags":["n"]},{"word":"period","score":35976,"tags":["n"]},{"word":"iff","score":35576,"tags":["n"]},{"word":"journey","score":35576,"tags":["n"]},{"word":"lag","score":35576,"tags":["n"]},{"word":"pff","score":35576,"tags":["n"]},{"word":"revolution","score":35576,"tags":["n"]},{"word":"wormhole","score":35466,"tags":["n"]},{"word":"wave","score":35176,"tags":["n"]},{"word":"spatiotemporal","score":30976,"tags":["adj"]},{"word":"close","score":30576,"tags":["adv","adj"]},{"word":"far","score":29376,"tags":["adv"]},{"word":"furthest","score":29376,"tags":["adj","adv"]},{"word":"interval","score":29376,"tags":["n"]},{"word":"farthest","score":28976,"tags":["adj","adv"]},{"word":"distant","score":28576,"tags":["adj"]},{"word":"further","score":28576,"tags":["adj","adv"]},{"word":"occupy","score":28576,"tags":["v"]},{"word":"away","score":28176,"tags":["adv"]},{"word":"between","score":28176,"tags":["adv"]},{"word":"deep","score":28176,"tags":["adj"]},{"word":"extend","score":28176,"tags":["v"]},{"word":"farther","score":28176,"tags":["adv"]},{"word":"first","score":28176,"tags":["adj","adv"]},{"word":"length","score":28176,"tags":["n"]},{"word":"proximate","score":28176,"tags":["adj"]},{"word":"continuous","score":27776,"tags":["adj"]},{"word":"infinite","score":27776,"tags":["adj"]},{"word":"near","score":27776,"tags":["v","adj","adv"]},{"word":"span","score":27776,"tags":["n"]},{"word":"impenetrability","score":27678,"tags":["n"]},{"word":"relativity","score":27666,"tags":["n"]},{"word":"cosmic","score":27376,"tags":["adj"]},{"word":"cosmology","score":27376,"tags":["n"]},{"word":"event","score":27376,"tags":["n"]},{"word":"fsr","score":27376,"tags":["n"]},{"word":"immediate","score":27376,"tags":["adj"]},{"word":"measure","score":27376,"tags":["n","v"]},{"word":"proximity","score":27376,"tags":["n"]},{"word":"second","score":27376,"tags":["adj","n"]},{"word":"spread","score":27376,"tags":["v","n"]},{"word":"stay","score":27376,"tags":["v"]},{"word":"vacation","score":27376,"tags":["n"]},{"word":"continue","score":27363,"tags":["v"]},{"word":"countdown","score":27278,"tags":["n"]},{"word":"coextend","score":27266},{"word":"approach","score":26976,"tags":["n"]},{"word":"beyond","score":26976,"tags":["adv"]},{"word":"continuity","score":26976,"tags":["n"]},{"word":"extended","score":26976,"tags":["adj"]},{"word":"for","score":26976},{"word":"from","score":26976},{"word":"furthering","score":26976,"tags":["v"]},{"word":"gap","score":26976,"tags":["n"]},{"word":"infinity","score":26976,"tags":["n"]},{"word":"instant","score":26976,"tags":["n","adj"]},{"word":"intermediate","score":26976,"tags":["adj"]},{"word":"into","score":26976},{"word":"just","score":26976,"tags":["adv"]},{"word":"middle","score":26976,"tags":["n","adj"]},{"word":"session","score":26976,"tags":["n"]},{"word":"space-time","score":26976,"tags":["n"]},{"word":"spanning","score":26976,"tags":["v"]},{"word":"term","score":26976,"tags":["n"]},{"word":"this","score":26976},{"word":"throw","score":26976,"tags":["v"]},{"word":"vacationing","score":26976,"tags":["n"]},{"word":"continuing","score":26963,"tags":["adj"]},{"word":"far-off","score":26963,"tags":["adj"]},{"word":"spacetime","score":26963,"tags":["n"]},{"word":"furthermost","score":26878,"tags":["adj"]},{"word":"hard","score":26878,"tags":["adj"]},{"word":"onward","score":26878,"tags":["adv"]},{"word":"prolongation","score":26878,"tags":["n"]},{"word":"protract","score":26878,"tags":["v"]},{"word":"superstring","score":26866,"tags":["n"]},{"word":"ultimate","score":26866,"tags":["adj"]},{"word":"beginning","score":26576,"tags":["n"]},{"word":"carry","score":26576,"tags":["v"]},{"word":"coextensive","score":26576,"tags":["adj"]},{"word":"coincide","score":26576,"tags":["v"]},{"word":"contiguous","score":26576,"tags":["adj"]},{"word":"course","score":26576,"tags":["n"]},{"word":"cover","score":26576,"tags":["v","n"]},{"word":"dau","score":26576,"tags":["n"]},{"word":"day","score":26576,"tags":["n"]},{"word":"during","score":26576},{"word":"fast","score":26576,"tags":["adv","adj","n"]},{"word":"frome","score":26576,"tags":["n","prop"]},{"word":"gapped","score":26576,"tags":["adj","v"]},{"word":"grom","score":26576,"tags":["n"]},{"word":"gsp","score":26576,"tags":["n","prop"]},{"word":"hiatus","score":26576,"tags":["n"]},{"word":"impenetrable","score":26576,"tags":["adj"]},{"word":"inch","score":26576,"tags":["n"]},{"word":"intermission","score":26576,"tags":["n"]}]