[{"word":"nemean lion","score":24996,"tags":["n","prop"]},{"word":"lionhood","score":24995,"tags":["n"]},{"word":"lionhearted","score":24994,"tags":["n","prop"]},{"word":"lion","score":24993,"tags":["n"]},{"word":"lionship","score":24992,"tags":["n"]},{"word":"lionly","score":24991,"tags":["n"]},{"word":"custrel","score":24990,"tags":["n"]},{"word":"crusader","score":24989,"tags":["n"]},{"word":"warrior","score":24988,"tags":["n"]},{"word":"king","score":24987,"tags":["n"]},{"word":"valiant","score":24986,"tags":["n"]},{"word":"hieracosphinx","score":24985,"tags":["n"]},{"word":"superregal","score":24984,"tags":["n"]},{"word":"knight banneret","score":24983,"tags":["n"]},{"word":"crare","score":24982,"tags":["n"]},{"word":"regious","score":24981,"tags":["n"]},{"word":"knight","score":24980,"tags":["n"]},{"word":"valorousness","score":24979,"tags":["n"]},{"word":"knight bachelor","score":24978,"tags":["n"]},{"word":"heroicness","score":24977,"tags":["n"]},{"word":"prince","score":24976,"tags":["n"]},{"word":"coistril","score":24975,"tags":["n"]},{"word":"male aristocrat","score":24974,"tags":["n"]},{"word":"knightless","score":24973,"tags":["n"]},{"word":"dragon","score":24972,"tags":["n"]},{"word":"lioness","score":24971,"tags":["n"]},{"word":"tiglon","score":24970,"tags":["n"]},{"word":"kingling","score":24969,"tags":["n"]},{"word":"earthdrake","score":24968,"tags":["n"]},{"word":"invalorous","score":24967,"tags":["n"]},{"word":"conqueror","score":24966,"tags":["n"]},{"word":"queen regnant","score":24965,"tags":["n"]},{"word":"knight service","score":24964,"tags":["n"]},{"word":"royalet","score":24963,"tags":["n"]},{"word":"chesspiece","score":24962,"tags":["n"]},{"word":"bloodwite","score":24961,"tags":["n"]},{"word":"henry vii","score":24960,"tags":["n","prop"]},{"word":"goliath","score":24959,"tags":["n"]},{"word":"princekin","score":24958,"tags":["n"]},{"word":"paladin","score":24957,"tags":["n"]},{"word":"antrustion","score":24956,"tags":["n"]},{"word":"impavid","score":24955,"tags":["n"]},{"word":"hero","score":24954,"tags":["n"]},{"word":"barbarian","score":24953,"tags":["n"]},{"word":"lancelot","score":24952,"tags":["n","prop"]},{"word":"regal","score":24951,"tags":["n"]},{"word":"aslan","score":24950,"tags":["n","prop"]},{"word":"grand duchess","score":24949,"tags":["n","prop"]},{"word":"tiger","score":24948,"tags":["n"]},{"word":"hercules beetle","score":24947,"tags":["n"]},{"word":"samurai","score":24946,"tags":["n"]},{"word":"gallantness","score":24945,"tags":["n"]},{"word":"kingdomed","score":24944,"tags":["n"]},{"word":"thegn","score":24943,"tags":["n"]},{"word":"queen dowager","score":24942,"tags":["n"]},{"word":"chess game","score":24941,"tags":["n"]},{"word":"trojan war","score":24940,"tags":["n","prop"]},{"word":"arthurian legend","score":24939,"tags":["n","prop"]},{"word":"basilicon","score":24938,"tags":["n"]},{"word":"golden fleece","score":24937,"tags":["n","prop"]},{"word":"bucentaur","score":24936,"tags":["n"]},{"word":"princess","score":24935,"tags":["n"]},{"word":"royal","score":24934,"tags":["n","prop"]},{"word":"kinghood","score":24933,"tags":["n"]},{"word":"bear cat","score":24932,"tags":["n"]},{"word":"sea rover","score":24931,"tags":["n"]},{"word":"take heart","score":24930,"tags":["n"]},{"word":"nobley","score":24929,"tags":["n"]},{"word":"cadmean","score":24928,"tags":["n","prop"]},{"word":"spadassin","score":24927,"tags":["n"]},{"word":"wolf","score":24926,"tags":["n"]},{"word":"cat bear","score":24925,"tags":["n"]},{"word":"prince consort","score":24924,"tags":["n"]},{"word":"typhoean","score":24923,"tags":["n"]},{"word":"queen consort","score":24922,"tags":["n"]},{"word":"princesslike","score":24921,"tags":["n"]},{"word":"viking","score":24920,"tags":["n","prop"]},{"word":"guinevere","score":24919,"tags":["n","prop"]},{"word":"therianthrope","score":24918,"tags":["n"]},{"word":"lion cub","score":24917,"tags":["n"]},{"word":"tigrine","score":24916,"tags":["n"]},{"word":"male person","score":24915,"tags":["n"]},{"word":"sword","score":24914,"tags":["n"]},{"word":"wessex","score":24913,"tags":["n","prop"]},{"word":"battailant","score":24912,"tags":["n"]},{"word":"conquerer","score":24911,"tags":["n"]},{"word":"swashbuckler","score":24910,"tags":["n"]},{"word":"demiwolf","score":24909,"tags":["n"]},{"word":"protector","score":24908,"tags":["n"]},{"word":"embrave","score":24907,"tags":["n"]},{"word":"fiants","score":24906,"tags":["n"]},{"word":"bravery","score":24905,"tags":["n"]},{"word":"chivalrousness","score":24904,"tags":["n"]},{"word":"throne","score":24903,"tags":["n"]},{"word":"wyvern","score":24902,"tags":["n"]},{"word":"saladin","score":24901,"tags":["n","prop"]},{"word":"gallant","score":24900,"tags":["n"]},{"word":"plantagenet","score":24899,"tags":["n","prop"]},{"word":"queen","score":24898,"tags":["n"]},{"word":"royalize","score":24897,"tags":["n"]}]