[{"word":"upchuck","score":88731,"tags":["syn","v"]},{"word":"caterpillar","score":88608,"tags":["syn","n"]},{"word":"guy","score":87269,"tags":["syn","n"]},{"word":"sick","score":85195,"tags":["syn","adj"]},{"word":"retch","score":84959,"tags":["syn","n"]},{"word":"puke","score":84840,"tags":["syn","n"]},{"word":"honk","score":84670,"tags":["syn","n"]},{"word":"vomit","score":84422,"tags":["syn","n"]},{"word":"barf","score":84007,"tags":["syn","v"]},{"word":"hombre","score":83798,"tags":["syn","n"]},{"word":"computed axial tomography","score":83410,"tags":["syn","n"]},{"word":"computerized axial tomography","score":82562,"tags":["syn","n"]},{"word":"regurgitate","score":82169,"tags":["syn","v"]},{"word":"chuck","score":81733,"tags":["syn","n"]},{"word":"cast","score":80140,"tags":["syn","n"]},{"word":"spew","score":79390,"tags":["syn","v"]},{"word":"computed tomography","score":79317,"tags":["syn","n"]},{"word":"be sick","score":78402,"tags":["syn","v"]},{"word":"big cat","score":78402,"tags":["syn","n"]},{"word":"regorge","score":78402,"tags":["syn","v"]},{"word":"spue","score":78402,"tags":["syn","v"]},{"word":"throw up","score":78402,"tags":["syn","v"]},{"word":"true cat","score":78402,"tags":["syn","n"]},{"word":"vomit up","score":78402,"tags":["syn","v"]},{"word":"ct","score":78401,"tags":["syn","n"]},{"word":"disgorge","score":78401,"tags":["syn","v"]},{"word":"felines","score":78401,"tags":["n"]},{"word":"kittens","score":76252,"tags":["n"]},{"word":"animals","score":75379,"tags":["n"]},{"word":"dog","score":72893,"tags":["n"]},{"word":"kitty","score":65382,"tags":["n"]},{"word":"lambs","score":62654,"tags":["n"]},{"word":"dudes","score":57375,"tags":["n"]},{"word":"guys","score":56467,"tags":["n"]},{"word":"musicians","score":56416,"tags":["n"]},{"word":"things","score":56390,"tags":["n"]},{"word":"cords","score":55700,"tags":["n"]},{"word":"jacks","score":54149,"tags":["n"]},{"word":"ropes","score":51987,"tags":["n"]},{"word":"strings","score":51668,"tags":["n"]},{"word":"margays","score":50911,"tags":["n"]},{"word":"chat","score":50910,"tags":["n"]},{"word":"chats","score":50910,"tags":["n"]},{"word":"fortunes","score":50910,"tags":["n"]},{"word":"pets","score":50909,"tags":["n"]},{"word":"dogs","score":50907,"tags":["n"]},{"word":"puppies","score":50905,"tags":["n"]},{"word":"kitties","score":50904,"tags":["n"]},{"word":"rabbits","score":50903,"tags":["n"]},{"word":"housecats","score":50902,"tags":["n"]},{"word":"canines","score":50901,"tags":["n"]},{"word":"raccoons","score":50900,"tags":["n"]},{"word":"tabbies","score":50899,"tags":["n"]},{"word":"pups","score":50898,"tags":["n"]},{"word":"parakeets","score":50897,"tags":["n"]},{"word":"skunks","score":50896,"tags":["n"]},{"word":"poodles","score":50895,"tags":["n"]},{"word":"beagle","score":50894,"tags":["n"]},{"word":"rodents","score":50893,"tags":["n"]},{"word":"ferrets","score":50892,"tags":["n"]},{"word":"calico cat","score":50891,"tags":["n"]},{"word":"chinchillas","score":50890,"tags":["n"]},{"word":"bassets","score":50889,"tags":["n"]},{"word":"dachshunds","score":50888,"tags":["n"]},{"word":"critters","score":50887,"tags":["n"]},{"word":"akitas","score":50886,"tags":["n"]},{"word":"cockatiel","score":50885,"tags":["n"]},{"word":"collies","score":50884,"tags":["n"]},{"word":"coyotes","score":50883,"tags":["n"]},{"word":"kennel","score":50882,"tags":["n"]},{"word":"greyhounds","score":50881,"tags":["n"]},{"word":"pooch","score":50880,"tags":["n"]},{"word":"housecat","score":50879,"tags":["n"]},{"word":"sheltie","score":50878,"tags":["n"]},{"word":"boston terrier","score":50877,"tags":["n","prop"]},{"word":"opossums","score":50876,"tags":["n"]},{"word":"mutts","score":50875,"tags":["n"]},{"word":"squirrels","score":50874,"tags":["n"]},{"word":"foxes","score":50873,"tags":["n"]},{"word":"pugs","score":50872,"tags":["n"]},{"word":"chihuahua","score":50871,"tags":["n","prop"]},{"word":"golden retriever","score":50870,"tags":["n","prop"]},{"word":"brittany spaniel","score":50869,"tags":["n","prop"]},{"word":"dalmatians","score":50868,"tags":["n"]},{"word":"humane society","score":50867,"tags":["n"]},{"word":"puggle","score":50866,"tags":["n"]},{"word":"cocker spaniel","score":50865,"tags":["n"]},{"word":"miniature poodle","score":50864,"tags":["n"]},{"word":"schipperke","score":50863,"tags":["n"]},{"word":"birds","score":50862,"tags":["n"]},{"word":"cockapoo","score":50861,"tags":["n"]},{"word":"tigers","score":50860,"tags":["n"]},{"word":"snakes","score":50859,"tags":["n"]},{"word":"spaniels","score":50858,"tags":["n"]},{"word":"yorkie","score":50857,"tags":["n"]},{"word":"hens","score":50856,"tags":["n"]},{"word":"doggies","score":50855,"tags":["n"]},{"word":"pekinese","score":50854,"tags":["n"]},{"word":"bullmastiff","score":50853,"tags":["n"]},{"word":"pomeranian","score":50852,"tags":["n","prop"]}]