[{"word":"relativistic","score":33824,"tags":["adj"]},{"word":"augmentation","score":18424,"tags":["n"]},{"word":"expansion","score":18424,"tags":["n"]},{"word":"diastole","score":17424,"tags":["n"]},{"word":"headache","score":17424,"tags":["n"]},{"word":"transition","score":17424,"tags":["n"]},{"word":"automatism","score":17304,"tags":["n"]},{"word":"dilatation","score":17304,"tags":["n"]},{"word":"enlargement","score":17064,"tags":["n"]},{"word":"aneurysm","score":16304,"tags":["n"]},{"word":"bradykinin","score":16304,"tags":["n"]},{"word":"cephalalgia","score":16304,"tags":["n"]},{"word":"diastasis","score":16304,"tags":["n"]},{"word":"head ache","score":16304,"tags":["n"]},{"word":"heart","score":16304,"tags":["n"]},{"word":"hemorrhoids","score":16304,"tags":["n"]},{"word":"laminaria","score":16304,"tags":["n"]},{"word":"rosacea","score":16304,"tags":["n"]},{"word":"systole","score":16304,"tags":["n"]},{"word":"ventricular aneurysm","score":16304,"tags":["n"]},{"word":"anaphylaxis","score":16064,"tags":["n"]},{"word":"emphysema","score":16064,"tags":["n"]},{"word":"plethora","score":16064,"tags":["n"]},{"word":"coefficient","score":15424,"tags":["n"]},{"word":"cycle","score":15424,"tags":["n"]},{"word":"dawn","score":15424,"tags":["n"]},{"word":"embolism","score":15424,"tags":["n"]},{"word":"extension","score":15424,"tags":["n"]},{"word":"growing","score":15424,"tags":["n","adj"]},{"word":"see","score":15424,"tags":["v"]},{"word":"spread","score":15424,"tags":["v","n"]},{"word":"spreading","score":15424,"tags":["n","adj"]},{"word":"twitch","score":15424,"tags":["n","v"]},{"word":"twitching","score":15424,"tags":["n"]},{"word":"leptospirosis","score":15364,"tags":["n"]},{"word":"anti-imperialism","score":15304},{"word":"armilla","score":15304,"tags":["n"]},{"word":"closed universe","score":15304,"tags":["n"]},{"word":"cut-off","score":15304},{"word":"expanse","score":15304,"tags":["n"]},{"word":"hubble constant","score":15304,"tags":["n"]},{"word":"hydrocephalus","score":15304,"tags":["n"]},{"word":"increase","score":15304,"tags":["n","v"]},{"word":"increment","score":15304,"tags":["n"]},{"word":"incrementally","score":15304,"tags":["adv"]},{"word":"inflation","score":15304,"tags":["n"]},{"word":"involution","score":15304,"tags":["n"]},{"word":"laughter","score":15304,"tags":["n"]},{"word":"loom","score":15304,"tags":["n","v"]},{"word":"promote","score":15304,"tags":["v"]},{"word":"pseudobulb","score":15304,"tags":["n"]},{"word":"subside","score":15304,"tags":["v"]},{"word":"subsiding","score":15304,"tags":["n","adj"]},{"word":"urge incontinence","score":15304,"tags":["n"]},{"word":"hyperaemia","score":11304,"tags":["n"]},{"word":"pupil","score":11304,"tags":["n"]},{"word":"relaxation","score":11304,"tags":["n"]},{"word":"angiotelectasia","score":11004,"tags":["n"]},{"word":"brandy nose","score":11004,"tags":["n"]},{"word":"bulb","score":11004,"tags":["n"]},{"word":"copper nose","score":11004,"tags":["n"]},{"word":"hammer nose","score":11004,"tags":["n"]},{"word":"hypertrophic rosacea","score":11004,"tags":["n"]},{"word":"potato nose","score":11004,"tags":["n"]},{"word":"rhinophyma","score":11004,"tags":["n"]},{"word":"rum-blossom","score":11004,"tags":["n"]},{"word":"rum nose","score":11004,"tags":["n"]},{"word":"vasodilatation","score":11004,"tags":["n"]},{"word":"vasodilation","score":11004,"tags":["n"]},{"word":"air cell","score":10004,"tags":["n"]},{"word":"air sac","score":10004,"tags":["n"]},{"word":"alveolus","score":10004,"tags":["n"]},{"word":"aneurism","score":10004,"tags":["n"]},{"word":"atropine","score":10004,"tags":["n"]},{"word":"baroreceptor","score":10004,"tags":["n"]},{"word":"bronchiectasis","score":10004,"tags":["n"]},{"word":"d and c","score":10004,"tags":["n"]},{"word":"dilatant","score":10004,"tags":["n","adj"]},{"word":"dilative","score":10004,"tags":["adj"]},{"word":"dilator","score":10004,"tags":["n"]},{"word":"duboisine","score":10004},{"word":"erythema","score":10004,"tags":["n"]},{"word":"eyedrop","score":10004,"tags":["n"]},{"word":"kinin","score":10004,"tags":["n"]},{"word":"mydriasis","score":10004,"tags":["n"]},{"word":"spider angioma","score":10004,"tags":["n"]},{"word":"spider nevus","score":10004,"tags":["n"]},{"word":"telangiectasia","score":10004,"tags":["n"]},{"word":"telangiectasis","score":10004,"tags":["n"]},{"word":"vascular spider","score":10004,"tags":["n"]},{"word":"vasoactive","score":10004,"tags":["adj"]},{"word":"vasodilative","score":10004,"tags":["n"]},{"word":"vasodilator","score":10004,"tags":["n"]},{"word":"vasomotor","score":10004,"tags":["adj"]},{"word":"vibrate","score":10004,"tags":["v"]},{"word":"vibrating","score":10004,"tags":["adj"]},{"word":"cervix","score":5000,"tags":["n"]},{"word":"compression","score":5000,"tags":["n"]},{"word":"constriction","score":5000,"tags":["n"]},{"word":"dilatations","score":5000,"tags":["n"]}]