[{"word":"beacon","score":90034,"tags":["syn","n"]},{"word":"balefire","score":51094,"tags":["syn","n"]},{"word":"bale","score":50694,"tags":["syn","n"]},{"word":"bonfire","score":30694,"tags":["n"]},{"word":"fired","score":30694,"tags":["adj"]},{"word":"alight","score":14294,"tags":["v"]},{"word":"burning","score":14294,"tags":["n"]},{"word":"cresset","score":14294,"tags":["n"]},{"word":"firing","score":14294,"tags":["n"]},{"word":"flare","score":14294,"tags":["n","v"]},{"word":"lamp","score":14294,"tags":["n"]},{"word":"light","score":14294,"tags":["n","adj"]},{"word":"fires","score":14253,"tags":["n"]},{"word":"beam","score":13273,"tags":["n"]},{"word":"flag","score":13273,"tags":["n"]},{"word":"headlight","score":13273,"tags":["n"]},{"word":"indicator","score":13273,"tags":["n"]},{"word":"lantern","score":13273,"tags":["n"]},{"word":"lighthouse","score":13273,"tags":["n"]},{"word":"lightning","score":13273,"tags":["n"]},{"word":"lightship","score":13273,"tags":["n"]},{"word":"perch","score":13273,"tags":["n"]},{"word":"perched","score":13273,"tags":["adj"]},{"word":"perching","score":13273,"tags":["v"]},{"word":"pharos","score":13273,"tags":["n"]},{"word":"ray","score":13273,"tags":["n"]},{"word":"shaft","score":13273,"tags":["n"]},{"word":"symbol","score":13273,"tags":["n"]},{"word":"headlamp","score":13232,"tags":["n"]},{"word":"ablaze","score":12374,"tags":["adj"]},{"word":"activated","score":12374,"tags":["adj"]},{"word":"aflame","score":12374,"tags":["adj"]},{"word":"aim","score":12374,"tags":["n","v"]},{"word":"alarm","score":12374,"tags":["n"]},{"word":"alighting","score":12374,"tags":["v"]},{"word":"ammo","score":12374,"tags":["n"]},{"word":"animate","score":12374,"tags":["v"]},{"word":"ant","score":12374,"tags":["n"]},{"word":"ardor","score":12374,"tags":["n"]},{"word":"area","score":12374,"tags":["n"]},{"word":"artillery","score":12374,"tags":["n"]},{"word":"ash","score":12374,"tags":["n"]},{"word":"ashes","score":12374,"tags":["n"]},{"word":"aut","score":12374},{"word":"automatic","score":12374,"tags":["adj","n"]},{"word":"back-fire","score":12374},{"word":"backfire","score":12374,"tags":["v","n"]},{"word":"badge","score":12374,"tags":["n"]},{"word":"balaklava","score":12374,"tags":["n","prop"]},{"word":"ball","score":12374,"tags":["n"]},{"word":"barbecue","score":12374,"tags":["n"]},{"word":"batter","score":12374,"tags":["n"]},{"word":"bazooka","score":12374,"tags":["n"]},{"word":"bellows","score":12374,"tags":["n"]},{"word":"bismuth","score":12374,"tags":["n"]},{"word":"blaze","score":12374,"tags":["n","v"]},{"word":"blazed","score":12374,"tags":["v"]},{"word":"blazing","score":12374,"tags":["adj"]},{"word":"blowpipe","score":12374,"tags":["n"]},{"word":"brand","score":12374,"tags":["n"]},{"word":"branded","score":12374,"tags":["adj"]},{"word":"branding","score":12374,"tags":["n"]},{"word":"brian","score":12374,"tags":["n","prop"]},{"word":"bridge","score":12374,"tags":["n"]},{"word":"bridged","score":12374,"tags":["v"]},{"word":"bridging","score":12374,"tags":["v","n"]},{"word":"burn","score":12374,"tags":["v","n"]},{"word":"burner","score":12374,"tags":["n"]},{"word":"burst","score":12374,"tags":["v","n"]},{"word":"butt","score":12374,"tags":["n"]},{"word":"butted","score":12374,"tags":["v"]},{"word":"campfire","score":12374,"tags":["n"]},{"word":"candle","score":12374,"tags":["n"]},{"word":"cannon","score":12374,"tags":["n"]},{"word":"catch","score":12374,"tags":["v","n"]},{"word":"cease-fire","score":12374,"tags":["n"]},{"word":"charge","score":12374,"tags":["n"]},{"word":"charged","score":12374,"tags":["adj"]},{"word":"charging","score":12374,"tags":["v"]},{"word":"chimney","score":12374,"tags":["n"]},{"word":"cinder","score":12374,"tags":["n"]},{"word":"coal","score":12374,"tags":["n"]},{"word":"cockle","score":12374,"tags":["n"]},{"word":"combustion","score":12374,"tags":["n"]},{"word":"consume","score":12374,"tags":["v"]},{"word":"crackle","score":12374,"tags":["n","v"]},{"word":"crane","score":12374,"tags":["n"]},{"word":"curfew","score":12374,"tags":["n"]},{"word":"damp","score":12374,"tags":["adj"]},{"word":"damped","score":12374,"tags":["v","adj"]},{"word":"damping","score":12374,"tags":["n","v"]},{"word":"dash","score":12374,"tags":["n","v"]},{"word":"dashed","score":12374,"tags":["adj"]},{"word":"dead","score":12374,"tags":["adj"]},{"word":"defilading","score":12374,"tags":["v","n"]},{"word":"derive","score":12374,"tags":["v"]},{"word":"devil","score":12374,"tags":["n"]},{"word":"discharge","score":12374,"tags":["n","v"]},{"word":"discharged","score":12374,"tags":["adj"]},{"word":"discharging","score":12374,"tags":["v"]}]