[{"word":"shell","score":79611,"tags":["syn","n"]},{"word":"crust","score":65135,"tags":["n"]},{"word":"armour","score":53538,"tags":["n"]},{"word":"bivalved","score":51242,"tags":["adj","v"]},{"word":"plastron","score":51241,"tags":["n"]},{"word":"pectoral fin","score":51240,"tags":["n"]},{"word":"scutes","score":51239,"tags":["n"]},{"word":"beak","score":51238,"tags":["n"]},{"word":"radula","score":51237,"tags":["n"]},{"word":"musk turtle","score":51236,"tags":["n"]},{"word":"brachiopod","score":51235,"tags":["n"]},{"word":"trilobite","score":51234,"tags":["n"]},{"word":"calipash","score":51233,"tags":["n"]},{"word":"mandibles","score":51232,"tags":["n"]},{"word":"tragus","score":51231,"tags":["n"]},{"word":"palps","score":51230,"tags":["n"]},{"word":"dorsal fin","score":51229,"tags":["n"]},{"word":"calipee","score":51228,"tags":["n"]},{"word":"tubercles","score":51227,"tags":["n"]},{"word":"molts","score":51226,"tags":["n"]},{"word":"mouthparts","score":51225,"tags":["n"]},{"word":"pelvic fin","score":51224,"tags":["n"]},{"word":"insectivore","score":51223,"tags":["n"]},{"word":"condyle","score":51222,"tags":["n"]},{"word":"barbels","score":51221,"tags":["n"]},{"word":"gastropod","score":51220,"tags":["n"]},{"word":"sapwood","score":51219,"tags":["n"]},{"word":"caudal fin","score":51218,"tags":["n"]},{"word":"moray eel","score":51217,"tags":["n","prop"]},{"word":"snout","score":51216,"tags":["n"]},{"word":"sculpins","score":51215,"tags":["n"]},{"word":"braincase","score":51214,"tags":["n"]},{"word":"appendages","score":51213,"tags":["n"]},{"word":"blenny","score":51212,"tags":["n"]},{"word":"flatfishes","score":51211,"tags":["n"]},{"word":"claws","score":51210,"tags":["n"]},{"word":"glans","score":51209,"tags":["n"]},{"word":"concretion","score":51208,"tags":["n"]},{"word":"barnacle","score":51207,"tags":["n"]},{"word":"protuberances","score":51206,"tags":["n"]},{"word":"frogfish","score":51205,"tags":["n"]},{"word":"dolerite","score":51204,"tags":["n"]},{"word":"incisor","score":51203,"tags":["n"]},{"word":"dentition","score":51202,"tags":["n"]},{"word":"medusa","score":51201,"tags":["n"]},{"word":"gill","score":51200,"tags":["n"]},{"word":"eggshell","score":51199,"tags":["n"]},{"word":"stag beetle","score":51198,"tags":["n"]},{"word":"pinkness","score":51197,"tags":["n"]},{"word":"gorgonians","score":51196,"tags":["n"]},{"word":"ovipositor","score":51195,"tags":["n"]},{"word":"crustiness","score":51194,"tags":["n"]},{"word":"conodonts","score":51193,"tags":["n"]},{"word":"anglerfish","score":51192,"tags":["n"]},{"word":"fossa","score":51191,"tags":["n"]},{"word":"crania","score":51190,"tags":["n"]},{"word":"serrations","score":51189,"tags":["n"]},{"word":"ocean sunfish","score":51188,"tags":["n"]},{"word":"peduncle","score":51187,"tags":["n"]},{"word":"rubbery","score":51186,"tags":["n"]},{"word":"chimaeras","score":51185,"tags":["n"]},{"word":"pincers","score":51184,"tags":["n"]},{"word":"dewlap","score":51183,"tags":["n"]},{"word":"pteropods","score":51182,"tags":["n"]},{"word":"protrusion","score":51181,"tags":["n"]},{"word":"ear lobe","score":51180,"tags":["n"]},{"word":"darning needle","score":51179,"tags":["n"]},{"word":"omostegite","score":51178,"tags":["n"]},{"word":"ringlet","score":51177,"tags":["n"]},{"word":"stony coral","score":51176,"tags":["n"]},{"word":"moray","score":51175,"tags":["n","prop"]},{"word":"pteranodon","score":51174,"tags":["n"]},{"word":"phalanges","score":51173,"tags":["n"]},{"word":"aspic","score":51172,"tags":["n"]},{"word":"crinoids","score":51171,"tags":["n"]},{"word":"earlobes","score":51170,"tags":["n"]},{"word":"tangs","score":51169,"tags":["n"]},{"word":"fiddler crab","score":51168,"tags":["n"]},{"word":"underparts","score":51167,"tags":["n"]},{"word":"anal fin","score":51166,"tags":["n","prop"]},{"word":"zoaea","score":51165,"tags":["n"]},{"word":"lanternfish","score":51164,"tags":["n"]},{"word":"crenellations","score":51163,"tags":["n"]},{"word":"greenling","score":51162,"tags":["n"]},{"word":"chiton","score":51161,"tags":["n"]},{"word":"scorpionfish","score":51160,"tags":["n"]},{"word":"spicule","score":51159,"tags":["n"]},{"word":"callosities","score":51158,"tags":["n"]},{"word":"gracile","score":51157,"tags":["n"]},{"word":"femora","score":51156,"tags":["n"]},{"word":"tympanum","score":51155,"tags":["n"]},{"word":"setae","score":51154,"tags":["n"]},{"word":"innards","score":51153,"tags":["n"]},{"word":"caryatids","score":51152,"tags":["n"]},{"word":"circlet","score":51151,"tags":["n"]},{"word":"bilaterally symmetrical","score":51150,"tags":["n"]},{"word":"creature","score":51149,"tags":["n"]},{"word":"wasp waist","score":51148,"tags":["n"]},{"word":"theropod dinosaur","score":51147,"tags":["n"]},{"word":"turgidity","score":51146,"tags":["n"]}]