[{"word":"wit","score":11597,"tags":["n"]},{"word":"acute","score":10510,"tags":["adj"]},{"word":"clear","score":10510,"tags":["adj"]},{"word":"cleared","score":10510,"tags":["adj"]},{"word":"dexterity","score":10510,"tags":["n"]},{"word":"fast","score":10510,"tags":["adv","adj","n"]},{"word":"haste","score":10510,"tags":["n"]},{"word":"keen","score":10510,"tags":["adj"]},{"word":"nimble","score":10510,"tags":["adj"]},{"word":"speed","score":10510,"tags":["n"]},{"word":"anger","score":10495,"tags":["n"]},{"word":"angered","score":10495,"tags":["adj"]},{"word":"aptness","score":10495,"tags":["n"]},{"word":"eagerness","score":10495,"tags":["n"]},{"word":"judgment","score":10495,"tags":["n"]},{"word":"accelerant","score":10480,"tags":["n"]},{"word":"accelerate","score":10480,"tags":["v"]},{"word":"accelerating","score":10480,"tags":["adj"]},{"word":"aerial sickness","score":10480},{"word":"agile","score":10480,"tags":["adj"]},{"word":"agitato","score":10480,"tags":["n"]},{"word":"balloon","score":10480,"tags":["n"]},{"word":"balloons","score":10480,"tags":["n"]},{"word":"barium","score":10480,"tags":["n"]},{"word":"battery","score":10480,"tags":["n"]},{"word":"blistering","score":10480,"tags":["n"]},{"word":"blitzkrieg","score":10480,"tags":["v"]},{"word":"bolt down","score":10480,"tags":["v"]},{"word":"breastwork","score":10480,"tags":["n"]},{"word":"bubble","score":10480,"tags":["n"]},{"word":"cake","score":10480,"tags":["n"]},{"word":"cassowary","score":10480,"tags":["n"]},{"word":"catch crop","score":10480,"tags":["n"]},{"word":"chia","score":10480,"tags":["n"]},{"word":"chic","score":10480,"tags":["adj","n"]},{"word":"cilium","score":10480,"tags":["n"]},{"word":"clas","score":10480,"tags":["n"]},{"word":"combustible","score":10480,"tags":["adj"]},{"word":"cover crop","score":10480,"tags":["n"]},{"word":"crash","score":10480,"tags":["n"]},{"word":"crew","score":10480,"tags":["n"]},{"word":"crewed","score":10480,"tags":["v"]},{"word":"critical","score":10480,"tags":["adj"]},{"word":"dipper","score":10480,"tags":["n"]},{"word":"discharge","score":10480,"tags":["n","v"]},{"word":"discharged","score":10480,"tags":["adj"]},{"word":"discharging","score":10480,"tags":["v"]},{"word":"ease","score":10480,"tags":["n","v"]},{"word":"exploding","score":10480,"tags":["adj"]},{"word":"fast-twitch","score":10480},{"word":"fem","score":10480,"tags":["n"]},{"word":"fen","score":10480,"tags":["n"]},{"word":"fiery","score":10480,"tags":["adj"]},{"word":"flip","score":10480,"tags":["n","adj","v"]},{"word":"flipping","score":10480,"tags":["v"]},{"word":"flutter","score":10480,"tags":["n","v"]},{"word":"fluttering","score":10480,"tags":["n"]},{"word":"furious","score":10480,"tags":["adj"]},{"word":"furiously","score":10480,"tags":["adv"]},{"word":"gym","score":10480,"tags":["n"]},{"word":"habit","score":10480,"tags":["n"]},{"word":"hasty","score":10480,"tags":["adj"]},{"word":"highroad","score":10480,"tags":["n"]},{"word":"hot","score":10480,"tags":["adj"]},{"word":"hotfoot","score":10480,"tags":["adv","v"]},{"word":"house","score":10480,"tags":["n"]},{"word":"hurried","score":10480,"tags":["adj"]},{"word":"hurry","score":10480,"tags":["n","v"]},{"word":"hydra","score":10480,"tags":["n"]},{"word":"ido","score":10480,"tags":["n","prop"]},{"word":"impatient","score":10480,"tags":["adj"]},{"word":"incubator","score":10480,"tags":["n"]},{"word":"intelligent","score":10480,"tags":["adj"]},{"word":"jerk","score":10480,"tags":["n","v"]},{"word":"kite","score":10480,"tags":["n"]},{"word":"kudzu","score":10480,"tags":["n"]},{"word":"leap","score":10480,"tags":["n","v"]},{"word":"leverage","score":10480,"tags":["n"]},{"word":"lickety-split","score":10480},{"word":"malabo","score":10480,"tags":["n","prop"]},{"word":"moto","score":10480,"tags":["n"]},{"word":"pant","score":10480,"tags":["n","v"]},{"word":"passionate","score":10480,"tags":["adj"]},{"word":"penetrating","score":10480,"tags":["adj"]},{"word":"perception","score":10480,"tags":["n"]},{"word":"pitch","score":10480,"tags":["n"]},{"word":"pitched","score":10480,"tags":["adj"]},{"word":"polish","score":10480,"tags":["adj","n"]},{"word":"poplar","score":10480,"tags":["n"]},{"word":"pornography","score":10480,"tags":["n"]},{"word":"posthaste","score":10480,"tags":["adv","n"]},{"word":"precipitate","score":10480,"tags":["n","v","adj"]},{"word":"pressure","score":10480,"tags":["n"]},{"word":"pressure cooker","score":10480,"tags":["n"]},{"word":"prestissimo","score":10480,"tags":["adj","adv"]},{"word":"proficiency","score":10480,"tags":["n"]},{"word":"proficient","score":10480,"tags":["adj"]},{"word":"proliferate","score":10480,"tags":["v"]},{"word":"prowess","score":10480,"tags":["n"]},{"word":"quick-sighted","score":10480,"tags":["adj"]}]