[{"word":"mend","score":96102,"tags":["syn","v"]},{"word":"cure","score":87880,"tags":["syn","v","n"]},{"word":"recover","score":70550,"tags":["v"]},{"word":"regenerate","score":67110,"tags":["v"]},{"word":"fix","score":63878,"tags":["v"]},{"word":"resolve","score":63862,"tags":["v"]},{"word":"overcome","score":63827,"tags":["v"]},{"word":"restore","score":63726,"tags":["v"]},{"word":"treat","score":63241,"tags":["v"]},{"word":"repair","score":63214,"tags":["v","n"]},{"word":"alleviate","score":63135,"tags":["v"]},{"word":"remedy","score":63083,"tags":["v"]},{"word":"erase","score":62999,"tags":["v"]},{"word":"solve","score":62099,"tags":["v"]},{"word":"reconcile","score":62077,"tags":["v"]},{"word":"assuage","score":61732,"tags":["v"]},{"word":"care","score":61112,"tags":["v"]},{"word":"bandage","score":60790,"tags":["n"]},{"word":"redress","score":59741,"tags":["v"]},{"word":"ease","score":59018,"tags":["v"]},{"word":"allay","score":58955,"tags":["v"]},{"word":"doctor","score":58213,"tags":["n"]},{"word":"placate","score":58201,"tags":["v"]},{"word":"disappear","score":58010,"tags":["v"]},{"word":"appease","score":57905,"tags":["v"]},{"word":"save","score":57250,"tags":["v"]},{"word":"blur","score":57028,"tags":["v"]},{"word":"knit","score":56591,"tags":["v"]},{"word":"bridge","score":55719,"tags":["n"]},{"word":"dress","score":55079,"tags":["n"]},{"word":"close","score":54699,"tags":["adv","adj"]},{"word":"thyself","score":53890,"tags":["v","n"]},{"word":"helen","score":51419,"tags":["n","prop"]},{"word":"jm","score":51047,"tags":["n","prop"]},{"word":"salve","score":51045,"tags":["v","n"]},{"word":"rejuvenate","score":51042,"tags":["v"]},{"word":"soothe","score":51041,"tags":["v"]},{"word":"nourish","score":51040,"tags":["v"]},{"word":"cleanse","score":51039,"tags":["v"]},{"word":"guarish","score":51037,"tags":["v"]},{"word":"recuperate","score":51035,"tags":["v"]},{"word":"epulotic","score":51034,"tags":["v"]},{"word":"regrow","score":51033,"tags":["v"]},{"word":"sanable","score":51032,"tags":["v"]},{"word":"cicatrisive","score":51031,"tags":["v"]},{"word":"healful","score":51030,"tags":["v"]},{"word":"recure","score":51029,"tags":["v"]},{"word":"cicatrize","score":51028,"tags":["v"]},{"word":"insanable","score":51027,"tags":["v"]},{"word":"bring around","score":51026,"tags":["v"]},{"word":"mundificant","score":51025,"tags":["v"]},{"word":"cicatrise","score":51024,"tags":["v"]},{"word":"rebuild","score":51023,"tags":["v"]},{"word":"cauterise","score":51022,"tags":["v"]},{"word":"rehabilitate","score":51021,"tags":["v"]},{"word":"detoxify","score":51020,"tags":["v"]},{"word":"regroup","score":51019,"tags":["v"]},{"word":"water cure","score":51018,"tags":["v"]},{"word":"mundify","score":51017,"tags":["v"]},{"word":"stabilize","score":51016,"tags":["v"]},{"word":"purify","score":51015,"tags":["v"]},{"word":"sooth","score":51014,"tags":["v"]},{"word":"sarcocol","score":51013,"tags":["v"]},{"word":"cauterize","score":51012,"tags":["v"]},{"word":"grieve","score":51011,"tags":["v"]},{"word":"straighten","score":51010,"tags":["v"]},{"word":"ironwort","score":51009,"tags":["v"]},{"word":"cowleech","score":51008,"tags":["v"]},{"word":"fester","score":51007,"tags":["v"]},{"word":"unite","score":51006,"tags":["v"]},{"word":"iatraliptic","score":51005,"tags":["v"]},{"word":"antiplastic","score":51004,"tags":["v"]},{"word":"atone","score":51003,"tags":["v"]},{"word":"tenderize","score":51002,"tags":["v"]},{"word":"aching","score":51001,"tags":["v"]},{"word":"forgive","score":51000,"tags":["v"]},{"word":"resorb","score":50997,"tags":["v"]},{"word":"transcend","score":50996,"tags":["v"]},{"word":"reconstruct","score":50994,"tags":["v"]},{"word":"rediscover","score":50993,"tags":["v"]},{"word":"sacralgia","score":50991,"tags":["v"]},{"word":"relieve","score":50990,"tags":["v"]},{"word":"convalesce","score":50989,"tags":["v"]},{"word":"reprove","score":50988,"tags":["v"]},{"word":"awaken","score":50987,"tags":["v"]},{"word":"epicerastic","score":50986,"tags":["v"]},{"word":"exfoliate","score":50985,"tags":["v"]},{"word":"baunscheidtism","score":50984,"tags":["v"]},{"word":"rehydrate","score":50983,"tags":["v"]},{"word":"overexert","score":50982,"tags":["v"]},{"word":"subside","score":50981,"tags":["v"]},{"word":"reabsorb","score":50980,"tags":["v"]},{"word":"mundificative","score":50979,"tags":["v"]},{"word":"zachun","score":50978,"tags":["v"]},{"word":"pray","score":50977,"tags":["v"]},{"word":"scarred","score":50976,"tags":["v"]},{"word":"revivify","score":50974,"tags":["v"]},{"word":"theotherapy","score":50972,"tags":["v"]},{"word":"immobilize","score":50971,"tags":["v"]},{"word":"decompress","score":50969,"tags":["v"]}]