[{"word":"hedonism","score":8781,"tags":["n"]},{"word":"hedonic","score":8099,"tags":["adj"]},{"word":"hedonistic","score":8099,"tags":["adj"]},{"word":"ascetic","score":7416,"tags":["adj","n"]},{"word":"franion","score":7416,"tags":["n"]},{"word":"pagan","score":7416,"tags":["adj","n"]},{"word":"pleasure","score":7416,"tags":["n"]},{"word":"roue","score":7416,"tags":["n"]},{"word":"sybarite","score":7416,"tags":["n"]},{"word":"wilde","score":7416,"tags":["n","prop"]},{"word":"classicists","score":4682,"tags":["n"]},{"word":"determinists","score":4682,"tags":["n"]},{"word":"empiricist","score":4682,"tags":["n"]},{"word":"empiricists","score":4682,"tags":["n"]},{"word":"hedonist","score":4682,"tags":["n"]},{"word":"libertarians","score":4682,"tags":["n"]},{"word":"materialism","score":4682,"tags":["n"]},{"word":"materialist","score":4682,"tags":["n"]},{"word":"materialists","score":4682,"tags":["n"]},{"word":"moderns","score":4682,"tags":["n"]},{"word":"moralists","score":4682,"tags":["n"]},{"word":"naturalists","score":4682,"tags":["n"]},{"word":"platonists","score":4682,"tags":["n"]},{"word":"rationalists","score":4682,"tags":["n"]},{"word":"realists","score":4682,"tags":["n"]},{"word":"sceptic","score":4682,"tags":["n"]},{"word":"sceptics","score":4682,"tags":["n"]},{"word":"utilitarians","score":4682,"tags":["n"]},{"word":"acres","score":4425,"tags":["n"]},{"word":"barn grass","score":4425,"tags":["n"]},{"word":"barn millet","score":4425,"tags":["n"]},{"word":"barnyard grass","score":4425,"tags":["n"]},{"word":"beef","score":4425,"tags":["n"]},{"word":"bison","score":4425,"tags":["n"]},{"word":"browse","score":4425,"tags":["v","n"]},{"word":"brush","score":4425,"tags":["n"]},{"word":"crease","score":4425,"tags":["n"]},{"word":"deer","score":4425,"tags":["n"]},{"word":"depasture","score":4425,"tags":["v","n"]},{"word":"down","score":4425,"tags":["adv"]},{"word":"drift","score":4425,"tags":["n","v"]},{"word":"drifting","score":4425,"tags":["n","adj"]},{"word":"eatage","score":4425,"tags":["n"]},{"word":"echinochloa crusgalli","score":4425,"tags":["n","prop"]},{"word":"exmoor","score":4425,"tags":["n","prop"]},{"word":"feed","score":4425,"tags":["n","v"]},{"word":"fog","score":4425,"tags":["n"]},{"word":"fogged","score":4425,"tags":["adj"]},{"word":"forage","score":4425,"tags":["n"]},{"word":"foraging","score":4425,"tags":["n"]},{"word":"gnu","score":4425,"tags":["n"]},{"word":"goose","score":4425,"tags":["n"]},{"word":"grass","score":4425,"tags":["n"]},{"word":"grassed","score":4425,"tags":["v","adj"]},{"word":"grassy","score":4425,"tags":["adj"]},{"word":"graze","score":4425,"tags":["v"]},{"word":"grazed","score":4425,"tags":["adj"]},{"word":"grazier","score":4425,"tags":["n"]},{"word":"grazing land","score":4425,"tags":["n"]},{"word":"herbage","score":4425,"tags":["n"]},{"word":"herd","score":4425,"tags":["n"]},{"word":"kashmir","score":4425,"tags":["n","prop"]},{"word":"lariat","score":4425,"tags":["n"]},{"word":"lea","score":4425,"tags":["n","prop"]},{"word":"leas","score":4425,"tags":["n"]},{"word":"let","score":4425,"tags":["v"]},{"word":"ley","score":4425,"tags":["n"]},{"word":"llano","score":4425,"tags":["n","prop"]},{"word":"meadow","score":4425,"tags":["n"]},{"word":"muhlenbergia schreberi","score":4425,"tags":["n","prop"]},{"word":"nimble will","score":4425,"tags":["n"]},{"word":"nimblewill","score":4425,"tags":["n"]},{"word":"nomad","score":4425,"tags":["n"]},{"word":"overgrazing","score":4425,"tags":["n","v"]},{"word":"paddock","score":4425,"tags":["n"]},{"word":"park","score":4425,"tags":["n"]},{"word":"pascual","score":4425,"tags":["n","adj","prop"]},{"word":"pasturage","score":4425,"tags":["n"]},{"word":"pasture","score":4425,"tags":["n"]},{"word":"pastureland","score":4425,"tags":["n"]},{"word":"ranch","score":4425,"tags":["n"]},{"word":"ranching","score":4425,"tags":["n"]},{"word":"rancho","score":4425,"tags":["n"]},{"word":"range","score":4425,"tags":["n"]},{"word":"ranged","score":4425,"tags":["v"]},{"word":"rangeland","score":4425,"tags":["n"]},{"word":"ranging","score":4425,"tags":["adj"]},{"word":"rasante","score":4425,"tags":["n"]},{"word":"roundup","score":4425,"tags":["n"]},{"word":"run","score":4425,"tags":["v","n"]},{"word":"shave","score":4425,"tags":["v"]},{"word":"shaven","score":4425,"tags":["adj"]},{"word":"sheep","score":4425,"tags":["n"]},{"word":"shepherd","score":4425,"tags":["n"]},{"word":"shieling","score":4425,"tags":["n","v"]},{"word":"strip","score":4425,"tags":["n"]},{"word":"tard","score":4425,"tags":["n"]},{"word":"tether","score":4425,"tags":["n"]},{"word":"tethered","score":4425,"tags":["adj"]},{"word":"transhumance","score":4425,"tags":["n"]}]