[{"word":"dissolve","score":17404,"tags":["v"]},{"word":"sundering","score":17404,"tags":["n","v"]},{"word":"twin","score":17364,"tags":["n","adj"]},{"word":"crack","score":16314,"tags":["n","v"]},{"word":"depart","score":16314,"tags":["v"]},{"word":"divide","score":16314,"tags":["v","n"]},{"word":"divorce","score":16314,"tags":["n"]},{"word":"heretic","score":16314,"tags":["n"]},{"word":"part","score":16314,"tags":["n"]},{"word":"patt","score":16314,"tags":["n"]},{"word":"separate","score":16314,"tags":["adj","v"]},{"word":"separated","score":16314,"tags":["adj"]},{"word":"sever","score":16314,"tags":["v"]},{"word":"severing","score":16314,"tags":["n"]},{"word":"twain","score":16314,"tags":["n"]},{"word":"afflicted","score":15284,"tags":["adj"]},{"word":"apart","score":15264,"tags":["adv"]},{"word":"broken","score":15264,"tags":["adj"]},{"word":"dissolution","score":15264,"tags":["n"]},{"word":"dissolved","score":15264,"tags":["adj"]},{"word":"rent","score":15264,"tags":["n","v"]},{"word":"twist","score":15264,"tags":["n","v"]},{"word":"sundered","score":11354,"tags":["v","adj"]},{"word":"animate","score":11124,"tags":["v"]},{"word":"benumbed","score":11114,"tags":["adj"]},{"word":"animal","score":11104,"tags":["n"]},{"word":"apartment","score":11104,"tags":["n"]},{"word":"apostate","score":11104,"tags":["n","adj"]},{"word":"areas","score":11104,"tags":["n"]},{"word":"changeless","score":11104,"tags":["adj"]},{"word":"cosmic","score":11104,"tags":["adj"]},{"word":"disconnect","score":11104,"tags":["v","n"]},{"word":"cleave","score":10304,"tags":["v"]},{"word":"cleaved","score":10304,"tags":["v","adj"]},{"word":"cleaving","score":10304,"tags":["v","n"]},{"word":"disally","score":10304},{"word":"disarticulate","score":10304,"tags":["v"]},{"word":"disarticulated","score":10304,"tags":["v","adj"]},{"word":"disjoin","score":10304,"tags":["v"]},{"word":"dissever","score":10304,"tags":["v"]},{"word":"dissunder","score":10304},{"word":"disunite","score":10304,"tags":["v"]},{"word":"disunited","score":10304,"tags":["adj"]},{"word":"rend","score":10304,"tags":["v"]},{"word":"reno","score":10304,"tags":["n","prop"]},{"word":"rip","score":10304,"tags":["v","n"]},{"word":"rive","score":10304,"tags":["v"]},{"word":"sander","score":10304,"tags":["n"]},{"word":"tear","score":10304,"tags":["v"]},{"word":"tearing","score":10304,"tags":["n","adj"]},{"word":"unsolder","score":10304,"tags":["v"]},{"word":"broke","score":9254,"tags":["adj"]},{"word":"chasm","score":9254,"tags":["n"]},{"word":"parted","score":9254,"tags":["adj"]},{"word":"torn","score":9254,"tags":["adj"]},{"word":"abodes","score":5050,"tags":["n"]},{"word":"alex","score":5050,"tags":["n","prop"]},{"word":"alienated","score":5050,"tags":["adj"]},{"word":"angels","score":5050,"tags":["n"]},{"word":"apartments","score":5050,"tags":["n"]},{"word":"apparitional","score":5050,"tags":["adj"]},{"word":"ashes","score":5050,"tags":["n"]},{"word":"aureole","score":5050,"tags":["n"]},{"word":"barrack","score":5050,"tags":["n"]},{"word":"bays","score":5050,"tags":["n"]},{"word":"bazaars","score":5050,"tags":["n"]},{"word":"bedchamber","score":5050,"tags":["n"]},{"word":"bedroom","score":5050,"tags":["n"]},{"word":"bedrooms","score":5050,"tags":["n"]},{"word":"blest","score":5050,"tags":["adj"]},{"word":"careworn","score":5050,"tags":["adj"]},{"word":"clairvoyant","score":5050,"tags":["adj","n"]},{"word":"deathless","score":5050,"tags":["adj"]},{"word":"discarnate","score":5050,"tags":["adj"]},{"word":"granary","score":5050,"tags":["n"]},{"word":"hutch","score":5050,"tags":["n"]},{"word":"illuminator","score":5050,"tags":["n"]},{"word":"incorporeal","score":5050,"tags":["adj"]},{"word":"playmate","score":5050,"tags":["n"]},{"word":"racked","score":5050,"tags":["v"]},{"word":"resurrected","score":5050,"tags":["v"]},{"word":"tossed","score":5050,"tags":["v"]},{"word":"unfallen","score":5050,"tags":["adj"]},{"word":"unredeemed","score":5050,"tags":["adj"]},{"word":"-thymia","score":4074},{"word":"able","score":4074,"tags":["adj"]},{"word":"about-face","score":4074,"tags":["n","v"]},{"word":"above","score":4074,"tags":["adv","adj"]},{"word":"abrupt","score":4074,"tags":["adj"]},{"word":"absence","score":4074,"tags":["n"]},{"word":"absent-minded","score":4074},{"word":"absently","score":4074,"tags":["adv"]},{"word":"absorption","score":4074,"tags":["n"]},{"word":"abstract","score":4074,"tags":["adj","n"]},{"word":"abstractedly","score":4074,"tags":["adv"]},{"word":"abstraction","score":4074,"tags":["n"]},{"word":"absurd","score":4074,"tags":["adj"]},{"word":"accept","score":4074,"tags":["v"]},{"word":"accepted","score":4074,"tags":["adj"]},{"word":"accepting","score":4074,"tags":["adj"]}]