[{"word":"antivenin","score":25727,"tags":["n"]},{"word":"ophidism","score":25727,"tags":["n"]},{"word":"sting","score":17915,"tags":["n","v"]},{"word":"venomous","score":17836,"tags":["adj"]},{"word":"asp","score":17803,"tags":["n"]},{"word":"por","score":17763},{"word":"potted","score":17763,"tags":["adj"]},{"word":"break","score":17618,"tags":["v","n"]},{"word":"hag","score":17618,"tags":["n"]},{"word":"liver","score":17618,"tags":["n"]},{"word":"pop","score":17618,"tags":["n","v","adj"]},{"word":"soft","score":17618,"tags":["adj"]},{"word":"spread","score":17618,"tags":["v","n"]},{"word":"tea","score":17618,"tags":["n"]},{"word":"tube","score":17618,"tags":["n"]},{"word":"turn","score":17618,"tags":["v","n"]},{"word":"fang","score":17387,"tags":["n"]},{"word":"pot","score":17314,"tags":["n"]},{"word":"darting","score":9970,"tags":["v"]},{"word":"darts","score":9970,"tags":["n"]},{"word":"dart","score":9825,"tags":["n","v"]},{"word":"hornet","score":9825,"tags":["n"]},{"word":"narc","score":9807,"tags":["n"]},{"word":"nettle","score":9807,"tags":["n"]},{"word":"envenomation","score":9782,"tags":["n"]},{"word":"banana split","score":9745,"tags":["n"]},{"word":"cheesecake","score":9745,"tags":["n"]},{"word":"pit","score":9745,"tags":["n"]},{"word":"pitting","score":9745,"tags":["n"]},{"word":"scone","score":9745,"tags":["n"]},{"word":"soda","score":9745,"tags":["n"]},{"word":"soda cracker","score":9745,"tags":["n"]},{"word":"spectacle","score":9745,"tags":["n"]},{"word":"white-pot","score":9745},{"word":"lead","score":9689,"tags":["v","n"]},{"word":"snake","score":9673,"tags":["n"]},{"word":"spite","score":9673,"tags":["n"]},{"word":"atomic number 82","score":9653,"tags":["n"]},{"word":"curare","score":9653,"tags":["n"]},{"word":"food","score":9653,"tags":["n"]},{"word":"hallucination","score":9653,"tags":["n"]},{"word":"hemlock","score":9653,"tags":["n"]},{"word":"reduction","score":9653,"tags":["n"]},{"word":"remove","score":9653,"tags":["v"]},{"word":"removing","score":9653,"tags":["v"]},{"word":"sensitivity","score":9653,"tags":["n"]},{"word":"vuze","score":9653},{"word":"weed","score":9653,"tags":["n","v"]},{"word":"agree","score":9637,"tags":["v"]},{"word":"spew","score":9637,"tags":["v"]},{"word":"ale","score":9601,"tags":["n"]},{"word":"black","score":9601,"tags":["adj","n"]},{"word":"camembert","score":9601,"tags":["n"]},{"word":"car","score":9601,"tags":["n"]},{"word":"chive","score":9601,"tags":["n"]},{"word":"coffee","score":9601,"tags":["n"]},{"word":"cone","score":9601,"tags":["n"]},{"word":"coupe","score":9601,"tags":["n"]},{"word":"dash","score":9601,"tags":["n","v"]},{"word":"dish","score":9601,"tags":["n"]},{"word":"duct","score":9601,"tags":["n"]},{"word":"edge","score":9601,"tags":["n"]},{"word":"egg","score":9601,"tags":["n"]},{"word":"escallop","score":9601,"tags":["n"]},{"word":"eyes","score":9601,"tags":["n"]},{"word":"feather","score":9601,"tags":["n"]},{"word":"flavor","score":9601,"tags":["n"]},{"word":"fleet","score":9601,"tags":["n"]},{"word":"float","score":9601,"tags":["n","v"]},{"word":"flower","score":9601,"tags":["n"]},{"word":"fluke","score":9601,"tags":["n"]},{"word":"fountain","score":9601,"tags":["n"]},{"word":"gall","score":9601,"tags":["n"]},{"word":"galled","score":9601,"tags":["adj"]},{"word":"glass","score":9601,"tags":["n"]},{"word":"gouda","score":9601,"tags":["n","prop"]},{"word":"harbor","score":9601,"tags":["n"]},{"word":"hood","score":9601,"tags":["n"]},{"word":"ice","score":9601,"tags":["n"]},{"word":"icterus","score":9601,"tags":["n"]},{"word":"jar","score":9601,"tags":["n"]},{"word":"jerk","score":9601,"tags":["n","v"]},{"word":"lens","score":9601,"tags":["n"]},{"word":"lick","score":9601,"tags":["v","n"]},{"word":"mama","score":9601,"tags":["n"]},{"word":"mangle","score":9601,"tags":["n","v"]},{"word":"murder","score":9601,"tags":["n"]},{"word":"napoleon","score":9601,"tags":["n","prop"]},{"word":"nest","score":9601,"tags":["n"]},{"word":"pack","score":9601,"tags":["n","v"]},{"word":"pan","score":9601,"tags":["n"]},{"word":"paste","score":9601,"tags":["n"]},{"word":"phaeton","score":9601,"tags":["n"]},{"word":"pie","score":9601,"tags":["n"]},{"word":"pint","score":9601,"tags":["n"]},{"word":"piping","score":9601,"tags":["n"]},{"word":"poke","score":9601,"tags":["v","n"]},{"word":"pore","score":9601,"tags":["n"]},{"word":"raise","score":9601,"tags":["v"]},{"word":"raised","score":9601,"tags":["adj"]}]