[{"word":"thickened","score":74315,"tags":["syn","adj"]},{"word":"tough","score":74168,"tags":["syn","adj"]},{"word":"toughened","score":72941,"tags":["syn","adj"]},{"word":"callused","score":51377,"tags":["adj"]},{"word":"scabbed","score":51376,"tags":["adj"]},{"word":"chapped","score":51375,"tags":["adj"]},{"word":"roughened","score":51374,"tags":["adj"]},{"word":"numb","score":51373,"tags":["adj"]},{"word":"gnarled","score":51372,"tags":["adj"]},{"word":"itchy","score":51371,"tags":["adj"]},{"word":"wrinkled","score":51370,"tags":["adj"]},{"word":"clammy","score":51369,"tags":["adj"]},{"word":"grubby","score":51368,"tags":["adj"]},{"word":"sunburned","score":51367,"tags":["adj"]},{"word":"unfeeling","score":51366,"tags":["adj"]},{"word":"stained","score":51365,"tags":["adj"]},{"word":"welted","score":51364,"tags":["adj"]},{"word":"windburned","score":51363,"tags":["adj"]},{"word":"ripply","score":51362,"tags":["adj"]},{"word":"splintery","score":51361,"tags":["adj"]},{"word":"teethed","score":51360,"tags":["adj"]},{"word":"misshapen","score":51359,"tags":["adj"]},{"word":"softhearted","score":51358,"tags":["adj"]},{"word":"benumbed","score":51357,"tags":["adj"]},{"word":"reddened","score":51356,"tags":["adj"]},{"word":"frostbitten","score":51355,"tags":["adj"]},{"word":"scarred","score":51354,"tags":["adj"]},{"word":"thready","score":51353,"tags":["adj"]},{"word":"viselike","score":51352,"tags":["adj"]},{"word":"leprous","score":51351,"tags":["adj"]},{"word":"hardened","score":51350,"tags":["adj"]},{"word":"knobby","score":51349,"tags":["adj"]},{"word":"sweaty","score":51348,"tags":["adj"]},{"word":"jaded","score":51347,"tags":["adj"]},{"word":"fleshless","score":51346,"tags":["adj"]},{"word":"unloving","score":51345,"tags":["adj"]},{"word":"furrowed","score":51344,"tags":["adj"]},{"word":"blistered","score":51343,"tags":["adj"]},{"word":"clenched","score":51342,"tags":["adj"]},{"word":"empathetic","score":51341,"tags":["adj"]},{"word":"sandpapery","score":51340,"tags":["adj"]},{"word":"weary","score":51339,"tags":["adj"]},{"word":"unseeing","score":51338,"tags":["adj"]},{"word":"insensate","score":51337,"tags":["adj"]},{"word":"uncaring","score":51336,"tags":["adj"]},{"word":"achy","score":51335,"tags":["adj"]},{"word":"embittered","score":51334,"tags":["adj"]},{"word":"leathery","score":51333,"tags":["adj"]},{"word":"pimpled","score":51332,"tags":["adj"]},{"word":"abraded","score":51331,"tags":["adj"]},{"word":"crooked","score":51330,"tags":["adj"]},{"word":"purpled","score":51329,"tags":["adj"]},{"word":"nubby","score":51328,"tags":["adj"]},{"word":"cynical","score":51327,"tags":["adj"]},{"word":"unbloodied","score":51326,"tags":["adj"]},{"word":"bare","score":51325,"tags":["adj"]},{"word":"bent","score":51324,"tags":["adj"]},{"word":"thumbless","score":51323,"tags":["adj"]},{"word":"fleshy","score":51322,"tags":["adj"]},{"word":"grimy","score":51321,"tags":["adj"]},{"word":"hardhearted","score":51320,"tags":["adj"]},{"word":"scabby","score":51319,"tags":["adj"]},{"word":"grizzled","score":51318,"tags":["adj"]},{"word":"pitiless","score":51317,"tags":["adj"]},{"word":"creviced","score":51316,"tags":["adj"]},{"word":"crinkled","score":51315,"tags":["adj"]},{"word":"miry","score":51314,"tags":["adj"]},{"word":"unbent","score":51313,"tags":["adj"]},{"word":"heartless","score":51312,"tags":["adj"]},{"word":"ingrown","score":51311,"tags":["adj"]},{"word":"unshapely","score":51310,"tags":["adj"]},{"word":"deformed","score":51309,"tags":["adj"]},{"word":"sorest","score":51308,"tags":["adj"]},{"word":"uncompassionate","score":51307,"tags":["adj"]},{"word":"deadened","score":51306,"tags":["adj"]},{"word":"shriveled","score":51305,"tags":["adj"]},{"word":"ulcerating","score":51304,"tags":["adj"]},{"word":"palsied","score":51303,"tags":["adj"]},{"word":"dirty","score":51302,"tags":["adj"]},{"word":"resentful","score":51301,"tags":["adj"]},{"word":"unpretty","score":51300,"tags":["adj"]},{"word":"goatish","score":51299,"tags":["adj"]},{"word":"cankerous","score":51298,"tags":["adj"]},{"word":"juiceless","score":51297,"tags":["adj"]},{"word":"wizened","score":51296,"tags":["adj"]},{"word":"arrogant","score":51295,"tags":["adj"]},{"word":"begrimed","score":51294,"tags":["adj"]},{"word":"slimy","score":51293,"tags":["adj"]},{"word":"inexpressive","score":51292,"tags":["adj"]},{"word":"unforgiving","score":51291,"tags":["adj"]},{"word":"rusted","score":51290,"tags":["adj"]},{"word":"cloddish","score":51289,"tags":["adj"]},{"word":"bristly","score":51288,"tags":["adj"]},{"word":"gristly","score":51287,"tags":["adj"]},{"word":"suppurating","score":51286,"tags":["adj"]},{"word":"obstinate","score":51285,"tags":["adj"]},{"word":"yellowed","score":51284,"tags":["adj"]},{"word":"ridged","score":51283,"tags":["adj"]},{"word":"tenderhearted","score":51282,"tags":["adj"]},{"word":"coldhearted","score":51281,"tags":["adj"]}]