[{"word":"reptile","score":53224,"tags":["syn","n"]},{"word":"brutal","score":49624,"tags":["syn","adj"]},{"word":"poikilothermal","score":49624,"tags":["syn","adj","n"]},{"word":"poikilothermic","score":49624,"tags":["syn","adj"]},{"word":"cruel","score":49224,"tags":["syn","adj"]},{"word":"haematocryal","score":49163,"tags":["syn"]},{"word":"heartless","score":48990,"tags":["syn","adj"]},{"word":"hematocryal","score":48763,"tags":["syn"]},{"word":"fish","score":32024,"tags":["n"]},{"word":"amphibian","score":31224,"tags":["adj","n"]},{"word":"reptilia","score":29563,"tags":["n"]},{"word":"asp","score":29224,"tags":["n"]},{"word":"ectothermic","score":29224,"tags":["adj"]},{"word":"marlin","score":29224,"tags":["n"]},{"word":"reptilian","score":29224,"tags":["adj"]},{"word":"swordfish","score":29224,"tags":["n"]},{"word":"boa","score":28824,"tags":["n"]},{"word":"cool","score":28824,"tags":["adj","v"]},{"word":"deliberate","score":28824,"tags":["adj"]},{"word":"ectotherm","score":28824,"tags":["n"]},{"word":"exothermic","score":28824,"tags":["adj"]},{"word":"homoiothermal","score":28824,"tags":["adj","n"]},{"word":"mamba","score":28824,"tags":["n"]},{"word":"newt","score":28824,"tags":["n"]},{"word":"plug","score":28824,"tags":["n"]},{"word":"poikilotherm","score":28824,"tags":["n"]},{"word":"savage","score":28824,"tags":["adj","n"]},{"word":"spearfish","score":28824,"tags":["n","prop"]},{"word":"trypanosomiasis","score":28824,"tags":["n"]},{"word":"unkind","score":28824,"tags":["adj"]},{"word":"unnatural","score":28824,"tags":["adj"]},{"word":"xiphias gladius","score":28824,"tags":["n"]},{"word":"class reptilia","score":28763,"tags":["n"]},{"word":"cold-bloodedly","score":28763,"tags":["adv"]},{"word":"eliminate","score":28763,"tags":["v"]},{"word":"haematocrya","score":28763},{"word":"hematocrya","score":28763},{"word":"herpetology","score":28763,"tags":["n"]},{"word":"iguana","score":28763,"tags":["n"]},{"word":"in cold blood","score":28763,"tags":["adv"]},{"word":"pineal eye","score":28763,"tags":["n"]},{"word":"cold-blooded","score":12424,"tags":["adj"]},{"word":"meat","score":12424,"tags":["n"]},{"word":"blood","score":12347,"tags":["n"]},{"word":"bloods","score":12181,"tags":["n"]},{"word":"actinomyces","score":11303,"tags":["n"]},{"word":"ardent","score":11303,"tags":["adj"]},{"word":"bacteroidaceae","score":11303,"tags":["n","prop"]},{"word":"bedbug","score":11303,"tags":["n"]},{"word":"bird","score":11303,"tags":["n"]},{"word":"bird family","score":11303,"tags":["n"]},{"word":"chlamydiaceae","score":11303,"tags":["n","prop"]},{"word":"class mammalia","score":11303,"tags":["n"]},{"word":"endotherm","score":11303,"tags":["n"]},{"word":"endothermic","score":11303,"tags":["adj"]},{"word":"family bacteroidaceae","score":11303,"tags":["n","prop"]},{"word":"family chlamydiaceae","score":11303,"tags":["n","prop"]},{"word":"flea","score":11303,"tags":["n"]},{"word":"genus thunnus","score":11303,"tags":["n","prop"]},{"word":"genus treponema","score":11303,"tags":["n"]},{"word":"haematherm","score":11303},{"word":"haematothermal","score":11303},{"word":"hematherm","score":11303},{"word":"hemathermal","score":11303},{"word":"hematotherma","score":11303},{"word":"hematothermal","score":11303},{"word":"homeostasis","score":11303,"tags":["n"]},{"word":"homoiotherm","score":11303,"tags":["n"]},{"word":"homoiothermic","score":11303,"tags":["adj"]},{"word":"homothermous","score":11303,"tags":["adj","n"]},{"word":"hydrophobia","score":11303,"tags":["n"]},{"word":"ire","score":11303,"tags":["n"]},{"word":"leukemia","score":11303,"tags":["n"]},{"word":"louse","score":11303,"tags":["n"]},{"word":"lusty","score":11303,"tags":["adj"]},{"word":"lyssa","score":11303,"tags":["n"]},{"word":"madness","score":11303,"tags":["n"]},{"word":"mako","score":11303,"tags":["n"]},{"word":"mammal","score":11303,"tags":["n"]},{"word":"mammalia","score":11303,"tags":["n"]},{"word":"mammalian","score":11303,"tags":["adj"]},{"word":"protomammal","score":11303,"tags":["n"]},{"word":"rabies","score":11303,"tags":["n"]},{"word":"rotenone","score":11303,"tags":["n"]},{"word":"salmonella","score":11303,"tags":["n"]},{"word":"shigella","score":11303,"tags":["n"]},{"word":"sucking louse","score":11303,"tags":["n"]},{"word":"therapsid","score":11303,"tags":["n"]},{"word":"thunnus","score":11303,"tags":["n","prop"]},{"word":"tick","score":11303,"tags":["n","v"]},{"word":"ticked","score":11303,"tags":["v"]},{"word":"treponema","score":11303,"tags":["n"]},{"word":"tuna","score":11303,"tags":["n"]},{"word":"dromedary","score":11060,"tags":["n"]},{"word":"hearty","score":11060,"tags":["adj"]},{"word":"noble","score":11060,"tags":["adj"]},{"word":"sanguinary","score":11060,"tags":["adj"]},{"word":"pureblood","score":10894,"tags":["n"]},{"word":"bloody","score":10594,"tags":["adj"]},{"word":"sweat","score":10594,"tags":["n"]}]