[{"word":"metabolism","score":81664,"tags":["syn","n"]},{"word":"transformation","score":76157,"tags":["n"]},{"word":"emergence","score":65619,"tags":["n"]},{"word":"makeover","score":65218,"tags":["n"]},{"word":"metamorphic","score":61922,"tags":["adj"]},{"word":"change","score":61725,"tags":["n"]},{"word":"restructuring","score":60574,"tags":["n"]},{"word":"metamorphose","score":51094,"tags":["n"]},{"word":"transmogrification","score":51093,"tags":["n"]},{"word":"maturation","score":51092,"tags":["n"]},{"word":"evolution","score":51091,"tags":["n"]},{"word":"rebirth","score":51090,"tags":["n"]},{"word":"transmutation","score":51089,"tags":["n"]},{"word":"chrysalis","score":51088,"tags":["n"]},{"word":"transfiguration","score":51087,"tags":["n"]},{"word":"pupa","score":51085,"tags":["n"]},{"word":"epiphany","score":51084,"tags":["n"]},{"word":"molt","score":51083,"tags":["n"]},{"word":"renaissance","score":51082,"tags":["n"]},{"word":"holometabolism","score":51081,"tags":["n"]},{"word":"hemimetabolism","score":51080,"tags":["n"]},{"word":"reorientation","score":51079,"tags":["n"]},{"word":"ascendance","score":51078,"tags":["n"]},{"word":"turnaround","score":51077,"tags":["n"]},{"word":"paradigm shift","score":51076,"tags":["n"]},{"word":"ascension","score":51075,"tags":["n"]},{"word":"resurgence","score":51074,"tags":["n"]},{"word":"transition","score":51073,"tags":["n"]},{"word":"morphing","score":51072,"tags":["n"]},{"word":"evisceration","score":51071,"tags":["n"]},{"word":"renascence","score":51070,"tags":["n"]},{"word":"journey","score":51069,"tags":["n"]},{"word":"awakening","score":51067,"tags":["n"]},{"word":"redefinition","score":51066,"tags":["n"]},{"word":"odyssey","score":51065,"tags":["n"]},{"word":"evolvement","score":51064,"tags":["n"]},{"word":"hemimetabolic","score":51063,"tags":["n"]},{"word":"deconstruction","score":51062,"tags":["n"]},{"word":"demise","score":51061,"tags":["n"]},{"word":"turnabout","score":51060,"tags":["n"]},{"word":"reawakening","score":51059,"tags":["n"]},{"word":"macrocosm","score":51058,"tags":["n"]},{"word":"degeneration","score":51057,"tags":["n"]},{"word":"decimation","score":51056,"tags":["n"]},{"word":"rejuvenation","score":51055,"tags":["n"]},{"word":"rediscovery","score":51054,"tags":["n"]},{"word":"extirpation","score":51053,"tags":["n"]},{"word":"disintegration","score":51052,"tags":["n"]},{"word":"emasculation","score":51051,"tags":["n"]},{"word":"revival","score":51050,"tags":["n"]},{"word":"reemergence","score":51049,"tags":["n"]},{"word":"upheaval","score":51048,"tags":["n"]},{"word":"irruption","score":51047,"tags":["n"]},{"word":"courtship","score":51046,"tags":["n"]},{"word":"ascendence","score":51045,"tags":["n"]},{"word":"feminisation","score":51044,"tags":["n"]},{"word":"involution","score":51043,"tags":["n"]},{"word":"gastrulation","score":51042,"tags":["n"]},{"word":"contortions","score":51041,"tags":["n"]},{"word":"infatuation","score":51040,"tags":["n"]},{"word":"ascent","score":51039,"tags":["n"]},{"word":"travails","score":51038,"tags":["n"]},{"word":"resurrection","score":51037,"tags":["n"]},{"word":"blossoming","score":51036,"tags":["n"]},{"word":"downslide","score":51035,"tags":["n"]},{"word":"reshaping","score":51034,"tags":["n"]},{"word":"symbiosis","score":51033,"tags":["n"]},{"word":"entwinement","score":51032,"tags":["n"]},{"word":"digression","score":51031,"tags":["n"]},{"word":"deification","score":51030,"tags":["n"]},{"word":"nascence","score":51029,"tags":["n"]},{"word":"dissection","score":51028,"tags":["n"]},{"word":"revolution","score":51027,"tags":["n"]},{"word":"implosion","score":51026,"tags":["n"]},{"word":"indoctrination","score":51025,"tags":["n"]},{"word":"flirtation","score":51024,"tags":["n"]},{"word":"putrefaction","score":51023,"tags":["n"]},{"word":"magicicada","score":51022,"tags":["n","prop"]},{"word":"dehumanisation","score":51021,"tags":["n"]},{"word":"sojourn","score":51020,"tags":["n"]},{"word":"ossification","score":51019,"tags":["n"]},{"word":"marmorosis","score":51018,"tags":["n"]},{"word":"forwardness","score":51017,"tags":["n"]},{"word":"inexorability","score":51016,"tags":["n"]},{"word":"moulting","score":51015,"tags":["n","v"]},{"word":"obliteration","score":51014,"tags":["n"]},{"word":"decrepitude","score":51013,"tags":["n"]},{"word":"downfall","score":51012,"tags":["n"]},{"word":"apotheosis","score":51011,"tags":["n"]},{"word":"machinations","score":51010,"tags":["n"]},{"word":"fossilization","score":51009,"tags":["n"]},{"word":"reassertion","score":51008,"tags":["n"]},{"word":"europeanization","score":51007,"tags":["n"]},{"word":"beginnings","score":51006,"tags":["n"]},{"word":"blitzkrieg","score":51005,"tags":["n"]},{"word":"reintroduction","score":51004,"tags":["n"]},{"word":"derangement","score":51003,"tags":["n"]},{"word":"bipolarity","score":51002,"tags":["n"]},{"word":"hibernation","score":51001,"tags":["n"]},{"word":"feminization","score":51000,"tags":["n"]}]