[{"word":"trumpet","score":93439,"tags":["syn","n"]},{"word":"french horn","score":90128,"tags":["syn","n","prop"]},{"word":"cornet","score":89818,"tags":["syn","n"]},{"word":"tusk","score":81163,"tags":["syn","n"]},{"word":"automobile horn","score":74398,"tags":["syn","n"]},{"word":"car horn","score":74398,"tags":["syn","n"]},{"word":"motor horn","score":74398,"tags":["syn","n"]},{"word":"tooters","score":65781,"tags":["n"]},{"word":"antlers","score":64398,"tags":["n"]},{"word":"cones","score":60124,"tags":["n"]},{"word":"flagpoles","score":58658,"tags":["n"]},{"word":"alarms","score":58158,"tags":["n"]},{"word":"derricks","score":57128,"tags":["n"]},{"word":"bugles","score":50789,"tags":["n"]},{"word":"trumpets","score":50788,"tags":["n"]},{"word":"honking","score":50787,"tags":["n","v"]},{"word":"trombones","score":50786,"tags":["n"]},{"word":"whistles","score":50785,"tags":["n"]},{"word":"claxon","score":50784,"tags":["n"]},{"word":"kettledrums","score":50783,"tags":["n"]},{"word":"cymbals","score":50782,"tags":["n"]},{"word":"hooters","score":50781,"tags":["n"]},{"word":"hoofbeats","score":50779,"tags":["n"]},{"word":"tubas","score":50778,"tags":["n"]},{"word":"vuvuzela","score":50777,"tags":["n"]},{"word":"mallets","score":50776,"tags":["n"]},{"word":"panpipes","score":50775,"tags":["n"]},{"word":"flutes","score":50774,"tags":["n"]},{"word":"cowbell","score":50773,"tags":["n"]},{"word":"shofar","score":50772,"tags":["n"]},{"word":"fifes","score":50771,"tags":["n"]},{"word":"tremolos","score":50770,"tags":["n"]},{"word":"mufflers","score":50769,"tags":["n"]},{"word":"clop","score":50768,"tags":["n"]},{"word":"saxophones","score":50767,"tags":["n"]},{"word":"ears","score":50766,"tags":["n"]},{"word":"neighing","score":50765,"tags":["n"]},{"word":"banjos","score":50764,"tags":["n"]},{"word":"klaxon","score":50763,"tags":["n"]},{"word":"clappers","score":50762,"tags":["n"]},{"word":"tocsin","score":50761,"tags":["n"]},{"word":"castanet","score":50760,"tags":["n"]},{"word":"bass clef","score":50759,"tags":["n"]},{"word":"whinnies","score":50758,"tags":["n"]},{"word":"drumbeats","score":50757,"tags":["n"]},{"word":"timpani","score":50756,"tags":["n"]},{"word":"alphorn","score":50755,"tags":["n"]},{"word":"foghorns","score":50754,"tags":["n"]},{"word":"metronomes","score":50753,"tags":["n"]},{"word":"sleigh bell","score":50752,"tags":["n"]},{"word":"sabers","score":50751,"tags":["n"]},{"word":"xylophones","score":50750,"tags":["n"]},{"word":"tintinnabulation","score":50749,"tags":["n"]},{"word":"bongos","score":50747,"tags":["n"]},{"word":"guitars","score":50746,"tags":["n"]},{"word":"noisemaker","score":50745,"tags":["n"]},{"word":"hurdy gurdy","score":50744,"tags":["n"]},{"word":"castanets","score":50743,"tags":["n"]},{"word":"saxes","score":50742,"tags":["n"]},{"word":"tooter","score":50741,"tags":["n"]},{"word":"glissandos","score":50740,"tags":["n"]},{"word":"claves","score":50739,"tags":["n"]},{"word":"bassoons","score":50738,"tags":["n"]},{"word":"clarinets","score":50737,"tags":["n"]},{"word":"kazoos","score":50736,"tags":["n"]},{"word":"organ grinder","score":50735,"tags":["n"]},{"word":"squeezebox","score":50734,"tags":["n"]},{"word":"lyres","score":50733,"tags":["n"]},{"word":"calliope","score":50732,"tags":["n"]},{"word":"clackers","score":50731,"tags":["n"]},{"word":"fortissimo","score":50730,"tags":["n"]},{"word":"dromedaries","score":50729,"tags":["n"]},{"word":"jackhammers","score":50728,"tags":["n"]},{"word":"yelps","score":50727,"tags":["n"]},{"word":"hooves","score":50726,"tags":["n"]},{"word":"cornets","score":50725,"tags":["n"]},{"word":"oboes","score":50724,"tags":["n"]},{"word":"bass drum","score":50723,"tags":["n"]},{"word":"moos","score":50722,"tags":["n"]},{"word":"ocarinas","score":50721,"tags":["n"]},{"word":"clangor","score":50720,"tags":["n"]},{"word":"woodwinds","score":50719,"tags":["n"]},{"word":"shrilling","score":50718,"tags":["n"]},{"word":"bells","score":50717,"tags":["n"]},{"word":"fluegelhorn","score":50716,"tags":["n"]},{"word":"sackbut","score":50715,"tags":["n"]},{"word":"electric guitar","score":50714,"tags":["n","prop"]},{"word":"loudspeakers","score":50713,"tags":["n"]},{"word":"bellows","score":50712,"tags":["n"]},{"word":"kwela","score":50711,"tags":["n"]},{"word":"toreros","score":50710,"tags":["n"]},{"word":"tusks","score":50709,"tags":["n"]},{"word":"growl","score":50708,"tags":["n"]},{"word":"snare drum","score":50707,"tags":["n"]},{"word":"shawm","score":50706,"tags":["n"]},{"word":"conducter","score":50705,"tags":["n"]},{"word":"wail","score":50704,"tags":["n"]},{"word":"trill","score":50703,"tags":["n"]},{"word":"snout","score":50702,"tags":["n"]},{"word":"sousaphone","score":50701,"tags":["n"]}]