[{"word":"amphibian","score":72601,"tags":["syn","adj"]},{"word":"amphibiotic","score":57061,"tags":["syn","adj"]},{"word":"semiaquatic","score":57061,"tags":["syn","adj"]},{"word":"landing","score":47860,"tags":["n"]},{"word":"expeditionary","score":41518,"tags":["adj","prop"]},{"word":"submarine","score":41517,"tags":["adj"]},{"word":"naval","score":41516,"tags":["adj","prop"]},{"word":"marine","score":41515,"tags":["adj"]},{"word":"submersible","score":41514,"tags":["adj"]},{"word":"riverine","score":41513,"tags":["adj"]},{"word":"airborne","score":41512,"tags":["adj","n"]},{"word":"underwater","score":41511,"tags":["adj"]},{"word":"antisubmarine","score":41509,"tags":["adj"]},{"word":"multirole","score":41508,"tags":["adj"]},{"word":"amphibiology","score":41507,"tags":["adj"]},{"word":"armored","score":41506,"tags":["adj"]},{"word":"unmanned","score":41505,"tags":["adj"]},{"word":"minesweeping","score":41504,"tags":["adj"]},{"word":"unarmored","score":41503,"tags":["adj"]},{"word":"amphibious assault","score":41502,"tags":["adj"]},{"word":"manoeuvrable","score":41501,"tags":["adj"]},{"word":"armoured","score":41500,"tags":["adj","prop"]},{"word":"sustainment","score":41499,"tags":["adj"]},{"word":"underslung","score":41498,"tags":["adj"]},{"word":"attack submarine","score":41497,"tags":["adj"]},{"word":"aerial","score":41496,"tags":["adj"]},{"word":"antitank","score":41495,"tags":["adj"]},{"word":"aerobatic","score":41494,"tags":["adj"]},{"word":"unpowered","score":41493,"tags":["adj"]},{"word":"recon","score":41492,"tags":["adj"]},{"word":"military vehicle","score":41491,"tags":["adj"]},{"word":"amphibious operation","score":41490,"tags":["adj"]},{"word":"supersonic","score":41489,"tags":["adj"]},{"word":"grenadier","score":41488,"tags":["adj"]},{"word":"fireboat","score":41487,"tags":["adj"]},{"word":"airmobile","score":41486,"tags":["adj"]},{"word":"mechanized","score":41485,"tags":["adj"]},{"word":"motorless","score":41484,"tags":["adj"]},{"word":"oceangoing","score":41483,"tags":["adj"]},{"word":"maneuverable","score":41482,"tags":["adj"]},{"word":"giant salamander","score":41481,"tags":["adj"]},{"word":"exoskeletal","score":41480,"tags":["adj"]},{"word":"motorized","score":41479,"tags":["adj"]},{"word":"capital ship","score":41478,"tags":["adj"]},{"word":"microlite","score":41477,"tags":["adj"]},{"word":"medevac","score":41476,"tags":["adj"]},{"word":"ijsselmeer","score":41475,"tags":["adj","prop"]},{"word":"unmotorized","score":41474,"tags":["adj"]},{"word":"propellor","score":41473,"tags":["adj"]},{"word":"urodele","score":41472,"tags":["adj"]},{"word":"aircrew","score":41471,"tags":["adj"]},{"word":"salientian","score":41470,"tags":["adj"]},{"word":"unarmoured","score":41469,"tags":["adj"]},{"word":"flatcar","score":41468,"tags":["adj"]},{"word":"antiaircraft","score":41467,"tags":["adj"]},{"word":"tripolitan","score":41466,"tags":["adj","prop"]},{"word":"bathyscaph","score":41465,"tags":["adj"]},{"word":"medivac","score":41464,"tags":["adj"]},{"word":"transonic","score":41463,"tags":["adj"]},{"word":"naval unit","score":41462,"tags":["adj","prop"]},{"word":"flyable","score":41461,"tags":["adj"]},{"word":"military","score":41460,"tags":["adj"]},{"word":"oceanographic","score":41459,"tags":["adj","prop"]},{"word":"stealthy","score":41458,"tags":["adj"]},{"word":"hydroid","score":41457,"tags":["adj"]},{"word":"robotic","score":41456,"tags":["adj"]},{"word":"tongueless frog","score":41455,"tags":["adj"]},{"word":"extravehicular","score":41454,"tags":["adj"]},{"word":"steerable","score":41453,"tags":["adj"]},{"word":"aeromedical","score":41452,"tags":["adj","prop"]},{"word":"littoral","score":41451,"tags":["adj"]},{"word":"subantarctic","score":41450,"tags":["adj"]},{"word":"destroyer escort","score":41449,"tags":["adj"]},{"word":"bipedal","score":41448,"tags":["adj"]},{"word":"engined","score":41447,"tags":["adj"]},{"word":"gyroscopic","score":41446,"tags":["adj"]},{"word":"waterborne","score":41445,"tags":["adj"]},{"word":"congo snake","score":41444,"tags":["adj","prop"]},{"word":"flightless","score":41443,"tags":["adj"]},{"word":"inferobranchian","score":41442,"tags":["adj"]},{"word":"unsinkable","score":41441,"tags":["adj"]},{"word":"crashworthy","score":41440,"tags":["adj"]},{"word":"intercoastal","score":41439,"tags":["adj"]},{"word":"unairworthy","score":41438,"tags":["adj"]},{"word":"mechanised","score":41437,"tags":["adj"]},{"word":"hypergolic","score":41436,"tags":["adj"]},{"word":"motorised","score":41435,"tags":["adj"]},{"word":"oared","score":41434,"tags":["adj"]},{"word":"lernean","score":41433,"tags":["adj","prop"]},{"word":"heterostracan","score":41432,"tags":["adj"]},{"word":"sea snail","score":41431,"tags":["adj"]},{"word":"army unit","score":41430,"tags":["adj"]},{"word":"quadratojugal","score":41429,"tags":["adj"]},{"word":"shore patrol","score":41428,"tags":["adj"]},{"word":"air unit","score":41427,"tags":["adj"]},{"word":"caterpillar track","score":41426,"tags":["adj"]},{"word":"marine corps","score":41425,"tags":["adj"]},{"word":"phoronid","score":41424,"tags":["adj"]},{"word":"flag rank","score":41423,"tags":["adj"]},{"word":"on land","score":41422,"tags":["adj"]}]