[{"word":"burladero","score":28219,"tags":["n"]},{"word":"conceal","score":28219,"tags":["v"]},{"word":"concealing","score":28219,"tags":["n","adj"]},{"word":"apron","score":11831,"tags":["n"]},{"word":"bars","score":11831,"tags":["n"]},{"word":"cordon","score":11831,"tags":["n"]},{"word":"cover","score":11831,"tags":["v","n"]},{"word":"covers","score":11831,"tags":["v","n"]},{"word":"crest","score":11831,"tags":["n"]},{"word":"escutcheon","score":11831,"tags":["n"]},{"word":"fence","score":11831,"tags":["n"]},{"word":"jamb","score":11831,"tags":["n"]},{"word":"levee","score":11831,"tags":["n"]},{"word":"mount","score":11831,"tags":["n","v"]},{"word":"pane","score":11831,"tags":["n"]},{"word":"plate","score":11831,"tags":["n"]},{"word":"quarter","score":11831,"tags":["n"]},{"word":"scale","score":11831,"tags":["n"]},{"word":"screen","score":11831,"tags":["n"]},{"word":"shields","score":11831,"tags":["n"]},{"word":"shutter","score":11831,"tags":["n"]},{"word":"stud","score":11831,"tags":["n"]},{"word":"blazon","score":11819,"tags":["n","v"]},{"word":"blazoned","score":11819,"tags":["v"]},{"word":"scutcheon","score":11819,"tags":["n"]},{"word":"atm","score":11783,"tags":["n"]},{"word":"base","score":11783,"tags":["n"]},{"word":"bearing","score":11783,"tags":["n"]},{"word":"boss","score":11783,"tags":["n"]},{"word":"fillet","score":11783,"tags":["n"]},{"word":"open","score":11783,"tags":["adj","v"]},{"word":"pike","score":11783,"tags":["n"]},{"word":"point","score":11783,"tags":["n"]},{"word":"points","score":11783,"tags":["n"]},{"word":"battery","score":11770,"tags":["n"]},{"word":"hide","score":11770,"tags":["v","n"]},{"word":"trophy","score":11770,"tags":["n"]},{"word":"parietal","score":11677,"tags":["adj"]},{"word":"studded","score":11664,"tags":["adj"]},{"word":"studs","score":11664,"tags":["n"]},{"word":"ablation","score":10807,"tags":["n"]},{"word":"arm","score":10807,"tags":["n"]},{"word":"armor","score":10807,"tags":["n"]},{"word":"bar","score":10807,"tags":["n"]},{"word":"barred","score":10807,"tags":["adj"]},{"word":"bend","score":10807,"tags":["n","v"]},{"word":"bended","score":10807,"tags":["adj"]},{"word":"bends","score":10807,"tags":["n"]},{"word":"bens","score":10807,"tags":["n"]},{"word":"bruise","score":10807,"tags":["n","v"]},{"word":"cage","score":10807,"tags":["n"]},{"word":"carapace","score":10807,"tags":["n"]},{"word":"clypeate","score":10807},{"word":"clypeus","score":10807,"tags":["n"]},{"word":"coat","score":10807,"tags":["n"]},{"word":"codpiece","score":10807,"tags":["n"]},{"word":"cuirass","score":10807,"tags":["n"]},{"word":"emblazon","score":10807,"tags":["v"]},{"word":"fender","score":10807,"tags":["n"]},{"word":"field","score":10807,"tags":["n"]},{"word":"flank","score":10807,"tags":["n"]},{"word":"guard","score":10807,"tags":["n","v"]},{"word":"helmet","score":10807,"tags":["n"]},{"word":"hoarding","score":10807,"tags":["n"]},{"word":"impale","score":10807,"tags":["v"]},{"word":"impaled","score":10807,"tags":["v"]},{"word":"impalement","score":10807,"tags":["n"]},{"word":"impaling","score":10807,"tags":["v"]},{"word":"insulate","score":10807,"tags":["v"]},{"word":"lead","score":10807,"tags":["v","n"]},{"word":"mask","score":10807,"tags":["n"]},{"word":"masking","score":10807,"tags":["n"]},{"word":"muff","score":10807,"tags":["n"]},{"word":"orb","score":10807,"tags":["n"]},{"word":"orle","score":10807,"tags":["n"]},{"word":"pale","score":10807,"tags":["adj"]},{"word":"pales","score":10807,"tags":["n","v"]},{"word":"parotid","score":10807,"tags":["adj"]},{"word":"patch","score":10807,"tags":["n"]},{"word":"plastron","score":10807,"tags":["n"]},{"word":"quarters","score":10807,"tags":["n"]},{"word":"roundel","score":10807,"tags":["n"]},{"word":"scute","score":10807,"tags":["n"]},{"word":"scutum","score":10807,"tags":["n"]},{"word":"shade","score":10807,"tags":["n"]},{"word":"shades","score":10807,"tags":["n"]},{"word":"shell","score":10807,"tags":["n"]},{"word":"shelter","score":10807,"tags":["n"]},{"word":"skirt","score":10807,"tags":["n"]},{"word":"spectacle","score":10807,"tags":["n"]},{"word":"sternite","score":10807,"tags":["n"]},{"word":"tarp","score":10807,"tags":["n"]},{"word":"tierce","score":10807,"tags":["n"]},{"word":"var","score":10807,"tags":["n"]},{"word":"ward","score":10807,"tags":["n"]},{"word":"washboard","score":10807,"tags":["n"]},{"word":"windshield","score":10807,"tags":["n"]},{"word":"bouche","score":10758,"tags":["n"]},{"word":"isolate","score":10758,"tags":["v"]},{"word":"label","score":10758,"tags":["n","v"]}]