[{"word":"night-sight","score":49684,"tags":["syn","n"]},{"word":"dream","score":49682,"tags":["syn","n"]},{"word":"black","score":48082,"tags":["syn","adj","n"]},{"word":"dreaming","score":48082,"tags":["syn","n"]},{"word":"star","score":48082,"tags":["syn","n"]},{"word":"bat","score":28082,"tags":["n"]},{"word":"nyctalopia","score":28082,"tags":["n"]},{"word":"scotopia","score":28082,"tags":["n"]},{"word":"ufo","score":28082,"tags":["n","prop"]},{"word":"nightly","score":28049,"tags":["adj","adv"]},{"word":"vampire","score":28049,"tags":["n"]},{"word":"vitamin a","score":28049,"tags":["n","prop"]},{"word":"infrared","score":28018,"tags":["adj","n"]},{"word":"antiophthalmic factor","score":27985,"tags":["n"]},{"word":"axerophthol","score":27985,"tags":["n"]},{"word":"day","score":11682,"tags":["n"]},{"word":"dim","score":11682,"tags":["adj"]},{"word":"dimmed","score":11682,"tags":["adj"]},{"word":"dimming","score":11682,"tags":["n","v"]},{"word":"dreamed","score":11682,"tags":["v"]},{"word":"dreamt","score":11682,"tags":["v"]},{"word":"eyes","score":11682,"tags":["n"]},{"word":"hemeralopia","score":11682,"tags":["n"]},{"word":"image","score":11682,"tags":["n"]},{"word":"imaging","score":11682,"tags":["n"]},{"word":"look","score":11682,"tags":["v","n"]},{"word":"owl","score":11682,"tags":["n"]},{"word":"viewing","score":11682,"tags":["n"]},{"word":"approach","score":11552,"tags":["n"]},{"word":"cover","score":11552,"tags":["v","n"]},{"word":"long","score":11552,"tags":["adj","adv"]},{"word":"spectacle","score":11552,"tags":["n"]},{"word":"young","score":11552,"tags":["adj"]},{"word":"sky","score":11520,"tags":["n"]},{"word":"abc","score":10617,"tags":["n","prop"]},{"word":"about","score":10617,"tags":["adv"]},{"word":"acne","score":10617,"tags":["n"]},{"word":"ale","score":10617,"tags":["n"]},{"word":"alternate","score":10617,"tags":["adj"]},{"word":"alternating","score":10617,"tags":["adj"]},{"word":"anchor light","score":10617,"tags":["n"]},{"word":"arc","score":10617,"tags":["n","v"]},{"word":"attack","score":10617,"tags":["n","v"]},{"word":"attacking","score":10617,"tags":["v"]},{"word":"attacks","score":10617,"tags":["n"]},{"word":"aurora","score":10617,"tags":["n"]},{"word":"bed","score":10617,"tags":["n"]},{"word":"bedtime","score":10617,"tags":["n"]},{"word":"bef","score":10617,"tags":["n"]},{"word":"bend","score":10617,"tags":["n","v"]},{"word":"bended","score":10617,"tags":["adj"]},{"word":"bends","score":10617,"tags":["n"]},{"word":"benight","score":10617,"tags":["v","prop"]},{"word":"bens","score":10617,"tags":["n"]},{"word":"bitter","score":10617,"tags":["adj"]},{"word":"boatbill","score":10617,"tags":["n"]},{"word":"brd","score":10617,"tags":["n","prop"]},{"word":"burglary","score":10617,"tags":["n"]},{"word":"burn","score":10617,"tags":["v","n"]},{"word":"cabaret","score":10617,"tags":["n"]},{"word":"call","score":10617,"tags":["v","n"]},{"word":"camisado","score":10617,"tags":["n"]},{"word":"capra","score":10617,"tags":["n","prop"]},{"word":"cast","score":10617,"tags":["v","n"]},{"word":"change","score":10617,"tags":["n","v"]},{"word":"chill","score":10617,"tags":["n","adj"]},{"word":"chills","score":10617,"tags":["n"]},{"word":"clear","score":10617,"tags":["adj"]},{"word":"cleared","score":10617,"tags":["adj"]},{"word":"club","score":10617,"tags":["n"]},{"word":"comet","score":10617,"tags":["n"]},{"word":"curfew","score":10617,"tags":["n"]},{"word":"dark","score":10617,"tags":["adj"]},{"word":"darkened","score":10617,"tags":["adj"]},{"word":"darkness","score":10617,"tags":["n"]},{"word":"dau","score":10617,"tags":["n"]},{"word":"dawn","score":10617,"tags":["n"]},{"word":"daybed","score":10617,"tags":["n"]},{"word":"daylight","score":10617,"tags":["n"]},{"word":"daytime","score":10617,"tags":["adj","n"]},{"word":"dead","score":10617,"tags":["adj"]},{"word":"decaf","score":10617,"tags":["n"]},{"word":"deep","score":10617,"tags":["adj"]},{"word":"dew","score":10617,"tags":["n"]},{"word":"dog","score":10617,"tags":["n"]},{"word":"drop","score":10617,"tags":["n","v"]},{"word":"dusk","score":10617,"tags":["n"]},{"word":"edge","score":10617,"tags":["n"]},{"word":"erebus","score":10617,"tags":["n","prop"]},{"word":"eve","score":10617,"tags":["n"]},{"word":"evening","score":10617,"tags":["n"]},{"word":"evensong","score":10617,"tags":["n"]},{"word":"ever","score":10617,"tags":["adv"]},{"word":"everyday","score":10617,"tags":["adj"]},{"word":"fark","score":10617,"tags":["n"]},{"word":"favor","score":10617,"tags":["n","v"]},{"word":"firefly","score":10617,"tags":["n"]},{"word":"flame","score":10617,"tags":["n"]},{"word":"flamed","score":10617,"tags":["v"]},{"word":"flare","score":10617,"tags":["n","v"]}]