[{"word":"atomic age","score":28152,"tags":["prop"]},{"word":"electricity","score":28152,"tags":["n"]},{"word":"power plant","score":28108,"tags":["n"]},{"word":"avionics","score":11752,"tags":["n"]},{"word":"cell","score":11752,"tags":["n"]},{"word":"electric","score":11752,"tags":["adj","n"]},{"word":"electrification","score":11752,"tags":["n"]},{"word":"electroluminescence","score":11752,"tags":["n"]},{"word":"energy","score":11752,"tags":["n"]},{"word":"galvanism","score":11752,"tags":["n"]},{"word":"hydro","score":11752,"tags":["n","adj"]},{"word":"induction","score":11752,"tags":["n"]},{"word":"output","score":11752,"tags":["n"]},{"word":"photovoltaic","score":11752,"tags":["adj"]},{"word":"power","score":11752,"tags":["n"]},{"word":"powered","score":11752,"tags":["adj"]},{"word":"pyroelectricity","score":11752,"tags":["n"]},{"word":"transformer","score":11752,"tags":["n"]},{"word":"transmission","score":11752,"tags":["n"]},{"word":"beat","score":11689,"tags":["v","n"]},{"word":"unit","score":11576,"tags":["n"]},{"word":"male","score":11532,"tags":["adj","n"]},{"word":"accumulator","score":10664,"tags":["n"]},{"word":"acoustic","score":10664,"tags":["adj","n"]},{"word":"active","score":10664,"tags":["adj"]},{"word":"alternator","score":10664,"tags":["n"]},{"word":"amperage","score":10664,"tags":["n"]},{"word":"ampere","score":10664,"tags":["n"]},{"word":"amplification","score":10664,"tags":["n"]},{"word":"amplify","score":10664,"tags":["v"]},{"word":"armature","score":10664,"tags":["n"]},{"word":"attenuator","score":10664,"tags":["n"]},{"word":"audio","score":10664,"tags":["n"]},{"word":"band","score":10664,"tags":["n"]},{"word":"banded","score":10664,"tags":["adj"]},{"word":"bank","score":10664,"tags":["n"]},{"word":"battery","score":10664,"tags":["n"]},{"word":"bell","score":10664,"tags":["n"]},{"word":"blow","score":10664,"tags":["n","v"]},{"word":"board of trade unit","score":10664,"tags":["n"]},{"word":"bolometer","score":10664,"tags":["n"]},{"word":"breadboard","score":10664,"tags":["n"]},{"word":"brush","score":10664,"tags":["n"]},{"word":"burn","score":10664,"tags":["v","n"]},{"word":"busbar","score":10664,"tags":["n"]},{"word":"bwr","score":10664,"tags":["n"]},{"word":"capacitance","score":10664,"tags":["n"]},{"word":"capacitor","score":10664,"tags":["n"]},{"word":"capacity","score":10664,"tags":["n"]},{"word":"cascade","score":10664,"tags":["n"]},{"word":"cascades","score":10664,"tags":["n"]},{"word":"charge","score":10664,"tags":["n"]},{"word":"charged","score":10664,"tags":["adj"]},{"word":"charging","score":10664,"tags":["v"]},{"word":"circuit","score":10664,"tags":["n"]},{"word":"coherer","score":10664,"tags":["n"]},{"word":"commutator","score":10664,"tags":["n"]},{"word":"converter","score":10664,"tags":["n"]},{"word":"coulomb","score":10664,"tags":["n"]},{"word":"coupler","score":10664,"tags":["n"]},{"word":"damp","score":10664,"tags":["adj"]},{"word":"damped","score":10664,"tags":["v","adj"]},{"word":"damping","score":10664,"tags":["n","v"]},{"word":"delta connection","score":10664},{"word":"diaphragm","score":10664,"tags":["n"]},{"word":"diesel","score":10664,"tags":["n"]},{"word":"discharge","score":10664,"tags":["n","v"]},{"word":"discharged","score":10664,"tags":["adj"]},{"word":"discharging","score":10664,"tags":["v"]},{"word":"distortion","score":10664,"tags":["n"]},{"word":"distributer","score":10664,"tags":["n"]},{"word":"dynamo","score":10664,"tags":["n"]},{"word":"dynamo-electric","score":10664},{"word":"dynamoelectric","score":10664,"tags":["adj","n"]},{"word":"dynamotor","score":10664,"tags":["n"]},{"word":"earphone","score":10664,"tags":["n"]},{"word":"eel","score":10664,"tags":["n"]},{"word":"electrified","score":10664,"tags":["v"]},{"word":"electrify","score":10664,"tags":["v"]},{"word":"electrifying","score":10664,"tags":["adj"]},{"word":"electro-biology","score":10664},{"word":"electro-motive","score":10664},{"word":"electroacoustics","score":10664,"tags":["n"]},{"word":"electrocardiogram","score":10664,"tags":["n"]},{"word":"electrochemistry","score":10664,"tags":["n"]},{"word":"electroencephalogram","score":10664,"tags":["n"]},{"word":"electroencephalograph","score":10664,"tags":["n"]},{"word":"electrograph","score":10664,"tags":["n"]},{"word":"electrolyte","score":10664,"tags":["n"]},{"word":"electromagnetism","score":10664,"tags":["n"]},{"word":"electromotive","score":10664,"tags":["adj"]},{"word":"electromotive force","score":10664,"tags":["n"]},{"word":"electronic organ","score":10664,"tags":["n","prop"]},{"word":"electrophysiology","score":10664,"tags":["n"]},{"word":"electroporation","score":10664,"tags":["n"]},{"word":"electrostatic generator","score":10664,"tags":["n"]},{"word":"electrostatic machine","score":10664,"tags":["n"]},{"word":"electrotherapy","score":10664,"tags":["n"]},{"word":"energize","score":10664,"tags":["v"]},{"word":"engineering","score":10664,"tags":["n"]}]