[{"word":"creative","score":9254,"tags":["adj"]},{"word":"abstractive","score":5050,"tags":["adj"]},{"word":"extraordinary","score":5050,"tags":["adj"]},{"word":"given","score":5050,"tags":["n","adj"]},{"word":"inborn","score":5050,"tags":["adj"]},{"word":"innate","score":5050,"tags":["adj"]},{"word":"intellective","score":5050,"tags":["adj"]},{"word":"intellectual","score":5050,"tags":["adj"]},{"word":"inventive","score":5050,"tags":["adj"]},{"word":"latent","score":5050,"tags":["adj"]},{"word":"manipulative","score":5050,"tags":["adj"]},{"word":"mediumistic","score":5050,"tags":["adj"]},{"word":"paranormal","score":5050,"tags":["adj"]},{"word":"psi","score":5050,"tags":["n"]},{"word":"psychic","score":5050,"tags":["adj"]},{"word":"reportorial","score":5050,"tags":["adj"]},{"word":"requisite","score":5050,"tags":["adj"]},{"word":"supernormal","score":5050,"tags":["adj"]},{"word":"untapped","score":5050,"tags":["adj"]},{"word":"migraine","score":4074,"tags":["n"]},{"word":"migraineur","score":4064,"tags":["n"]},{"word":"ocular","score":4064,"tags":["adj"]},{"word":"teichopsia","score":4064,"tags":["n"]},{"word":"ache","score":4054,"tags":["n","v"]},{"word":"achy","score":4054,"tags":["adj"]},{"word":"acupuncture","score":4054,"tags":["n"]},{"word":"ail","score":4054,"tags":["n"]},{"word":"aura","score":4054,"tags":["n"]},{"word":"biofeedback","score":4054,"tags":["n"]},{"word":"brucellosis","score":4054,"tags":["n"]},{"word":"calan","score":4054,"tags":["n","prop"]},{"word":"calcium-channel blocker","score":4054,"tags":["n"]},{"word":"calcium blocker","score":4054,"tags":["n"]},{"word":"clonidine","score":4054,"tags":["n"]},{"word":"cluster headache","score":4054,"tags":["n"]},{"word":"dihydroergotamine","score":4054,"tags":["n"]},{"word":"diltiazem","score":4054,"tags":["n"]},{"word":"ergot","score":4054,"tags":["n"]},{"word":"ergotamine","score":4054,"tags":["n"]},{"word":"feverfew","score":4054,"tags":["n"]},{"word":"flittering scotoma","score":4054,"tags":["n"]},{"word":"headache","score":4054,"tags":["n"]},{"word":"heatstroke","score":4054,"tags":["n"]},{"word":"isoptin","score":4054,"tags":["n","prop"]},{"word":"megrim","score":4054,"tags":["n"]},{"word":"mumps","score":4054,"tags":["n"]},{"word":"nadolol","score":4054,"tags":["n"]},{"word":"pains","score":4054,"tags":["n"]},{"word":"propranolol","score":4054,"tags":["n"]},{"word":"psittacosis","score":4054,"tags":["n"]},{"word":"scintillating scotoma","score":4054,"tags":["n"]},{"word":"sick headache","score":4054,"tags":["n"]},{"word":"splitting","score":4054,"tags":["adj"]},{"word":"temporal arteritis","score":4054,"tags":["n"]},{"word":"theobromine","score":4054,"tags":["n"]},{"word":"theophylline","score":4054,"tags":["n"]},{"word":"try","score":4054,"tags":["v"]},{"word":"tsuris","score":4054,"tags":["n"]},{"word":"uraemia","score":4054,"tags":["n"]},{"word":"verapamil","score":4054,"tags":["n"]},{"word":"backache","score":4010,"tags":["n"]},{"word":"beatings","score":4010,"tags":["n"]},{"word":"binges","score":4010,"tags":["n"]},{"word":"blizzards","score":4010,"tags":["n"]},{"word":"bouts","score":4010,"tags":["n"]},{"word":"colds","score":4010,"tags":["n"]},{"word":"cramps","score":4010,"tags":["n"]},{"word":"dizziness","score":4010,"tags":["n"]},{"word":"exacerbations","score":4010,"tags":["n"]},{"word":"famines","score":4010,"tags":["n"]},{"word":"headaches","score":4010,"tags":["n"]},{"word":"heartburn","score":4010,"tags":["n"]},{"word":"nausea","score":4010,"tags":["n"]},{"word":"nightmares","score":4010,"tags":["n"]},{"word":"palpitations","score":4010,"tags":["n"]},{"word":"relapses","score":4010,"tags":["n"]},{"word":"tantrums","score":4010,"tags":["n"]},{"word":"toothache","score":4010,"tags":["n"]}]