[{"word":"disarray","score":86247,"tags":["syn","n"]},{"word":"discombobulation","score":84395,"tags":["syn","n"]},{"word":"confounding","score":78543,"tags":["syn","adj"]},{"word":"mental confusion","score":71546,"tags":["syn","n"]},{"word":"mix-up","score":71546,"tags":["syn","n"]},{"word":"misunderstanding","score":71545,"tags":["n"]},{"word":"ambiguity","score":71156,"tags":["n"]},{"word":"uncertainty","score":70785,"tags":["n"]},{"word":"consternation","score":70384,"tags":["n"]},{"word":"chaos","score":70135,"tags":["n"]},{"word":"perplexity","score":69152,"tags":["n"]},{"word":"misinterpretation","score":68328,"tags":["n"]},{"word":"indecision","score":67502,"tags":["n"]},{"word":"uproar","score":66797,"tags":["n"]},{"word":"vagueness","score":66733,"tags":["n"]},{"word":"disorganization","score":66520,"tags":["n"]},{"word":"bewilderment","score":66420,"tags":["n"]},{"word":"commotion","score":66380,"tags":["n"]},{"word":"mixup","score":66223,"tags":["n"]},{"word":"disorientation","score":66203,"tags":["n"]},{"word":"confused","score":66201,"tags":["adj"]},{"word":"mayhem","score":65878,"tags":["n"]},{"word":"fuss","score":64412,"tags":["n"]},{"word":"misconception","score":63963,"tags":["n"]},{"word":"embarrassment","score":63943,"tags":["n"]},{"word":"havoc","score":63884,"tags":["n"]},{"word":"muddle","score":63725,"tags":["n"]},{"word":"dismay","score":63685,"tags":["n"]},{"word":"anarchy","score":63634,"tags":["n"]},{"word":"stir","score":63573,"tags":["v"]},{"word":"irritation","score":63394,"tags":["n"]},{"word":"upheaval","score":63218,"tags":["n"]},{"word":"turmoil","score":63217,"tags":["n"]},{"word":"disruption","score":63193,"tags":["n"]},{"word":"distress","score":63138,"tags":["n"]},{"word":"dilemma","score":62753,"tags":["n"]},{"word":"helplessness","score":62630,"tags":["n"]},{"word":"clarity","score":62518,"tags":["n"]},{"word":"fiasco","score":62497,"tags":["n"]},{"word":"jumble","score":62426,"tags":["n"]},{"word":"mystery","score":62283,"tags":["n"]},{"word":"mess","score":62256,"tags":["n"]},{"word":"misapprehension","score":62209,"tags":["n"]},{"word":"turbulence","score":62081,"tags":["n"]},{"word":"trouble","score":61948,"tags":["n"]},{"word":"obfuscation","score":61925,"tags":["n"]},{"word":"morass","score":61686,"tags":["n"]},{"word":"blurring","score":61509,"tags":["n"]},{"word":"clamor","score":61487,"tags":["n"]},{"word":"fog","score":61360,"tags":["n"]},{"word":"intermingling","score":61306,"tags":["n"]},{"word":"limbo","score":61200,"tags":["n"]},{"word":"debacle","score":61177,"tags":["n"]},{"word":"disturbance","score":60966,"tags":["n"]},{"word":"breakdown","score":60869,"tags":["n"]},{"word":"unrest","score":60842,"tags":["n"]},{"word":"clutter","score":60809,"tags":["n"]},{"word":"doubt","score":60782,"tags":["n"]},{"word":"tangle","score":60531,"tags":["n"]},{"word":"distraction","score":60491,"tags":["n"]},{"word":"mishmash","score":60480,"tags":["n"]},{"word":"hotchpotch","score":59946,"tags":["n"]},{"word":"opacity","score":59875,"tags":["n"]},{"word":"dither","score":59669,"tags":["n"]},{"word":"error","score":59643,"tags":["n"]},{"word":"ado","score":59555,"tags":["n"]},{"word":"dislocation","score":59331,"tags":["n"]},{"word":"mistake","score":59192,"tags":["n"]},{"word":"shambles","score":58852,"tags":["n"]},{"word":"equivocation","score":58191,"tags":["n"]},{"word":"noise","score":58039,"tags":["n"]},{"word":"disorder","score":57933,"tags":["n"]},{"word":"mixing","score":57513,"tags":["n"]},{"word":"mix","score":57462,"tags":["n"]},{"word":"meddling","score":57295,"tags":["n"]},{"word":"entanglement","score":57157,"tags":["n"]},{"word":"mixture","score":56558,"tags":["n"]},{"word":"obscurity","score":54975,"tags":["n"]},{"word":"amalgamation","score":54732,"tags":["n"]},{"word":"amalgam","score":54478,"tags":["n"]},{"word":"jamming","score":53867,"tags":["n"]},{"word":"row","score":53554,"tags":["n"]},{"word":"garboil","score":50989,"tags":["n"]},{"word":"uneasiness","score":50987,"tags":["n"]},{"word":"unease","score":50984,"tags":["n"]},{"word":"miscommunication","score":50981,"tags":["n"]},{"word":"nervousness","score":50980,"tags":["n"]},{"word":"anxiety","score":50979,"tags":["n"]},{"word":"frustration","score":50977,"tags":["n"]},{"word":"discord","score":50974,"tags":["n"]},{"word":"inconsistency","score":50973,"tags":["n"]},{"word":"bafflement","score":50972,"tags":["n"]},{"word":"unhappiness","score":50971,"tags":["n"]},{"word":"awkwardness","score":50967,"tags":["n"]},{"word":"unfamiliarity","score":50966,"tags":["n"]},{"word":"bemusement","score":50965,"tags":["n"]},{"word":"inconfusion","score":50962,"tags":["n"]},{"word":"angst","score":50961,"tags":["n"]},{"word":"disquiet","score":50960,"tags":["n"]},{"word":"controversy","score":50959,"tags":["n"]}]