[{"word":"telekinesis","score":25000,"tags":["n"]},{"word":"psychokinesis","score":24999,"tags":["n"]},{"word":"telepathy","score":24998,"tags":["n"]},{"word":"magical power","score":24997,"tags":["n"]},{"word":"clairvoyance","score":24996,"tags":["n"]},{"word":"pyromancy","score":24995,"tags":["n"]},{"word":"extrasensory","score":24994,"tags":["n"]},{"word":"psychic communication","score":24993,"tags":["n"]},{"word":"white magic","score":24992,"tags":["n","prop"]},{"word":"prestigiation","score":24991,"tags":["n"]},{"word":"fire ship","score":24990,"tags":["n"]},{"word":"black art","score":24989,"tags":["n","prop"]},{"word":"pyrophobia","score":24988,"tags":["n"]},{"word":"precognition","score":24987,"tags":["n"]},{"word":"levitation","score":24986,"tags":["n"]},{"word":"pishogue","score":24985,"tags":["n"]},{"word":"capnomancy","score":24984,"tags":["n"]},{"word":"lampadomancy","score":24983,"tags":["n"]},{"word":"thaumaturgics","score":24982,"tags":["n"]},{"word":"ceraunomancy","score":24981,"tags":["n"]},{"word":"necromancy","score":24980,"tags":["n"]},{"word":"invisibility","score":24979,"tags":["n"]},{"word":"pyromancer","score":24978,"tags":["n"]},{"word":"ignigenous","score":24977,"tags":["n"]},{"word":"magic","score":24976,"tags":["n"]},{"word":"thaumaturgy","score":24975,"tags":["n"]},{"word":"warlockry","score":24974,"tags":["n"]},{"word":"goety","score":24973,"tags":["n"]},{"word":"apotropaism","score":24972,"tags":["n"]},{"word":"teleportation","score":24971,"tags":["n"]},{"word":"osteomancy","score":24970,"tags":["n"]},{"word":"prestidigitation","score":24969,"tags":["n"]},{"word":"scarefire","score":24968,"tags":["n"]},{"word":"magick","score":24967,"tags":["n"]},{"word":"sorcery","score":24966,"tags":["n"]},{"word":"dexterity","score":24965,"tags":["n"]},{"word":"psychomancy","score":24964,"tags":["n"]},{"word":"telepathize","score":24963,"tags":["n"]},{"word":"mastery","score":24962,"tags":["n"]},{"word":"sleight","score":24961,"tags":["n"]},{"word":"thaumatology","score":24960,"tags":["n"]},{"word":"ignipotent","score":24959,"tags":["n"]},{"word":"ignifluous","score":24958,"tags":["n"]},{"word":"psychic phenomenon","score":24957,"tags":["n"]},{"word":"telegnosis","score":24956,"tags":["n"]},{"word":"transmutability","score":24955,"tags":["n"]},{"word":"psychometry","score":24954,"tags":["n"]},{"word":"ninjutsu","score":24953,"tags":["n"]},{"word":"sleight of hand","score":24952,"tags":["n"]},{"word":"supernaturalness","score":24951,"tags":["n"]},{"word":"hypnotism","score":24950,"tags":["n"]},{"word":"daphnomancy","score":24949,"tags":["n"]},{"word":"rhabdomancy","score":24948,"tags":["n"]},{"word":"ability","score":24947,"tags":["n"]},{"word":"preternaturalness","score":24946,"tags":["n"]},{"word":"preternaturality","score":24945,"tags":["n"]},{"word":"haemony","score":24944,"tags":["n"]},{"word":"legerdemain","score":24943,"tags":["n"]},{"word":"sideromancy","score":24942,"tags":["n"]},{"word":"potion","score":24941,"tags":["n"]},{"word":"fire","score":24940,"tags":["n"]},{"word":"featness","score":24939,"tags":["n"]},{"word":"suffumigation","score":24938,"tags":["n"]},{"word":"pyrotechny","score":24937,"tags":["n"]},{"word":"accend","score":24936,"tags":["n"]},{"word":"invulnerability","score":24935,"tags":["n"]},{"word":"magic trick","score":24934,"tags":["n"]},{"word":"tesla coil","score":24933,"tags":["n"]},{"word":"ceraunoscopy","score":24932,"tags":["n"]},{"word":"physical property","score":24931,"tags":["n"]},{"word":"sleighty","score":24930,"tags":["n"]},{"word":"shapeshifting","score":24929,"tags":["n"]},{"word":"scapulimancy","score":24928,"tags":["n"]},{"word":"indexterity","score":24927,"tags":["n"]},{"word":"skill","score":24926,"tags":["n"]},{"word":"botanomancy","score":24925,"tags":["n"]},{"word":"ingeny","score":24924,"tags":["n"]},{"word":"greek fire","score":24923,"tags":["n","prop"]},{"word":"fireball","score":24922,"tags":["n"]},{"word":"cerebricity","score":24921,"tags":["n"]},{"word":"targeteer","score":24920,"tags":["n"]},{"word":"magic eye","score":24919,"tags":["n"]},{"word":"levitate","score":24918,"tags":["n"]},{"word":"wingmanship","score":24917,"tags":["n"]},{"word":"hypnotization","score":24916,"tags":["n"]},{"word":"conjuration","score":24915,"tags":["n"]},{"word":"somnolism","score":24914,"tags":["n"]},{"word":"aeromancy","score":24913,"tags":["n"]},{"word":"thermomagnetism","score":24912,"tags":["n"]},{"word":"theurgist","score":24911,"tags":["n"]},{"word":"demonry","score":24910,"tags":["n"]},{"word":"thimblerig","score":24909,"tags":["n"]},{"word":"pyrotechnist","score":24908,"tags":["n"]},{"word":"telesm","score":24907,"tags":["n","prop"]},{"word":"elementalism","score":24906,"tags":["n"]},{"word":"intellect","score":24905,"tags":["n"]},{"word":"clairaudience","score":24904,"tags":["n"]},{"word":"flamethrower","score":24903,"tags":["n"]},{"word":"dysbulia","score":24902,"tags":["n"]},{"word":"deftness","score":24901,"tags":["n"]}]