[{"word":"aut","score":10714},{"word":"out","score":10714,"tags":["n","v","adj","adv"]},{"word":"lunge","score":10662,"tags":["n","v"]},{"word":"scar","score":10662,"tags":["n"]},{"word":"sword","score":10662,"tags":["n"]},{"word":"dawn","score":10570,"tags":["n"]},{"word":"eluding","score":10570,"tags":["n"]},{"word":"oasis","score":10570,"tags":["n"]},{"word":"sharp","score":10570,"tags":["adj"]},{"word":"fight","score":10530,"tags":["v","n"]},{"word":"satisfaction","score":10530,"tags":["n"]},{"word":"battle","score":10478,"tags":["n"]},{"word":"blade","score":10478,"tags":["n"]},{"word":"call","score":10478,"tags":["v","n"]},{"word":"cartel","score":10478,"tags":["n"]},{"word":"challenge","score":10478,"tags":["n","v"]},{"word":"combat","score":10478,"tags":["n","v"]},{"word":"cut","score":10478,"tags":["v","n"]},{"word":"dishonor","score":10478,"tags":["n","v"]},{"word":"distance","score":10478,"tags":["n"]},{"word":"distancing","score":10478,"tags":["v","n"]},{"word":"draw","score":10478,"tags":["v"]},{"word":"feud","score":10478,"tags":["n"]},{"word":"grief","score":10478,"tags":["n"]},{"word":"honor","score":10478,"tags":["n","v"]},{"word":"honoring","score":10478,"tags":["n"]},{"word":"honors","score":10478,"tags":["n"]},{"word":"honour","score":10478,"tags":["n"]},{"word":"mourning","score":10478,"tags":["n"]},{"word":"pace","score":10478,"tags":["n"]},{"word":"race","score":10478,"tags":["n"]},{"word":"receive","score":10478,"tags":["v"]},{"word":"received","score":10478,"tags":["adj"]},{"word":"second","score":10478,"tags":["adj","n"]},{"word":"seconds","score":10478,"tags":["n"]},{"word":"sorrow","score":10478,"tags":["n"]},{"word":"tilt","score":10478,"tags":["n","v"]},{"word":"try","score":10478,"tags":["v"]},{"word":"belligerence","score":10161,"tags":["n"]},{"word":"bullying","score":10161,"tags":["n"]},{"word":"bye","score":10161,"tags":["n"]},{"word":"chosen","score":10161,"tags":["n","adj"]},{"word":"culture","score":10161,"tags":["n"]},{"word":"dumping","score":10161,"tags":["n"]},{"word":"enclave","score":10161,"tags":["n"]},{"word":"espionage","score":10161,"tags":["n"]},{"word":"establishment","score":10161,"tags":["n"]},{"word":"hallowed","score":10161,"tags":["adj"]},{"word":"lynching","score":10161,"tags":["n"]},{"word":"stalking","score":10161,"tags":["n"]},{"word":"aaron","score":4649,"tags":["n","prop"]},{"word":"banjo","score":4649,"tags":["n"]},{"word":"burr","score":4649,"tags":["n"]},{"word":"duel","score":4649,"tags":["n"]},{"word":"duelist","score":4649,"tags":["n"]},{"word":"duello","score":4649,"tags":["n"]},{"word":"duelo","score":4649,"tags":["n"]},{"word":"epee","score":4649,"tags":["n"]},{"word":"foil","score":4649,"tags":["n"]},{"word":"pistol","score":4649,"tags":["n"]},{"word":"saber","score":4649,"tags":["n"]},{"word":"complimentary","score":4557,"tags":["adj"]},{"word":"duet","score":4557,"tags":["n"]},{"word":"repartee","score":4557,"tags":["n"]},{"word":"swordplay","score":4557,"tags":["n"]},{"word":"aaron burr","score":4465,"tags":["n","prop"]},{"word":"abc","score":4465,"tags":["n","prop"]},{"word":"affair","score":4465,"tags":["n"]},{"word":"affaire","score":4465,"tags":["n"]},{"word":"aforesaid","score":4465,"tags":["adj","adv","n"]},{"word":"alexander hamilton","score":4465,"tags":["n","prop"]},{"word":"athos","score":4465,"tags":["n"]},{"word":"call-out","score":4465,"tags":["n"]},{"word":"call out","score":4465,"tags":["v"]},{"word":"camptight","score":4465},{"word":"challenger","score":4465,"tags":["n"]},{"word":"cyrano de bergerac","score":4465,"tags":["prop"]},{"word":"delope","score":4465},{"word":"dependency","score":4465,"tags":["n"]},{"word":"diel","score":4465,"tags":["adj","n"]},{"word":"dueler","score":4465,"tags":["n"]},{"word":"dueller","score":4465,"tags":["n"]},{"word":"duelling","score":4465,"tags":["n","v"]},{"word":"duellist","score":4465,"tags":["n"]},{"word":"epeeist","score":4465},{"word":"epees","score":4465,"tags":["n"]},{"word":"evariste galois","score":4465,"tags":["n","prop"]},{"word":"field of honor","score":4465,"tags":["n"]},{"word":"galois","score":4465,"tags":["n","prop"]},{"word":"gunfight","score":4465,"tags":["n"]},{"word":"gunslinger","score":4465,"tags":["n"]},{"word":"hamilton","score":4465,"tags":["n","prop"]},{"word":"holmgang","score":4465,"tags":["n"]},{"word":"joust","score":4465,"tags":["n","v"]},{"word":"laertes","score":4465,"tags":["n"]},{"word":"meeting","score":4465,"tags":["n"]},{"word":"monomachist","score":4465},{"word":"monomachy","score":4465,"tags":["n"]},{"word":"mythology","score":4465,"tags":["n"]},{"word":"noon","score":4465,"tags":["n"]}]