[{"word":"music","score":10713,"tags":["n"]},{"word":"simple","score":10643,"tags":["adj"]},{"word":"simples","score":10643,"tags":["n"]},{"word":"appoggiatura","score":10588,"tags":["n"]},{"word":"bagpipes","score":10588,"tags":["n"]},{"word":"blackhole","score":10588,"tags":["n"]},{"word":"clepsydra","score":10588,"tags":["n"]},{"word":"collegial","score":10588,"tags":["adj"]},{"word":"escaped","score":10588,"tags":["adj"]},{"word":"fossilize","score":10588,"tags":["v"]},{"word":"millennium","score":10588,"tags":["n"]},{"word":"narrow","score":10588,"tags":["adj"]},{"word":"part","score":10588,"tags":["n"]},{"word":"peace","score":10588,"tags":["n"]},{"word":"unison","score":10588,"tags":["n"]},{"word":"variation","score":10588,"tags":["n"]},{"word":"water clock","score":10588,"tags":["n"]},{"word":"water glass","score":10588,"tags":["n"]},{"word":"close","score":10494,"tags":["adv","adj"]},{"word":"finale","score":10494,"tags":["n"]},{"word":"kast","score":10494,"tags":["n","prop"]},{"word":"last","score":10494,"tags":["adj"]},{"word":"order","score":10494,"tags":["n"]},{"word":"processed","score":10494,"tags":["adj"]},{"word":"processing","score":10494,"tags":["n"]},{"word":"rhythm","score":10494,"tags":["n"]},{"word":"short","score":10494,"tags":["adj"]},{"word":"shorts","score":10494,"tags":["n"]},{"word":"start","score":10494,"tags":["v","n"]},{"word":"strat","score":10494,"tags":["n"]},{"word":"time","score":10494,"tags":["n"]},{"word":"tune","score":10494,"tags":["n"]},{"word":"tuned","score":10494,"tags":["adj"]},{"word":"free","score":10479,"tags":["adj"]},{"word":"freeing","score":10479,"tags":["n"]},{"word":"antecedent","score":10424,"tags":["n","adj"]},{"word":"augmentation","score":10424,"tags":["n"]},{"word":"canon","score":10424,"tags":["n"]},{"word":"counter","score":10424,"tags":["n","adj"]},{"word":"entry","score":10424,"tags":["n"]},{"word":"guide","score":10424,"tags":["n","v"]},{"word":"guided","score":10424,"tags":["adj"]},{"word":"guiding","score":10424,"tags":["adj"]},{"word":"point","score":10424,"tags":["n"]},{"word":"points","score":10424,"tags":["n"]},{"word":"principal","score":10424,"tags":["n"]},{"word":"real","score":10424,"tags":["adj"]},{"word":"regular","score":10424,"tags":["adj"]},{"word":"stretto","score":10424,"tags":["n"]},{"word":"accompaniment","score":10369,"tags":["n"]},{"word":"adapt","score":10369,"tags":["v"]},{"word":"air","score":10369,"tags":["n"]},{"word":"alan","score":10369,"tags":["n","prop"]},{"word":"assonance","score":10369,"tags":["n"]},{"word":"atone","score":10369,"tags":["v"]},{"word":"atonement","score":10369,"tags":["n"]},{"word":"aut","score":10369},{"word":"backfire","score":10369,"tags":["v","n"]},{"word":"battuta","score":10369,"tags":["n","prop"]},{"word":"beat","score":10369,"tags":["v","n"]},{"word":"beats","score":10369,"tags":["n"]},{"word":"blower","score":10369,"tags":["n"]},{"word":"bolt","score":10369,"tags":["n"]},{"word":"box","score":10369,"tags":["n"]},{"word":"break","score":10369,"tags":["v","n"]},{"word":"cadence","score":10369,"tags":["n"]},{"word":"cadenced","score":10369,"tags":["adj"]},{"word":"cadences","score":10369,"tags":["n"]},{"word":"camp","score":10369,"tags":["n"]},{"word":"candle","score":10369,"tags":["n"]},{"word":"chance","score":10369,"tags":["n"]},{"word":"change","score":10369,"tags":["n","v"]},{"word":"changing","score":10369,"tags":["adj"]},{"word":"chant","score":10369,"tags":["n","v"]},{"word":"chanted","score":10369,"tags":["adj"]},{"word":"chime","score":10369,"tags":["n","v"]},{"word":"chorale","score":10369,"tags":["n"]},{"word":"chord","score":10369,"tags":["n"]},{"word":"clash","score":10369,"tags":["n"]},{"word":"cold","score":10369,"tags":["adj","n"]},{"word":"come","score":10369,"tags":["v"]},{"word":"concert","score":10369,"tags":["n"]},{"word":"concur","score":10369,"tags":["v"]},{"word":"consecutive","score":10369,"tags":["adj"]},{"word":"consistent","score":10369,"tags":["adj"]},{"word":"corner","score":10369,"tags":["n"]},{"word":"cornering","score":10369,"tags":["v","n"]},{"word":"correspond","score":10369,"tags":["v"]},{"word":"counterpoint","score":10369,"tags":["n"]},{"word":"covenant","score":10369,"tags":["n"]},{"word":"creep","score":10369,"tags":["n","v"]},{"word":"creeps","score":10369,"tags":["n"]},{"word":"custody","score":10369,"tags":["n"]},{"word":"cut","score":10369,"tags":["v","n"]},{"word":"dall","score":10369,"tags":["n","prop"]},{"word":"desert","score":10369,"tags":["n"]},{"word":"deserts","score":10369,"tags":["n"]},{"word":"desperate","score":10369,"tags":["adj"]},{"word":"detail","score":10369,"tags":["n"]},{"word":"detente","score":10369,"tags":["n"]}]