[{"word":"snout","score":91075,"tags":["syn","n"]},{"word":"honker","score":85523,"tags":["syn","n"]},{"word":"snoot","score":83450,"tags":["syn","n"]},{"word":"nib","score":83192,"tags":["syn","n"]},{"word":"nozzle","score":82865,"tags":["syn","n"]},{"word":"peck","score":80966,"tags":["syn","n","v"]},{"word":"neb","score":78232,"tags":["syn","n"]},{"word":"hooter","score":77442,"tags":["syn","n"]},{"word":"bill","score":73158,"tags":["syn","n"]},{"word":"pick","score":71139,"tags":["syn","v"]},{"word":"schnozzle","score":71022,"tags":["syn","n"]},{"word":"nose","score":68328,"tags":["n"]},{"word":"tooth","score":65592,"tags":["n"]},{"word":"parrot","score":64524,"tags":["n"]},{"word":"mouth","score":62734,"tags":["n"]},{"word":"hare","score":60840,"tags":["n"]},{"word":"pliers","score":60509,"tags":["n"]},{"word":"kisser","score":60191,"tags":["n"]},{"word":"kiss","score":57463,"tags":["n"]},{"word":"tip","score":55542,"tags":["n"]},{"word":"oct","score":52136,"tags":["n","prop"]},{"word":"quebec","score":51937,"tags":["n","prop"]},{"word":"burner","score":51832,"tags":["n"]},{"word":"summit","score":51660,"tags":["n"]},{"word":"bbb","score":50968,"tags":["n","prop"]},{"word":"clb","score":50968,"tags":["n"]},{"word":"oce","score":50968,"tags":["n"]},{"word":"oci","score":50968,"tags":["n","prop"]},{"word":"bec","score":50967,"tags":["n"]},{"word":"canine tooth","score":50966,"tags":["n"]},{"word":"pectoral fin","score":50965,"tags":["n"]},{"word":"gonydial","score":50964,"tags":["n"]},{"word":"talons","score":50963,"tags":["n"]},{"word":"gonys","score":50962,"tags":["n"]},{"word":"mouthparts","score":50961,"tags":["n"]},{"word":"rostrulum","score":50960,"tags":["n"]},{"word":"mandibles","score":50959,"tags":["n"]},{"word":"proboscis","score":50958,"tags":["n"]},{"word":"claws","score":50957,"tags":["n"]},{"word":"dorsal fin","score":50956,"tags":["n"]},{"word":"feathers","score":50955,"tags":["n"]},{"word":"carapace","score":50954,"tags":["n"]},{"word":"downy woodpecker","score":50952,"tags":["n"]},{"word":"pincers","score":50951,"tags":["n"]},{"word":"incisors","score":50950,"tags":["n"]},{"word":"epithema","score":50949,"tags":["n"]},{"word":"sparrow hawk","score":50948,"tags":["n"]},{"word":"forewings","score":50947,"tags":["n"]},{"word":"ear lobe","score":50946,"tags":["n"]},{"word":"barbels","score":50945,"tags":["n"]},{"word":"radula","score":50944,"tags":["n"]},{"word":"anhinga","score":50943,"tags":["n"]},{"word":"underparts","score":50942,"tags":["n"]},{"word":"plumage","score":50941,"tags":["n"]},{"word":"fangs","score":50940,"tags":["n"]},{"word":"eye socket","score":50939,"tags":["n"]},{"word":"nostrils","score":50938,"tags":["n"]},{"word":"scutes","score":50937,"tags":["n"]},{"word":"halfbeak","score":50936,"tags":["n"]},{"word":"pelvic fin","score":50935,"tags":["n"]},{"word":"tail feather","score":50934,"tags":["n"]},{"word":"ovipositor","score":50933,"tags":["n"]},{"word":"pileated","score":50932,"tags":["n"]},{"word":"palps","score":50931,"tags":["n"]},{"word":"jaw","score":50930,"tags":["n"]},{"word":"skull","score":50929,"tags":["n"]},{"word":"forficate","score":50928,"tags":["n"]},{"word":"desmognathous","score":50927,"tags":["n"]},{"word":"tree shrew","score":50926,"tags":["n"]},{"word":"schizognathous","score":50925,"tags":["n"]},{"word":"tail","score":50924,"tags":["n"]},{"word":"uropygium","score":50923,"tags":["n"]},{"word":"twig","score":50922,"tags":["n"]},{"word":"paw","score":50921,"tags":["n"]},{"word":"daddy longlegs","score":50920,"tags":["n"]},{"word":"uvula","score":50919,"tags":["n"]},{"word":"insectivore","score":50918,"tags":["n"]},{"word":"whiskers","score":50917,"tags":["n"]},{"word":"plastron","score":50916,"tags":["n"]},{"word":"deltidium","score":50915,"tags":["n"]},{"word":"serrations","score":50914,"tags":["n"]},{"word":"pteranodon","score":50913,"tags":["n"]},{"word":"molts","score":50912,"tags":["n"]},{"word":"moray","score":50911,"tags":["n","prop"]},{"word":"sphinx moth","score":50910,"tags":["n"]},{"word":"quills","score":50909,"tags":["n"]},{"word":"stag beetle","score":50908,"tags":["n"]},{"word":"hairlike","score":50907,"tags":["n"]},{"word":"baleen","score":50906,"tags":["n"]},{"word":"cranium","score":50905,"tags":["n"]},{"word":"ventral fin","score":50904,"tags":["n"]},{"word":"tubercles","score":50903,"tags":["n"]},{"word":"turkey vulture","score":50902,"tags":["n"]},{"word":"suckerfish","score":50901,"tags":["n"]},{"word":"sapsucker","score":50900,"tags":["n"]},{"word":"plumicorn","score":50899,"tags":["n"]},{"word":"linnet","score":50898,"tags":["n"]},{"word":"aylet","score":50897,"tags":["n","prop"]},{"word":"gila monster","score":50896,"tags":["n","prop"]},{"word":"fiddler crab","score":50895,"tags":["n"]}]