[{"word":"foreknowledge","score":81266,"tags":["syn","n"]},{"word":"clairvoyance","score":51387,"tags":["n"]},{"word":"telepathy","score":51386,"tags":["n"]},{"word":"psychokinesis","score":51385,"tags":["n"]},{"word":"extrasensory","score":51384,"tags":["n"]},{"word":"extrasensory perception","score":51383,"tags":["n"]},{"word":"telekinesis","score":51382,"tags":["n"]},{"word":"paranormal","score":51381,"tags":["n"]},{"word":"mediumship","score":51380,"tags":["n"]},{"word":"teleportation","score":51379,"tags":["n"]},{"word":"psychometry","score":51378,"tags":["n"]},{"word":"intuition","score":51377,"tags":["n"]},{"word":"divination","score":51376,"tags":["n"]},{"word":"mentalism","score":51375,"tags":["n"]},{"word":"hallucination","score":51374,"tags":["n"]},{"word":"synesthesia","score":51373,"tags":["n"]},{"word":"synaesthesia","score":51372,"tags":["n"]},{"word":"omniscience","score":51371,"tags":["n"]},{"word":"telepath","score":51370,"tags":["n"]},{"word":"psychical","score":51369,"tags":["n"]},{"word":"presentiment","score":51368,"tags":["n"]},{"word":"psychic phenomena","score":51367,"tags":["n"]},{"word":"premonitions","score":51366,"tags":["n"]},{"word":"relativity theory","score":51365,"tags":["n"]},{"word":"ratiocination","score":51364,"tags":["n"]},{"word":"pareidolia","score":51363,"tags":["n"]},{"word":"impossibilities","score":51362,"tags":["n"]},{"word":"suggestibility","score":51361,"tags":["n"]},{"word":"psychics","score":51360,"tags":["n"]},{"word":"parapsychological","score":51359,"tags":["n"]},{"word":"intuiting","score":51358,"tags":["n"]},{"word":"agelessness","score":51357,"tags":["n"]},{"word":"deductive reasoning","score":51356,"tags":["n"]},{"word":"clairvoyants","score":51355,"tags":["n"]},{"word":"conjuration","score":51354,"tags":["n"]},{"word":"necromancy","score":51353,"tags":["n"]},{"word":"mesmerism","score":51352,"tags":["n"]},{"word":"psychohistory","score":51351,"tags":["n"]},{"word":"mentalist","score":51350,"tags":["n"]},{"word":"psychic communication","score":51349,"tags":["n"]},{"word":"synchronicities","score":51348,"tags":["n"]},{"word":"disproof","score":51347,"tags":["n"]},{"word":"immanence","score":51346,"tags":["n"]},{"word":"mimesis","score":51345,"tags":["n"]},{"word":"ufology","score":51344,"tags":["n"]},{"word":"cenobites","score":51343,"tags":["n"]},{"word":"singularity","score":51342,"tags":["n"]},{"word":"phrenology","score":51341,"tags":["n"]},{"word":"engram","score":51340,"tags":["n"]},{"word":"quantum mechanics","score":51339,"tags":["n"]},{"word":"magnetic monopole","score":51338,"tags":["n"]},{"word":"quantum theory","score":51337,"tags":["n"]},{"word":"enchantments","score":51336,"tags":["n"]},{"word":"supersolid","score":51335,"tags":["n"]},{"word":"apparitions","score":51334,"tags":["n"]},{"word":"experiencer","score":51333,"tags":["n"]},{"word":"quantum physics","score":51332,"tags":["n"]},{"word":"astral","score":51331,"tags":["n"]},{"word":"indwelling","score":51330,"tags":["n"]},{"word":"auras","score":51329,"tags":["n"]},{"word":"illusionism","score":51328,"tags":["n"]},{"word":"divine","score":51327,"tags":["n"]},{"word":"noosphere","score":51326,"tags":["n"]},{"word":"transhuman","score":51325,"tags":["n"]},{"word":"kirlian","score":51324,"tags":["n","prop"]},{"word":"theorems","score":51323,"tags":["n"]},{"word":"kirlian photography","score":51322,"tags":["n","prop"]},{"word":"archons","score":51321,"tags":["n"]},{"word":"antigravity","score":51320,"tags":["n"]},{"word":"heisenberg uncertainty principle","score":51319,"tags":["n","prop"]},{"word":"unlikeliness","score":51318,"tags":["n"]},{"word":"abiogenesis","score":51317,"tags":["n"]},{"word":"inexplicability","score":51316,"tags":["n"]},{"word":"boundlessness","score":51315,"tags":["n"]},{"word":"finitude","score":51314,"tags":["n"]},{"word":"solitariness","score":51313,"tags":["n"]},{"word":"plausibility","score":51312,"tags":["n"]},{"word":"levitation","score":51311,"tags":["n"]},{"word":"teleology","score":51310,"tags":["n"]},{"word":"ectoplasm","score":51309,"tags":["n"]},{"word":"promethea","score":51308,"tags":["n"]},{"word":"celestial mechanics","score":51307,"tags":["n","prop"]},{"word":"mystic","score":51306,"tags":["n"]},{"word":"aether","score":51305,"tags":["n"]},{"word":"simultaneity","score":51304,"tags":["n"]},{"word":"contraries","score":51303,"tags":["n"]},{"word":"clairaudience","score":51302,"tags":["n"]},{"word":"unnamable","score":51301,"tags":["n","prop"]},{"word":"perfectibility","score":51300,"tags":["n"]},{"word":"limitlessness","score":51299,"tags":["n"]},{"word":"prestidigitation","score":51298,"tags":["n"]},{"word":"boson","score":51297,"tags":["n"]},{"word":"metaphysics","score":51296,"tags":["n"]},{"word":"hypnosis","score":51295,"tags":["n"]},{"word":"occult","score":51294,"tags":["n"]},{"word":"immateriality","score":51293,"tags":["n"]},{"word":"wormholes","score":51292,"tags":["n"]},{"word":"macroevolution","score":51291,"tags":["n"]},{"word":"omnipotence","score":51290,"tags":["n"]},{"word":"physic","score":51289,"tags":["n"]}]