[{"word":"leg","score":11526,"tags":["n"]},{"word":"temple","score":11526,"tags":["n"]},{"word":"club","score":10592,"tags":["n"]},{"word":"bond","score":10504,"tags":["n"]},{"word":"common","score":10504,"tags":["adj"]},{"word":"twist","score":10504,"tags":["n","v"]},{"word":"amphibolic","score":10499,"tags":["n","adj"]},{"word":"eod","score":10499,"tags":["n"]},{"word":"rod","score":10499,"tags":["n"]},{"word":"tarsal","score":10499,"tags":["adj","n"]},{"word":"agile","score":10477,"tags":["adj"]},{"word":"joint-fir","score":10477},{"word":"lithe","score":10477,"tags":["adj"]},{"word":"paspalum","score":10477,"tags":["n"]},{"word":"spinneret","score":10477,"tags":["n"]},{"word":"tripod","score":10477,"tags":["n"]},{"word":"alula","score":10455,"tags":["n"]},{"word":"clubbing","score":10455,"tags":["n"]},{"word":"clubs","score":10455,"tags":["n"]},{"word":"cover","score":10455,"tags":["v","n"]},{"word":"covers","score":10455,"tags":["v","n"]},{"word":"dactyl","score":10455,"tags":["n"]},{"word":"deltoid","score":10455,"tags":["adj","n"]},{"word":"deltoid muscle","score":10455,"tags":["n"]},{"word":"digit","score":10455,"tags":["n"]},{"word":"gusset","score":10455,"tags":["n"]},{"word":"kneecap","score":10455,"tags":["n"]},{"word":"kneepan","score":10455,"tags":["n"]},{"word":"musculus deltoideus","score":10455,"tags":["n"]},{"word":"palette","score":10455,"tags":["n"]},{"word":"patella","score":10455,"tags":["n"]},{"word":"pennisetum","score":10455,"tags":["n","prop"]},{"word":"sector","score":10455,"tags":["n"]},{"word":"sleeve","score":10455,"tags":["n"]},{"word":"spa","score":10455,"tags":["n"]},{"word":"tarsus","score":10455,"tags":["n"]},{"word":"tee","score":10455,"tags":["n"]},{"word":"traverso","score":10455,"tags":["n"]},{"word":"triarticulate","score":10455},{"word":"trimera","score":10455,"tags":["n"]},{"word":"triumvir","score":10455,"tags":["n"]},{"word":"triumvirate","score":10455,"tags":["n"]},{"word":"alliance","score":10435,"tags":["n"]},{"word":"article","score":10411,"tags":["n"]},{"word":"articles","score":10411,"tags":["n"]},{"word":"epiphyllum","score":10411,"tags":["n"]},{"word":"grass","score":10411,"tags":["n"]},{"word":"ischium","score":10411,"tags":["n"]},{"word":"link","score":10411,"tags":["n","v"]},{"word":"linking","score":10411,"tags":["v"]},{"word":"ray","score":10411,"tags":["n"]},{"word":"reed","score":10411,"tags":["n"]},{"word":"grassed","score":10389,"tags":["v","adj"]},{"word":"legs","score":10389,"tags":["n"]},{"word":"leh","score":10389,"tags":["n","prop"]},{"word":"limb","score":10389,"tags":["n"]},{"word":"myriapoda","score":10389,"tags":["n","prop"]},{"word":"rule","score":10389,"tags":["n"]},{"word":"ruled","score":10389,"tags":["adj"]},{"word":"scorpion","score":10389,"tags":["n"]},{"word":"toe","score":10389,"tags":["n"]},{"word":"top","score":10389,"tags":["n","adj"]},{"word":"track","score":10389,"tags":["n"]},{"word":"action","score":10367,"tags":["n"]},{"word":"aspect","score":10367,"tags":["n"]},{"word":"astragal","score":10367,"tags":["n"]},{"word":"back","score":10367,"tags":["adv"]},{"word":"bak","score":10367,"tags":["n"]},{"word":"bar","score":10367,"tags":["n"]},{"word":"baron","score":10367,"tags":["n"]},{"word":"barrelled","score":10367,"tags":["adj"]},{"word":"bars","score":10367,"tags":["n"]},{"word":"between","score":10367,"tags":["adv"]},{"word":"biceps","score":10367,"tags":["n"]},{"word":"blind","score":10367,"tags":["adj","n"]},{"word":"blinds","score":10367,"tags":["n","v"]},{"word":"bolt","score":10367,"tags":["n"]},{"word":"brace","score":10367,"tags":["n"]},{"word":"break","score":10367,"tags":["v","n"]},{"word":"brick","score":10367,"tags":["n"]},{"word":"bur","score":10367,"tags":["n"]},{"word":"business","score":10367,"tags":["n"]},{"word":"call","score":10367,"tags":["v","n"]},{"word":"capsule","score":10367,"tags":["n"]},{"word":"case","score":10367,"tags":["n"]},{"word":"cast","score":10367,"tags":["v","n"]},{"word":"cat","score":10367,"tags":["n"]},{"word":"caterpillar","score":10367,"tags":["n"]},{"word":"cell","score":10367,"tags":["n"]},{"word":"chase","score":10367,"tags":["n","v"]},{"word":"checker","score":10367,"tags":["n"]},{"word":"chine","score":10367,"tags":["n"]},{"word":"clip","score":10367,"tags":["n"]},{"word":"close","score":10367,"tags":["adv","adj"]},{"word":"com","score":10367,"tags":["n"]},{"word":"comet","score":10367,"tags":["n"]},{"word":"commission","score":10367,"tags":["n"]},{"word":"company","score":10367,"tags":["n"]},{"word":"con","score":10367,"tags":["n"]},{"word":"concurrence","score":10367,"tags":["n"]}]