[{"word":"thought transference","score":75304,"tags":["syn","n"]},{"word":"precognitive","score":65329,"tags":["adj"]},{"word":"secret","score":57397,"tags":["n"]},{"word":"esp","score":55668,"tags":["n"]},{"word":"precognition","score":51313,"tags":["n"]},{"word":"telekinesis","score":51312,"tags":["n"]},{"word":"extrasensory","score":51311,"tags":["n"]},{"word":"clairvoyance","score":51310,"tags":["n"]},{"word":"psychokinesis","score":51309,"tags":["n"]},{"word":"teleportation","score":51308,"tags":["n"]},{"word":"extrasensory perception","score":51307,"tags":["n"]},{"word":"telepath","score":51306,"tags":["n"]},{"word":"intuition","score":51305,"tags":["n"]},{"word":"paranormal","score":51304,"tags":["n"]},{"word":"mesmerism","score":51303,"tags":["n"]},{"word":"synesthesia","score":51302,"tags":["n"]},{"word":"necromancy","score":51301,"tags":["n"]},{"word":"astral","score":51300,"tags":["n"]},{"word":"levitation","score":51299,"tags":["n"]},{"word":"psychometry","score":51298,"tags":["n"]},{"word":"mentalism","score":51297,"tags":["n"]},{"word":"empath","score":51296,"tags":["n"]},{"word":"mediumship","score":51295,"tags":["n"]},{"word":"sentience","score":51294,"tags":["n"]},{"word":"clairvoyant","score":51293,"tags":["n"]},{"word":"shapeshifting","score":51292,"tags":["n"]},{"word":"hallucination","score":51291,"tags":["n"]},{"word":"hypnotism","score":51290,"tags":["n"]},{"word":"magick","score":51289,"tags":["n"]},{"word":"synaesthesia","score":51288,"tags":["n"]},{"word":"psychical","score":51287,"tags":["n"]},{"word":"spiritism","score":51286,"tags":["n"]},{"word":"brainwave","score":51285,"tags":["n"]},{"word":"hypnosis","score":51284,"tags":["n"]},{"word":"psychic communication","score":51283,"tags":["n"]},{"word":"telepathize","score":51282,"tags":["n"]},{"word":"psychic phenomena","score":51281,"tags":["n"]},{"word":"telegnosis","score":51280,"tags":["n"]},{"word":"synchronicities","score":51279,"tags":["n"]},{"word":"deductive reasoning","score":51278,"tags":["n"]},{"word":"quantum physics","score":51277,"tags":["n"]},{"word":"planchette","score":51276,"tags":["n"]},{"word":"agelessness","score":51275,"tags":["n"]},{"word":"auras","score":51274,"tags":["n"]},{"word":"attunement","score":51273,"tags":["n"]},{"word":"ratiocination","score":51272,"tags":["n"]},{"word":"ouija board","score":51271,"tags":["n"]},{"word":"premonitions","score":51270,"tags":["n"]},{"word":"magnetism","score":51269,"tags":["n"]},{"word":"psychic phenomenon","score":51268,"tags":["n"]},{"word":"intuiting","score":51267,"tags":["n"]},{"word":"artificial intelligence","score":51266,"tags":["n"]},{"word":"mystic","score":51265,"tags":["n"]},{"word":"psychics","score":51264,"tags":["n"]},{"word":"pareidolia","score":51263,"tags":["n"]},{"word":"relativity theory","score":51262,"tags":["n"]},{"word":"cybernetics","score":51261,"tags":["n"]},{"word":"wetware","score":51260,"tags":["n"]},{"word":"kinesis","score":51259,"tags":["n"]},{"word":"ambidexterity","score":51258,"tags":["n"]},{"word":"magnetic monopole","score":51257,"tags":["n"]},{"word":"conjuration","score":51256,"tags":["n"]},{"word":"parapsychological","score":51255,"tags":["n"]},{"word":"epiphenomena","score":51254,"tags":["n"]},{"word":"metaphysics","score":51253,"tags":["n"]},{"word":"cyclopes","score":51252,"tags":["n"]},{"word":"omniscience","score":51251,"tags":["n"]},{"word":"aether","score":51250,"tags":["n"]},{"word":"gnosis","score":51249,"tags":["n"]},{"word":"physic","score":51248,"tags":["n"]},{"word":"echolocation","score":51247,"tags":["n"]},{"word":"operant conditioning","score":51246,"tags":["n"]},{"word":"duende","score":51245,"tags":["n"]},{"word":"wizardry","score":51244,"tags":["n"]},{"word":"beings","score":51243,"tags":["n"]},{"word":"mentalist","score":51242,"tags":["n"]},{"word":"heisenberg uncertainty principle","score":51241,"tags":["n","prop"]},{"word":"antigravity","score":51240,"tags":["n"]},{"word":"animal magnetism","score":51239,"tags":["n"]},{"word":"ufology","score":51238,"tags":["n"]},{"word":"metaphysicians","score":51237,"tags":["n"]},{"word":"clairaudience","score":51236,"tags":["n"]},{"word":"graviton","score":51235,"tags":["n"]},{"word":"contraries","score":51234,"tags":["n"]},{"word":"boundlessness","score":51233,"tags":["n"]},{"word":"subspace","score":51232,"tags":["n"]},{"word":"wormholes","score":51231,"tags":["n"]},{"word":"psychoacoustics","score":51230,"tags":["n"]},{"word":"lipreading","score":51229,"tags":["n"]},{"word":"strangeness","score":51228,"tags":["n"]},{"word":"verbalization","score":51227,"tags":["n"]},{"word":"quantum mechanics","score":51226,"tags":["n"]},{"word":"transhuman","score":51225,"tags":["n"]},{"word":"neurophysiology","score":51224,"tags":["n"]},{"word":"solitariness","score":51223,"tags":["n"]},{"word":"erwin schrodinger","score":51222,"tags":["n","prop"]},{"word":"suggestibility","score":51221,"tags":["n"]},{"word":"prestidigitation","score":51220,"tags":["n"]},{"word":"ectoplasm","score":51219,"tags":["n"]},{"word":"archons","score":51218,"tags":["n"]}]