[{"word":"defensive","score":59551,"tags":["syn","adj"]},{"word":"fencer","score":53029,"tags":["adj"]},{"word":"kendo","score":53028,"tags":["adj"]},{"word":"savate","score":53027,"tags":["adj"]},{"word":"salle","score":53026,"tags":["adj","prop"]},{"word":"jeune fille","score":53025,"tags":["adj","prop"]},{"word":"castanet","score":53024,"tags":["adj"]},{"word":"picador","score":53023,"tags":["adj"]},{"word":"winsomely","score":53022,"tags":["adj"]},{"word":"semaphoring","score":53021,"tags":["adj"]},{"word":"cabriole","score":53020,"tags":["adj"]},{"word":"tricolore","score":53019,"tags":["adj"]},{"word":"imploringly","score":53018,"tags":["adj"]},{"word":"plie","score":53017,"tags":["adj"]},{"word":"consolingly","score":53016,"tags":["adj"]},{"word":"rapiers","score":53015,"tags":["adj"]},{"word":"mawashi","score":53014,"tags":["adj"]},{"word":"panzer","score":53013,"tags":["adj"]},{"word":"akimbo","score":53012,"tags":["adj"]},{"word":"saber","score":53011,"tags":["adj"]},{"word":"buckler","score":53010,"tags":["adj"]},{"word":"lisped","score":53009,"tags":["adj"]},{"word":"possessively","score":53008,"tags":["adj"]},{"word":"salto","score":53007,"tags":["adj","prop"]},{"word":"olga korbut","score":53006,"tags":["adj","prop"]},{"word":"blarney stone","score":53005,"tags":["adj"]},{"word":"questioningly","score":53004,"tags":["adj"]},{"word":"ungrammatically","score":53003,"tags":["adj"]},{"word":"histrionically","score":53002,"tags":["adj"]},{"word":"tremulously","score":53001,"tags":["adj"]},{"word":"oblomov","score":53000,"tags":["adj"]},{"word":"signora","score":52999,"tags":["adj"]},{"word":"nonverbally","score":52998,"tags":["adj"]},{"word":"lithely","score":52997,"tags":["adj"]},{"word":"squash racquet","score":52996,"tags":["adj"]},{"word":"openmouthed","score":52995,"tags":["adj"]},{"word":"amusedly","score":52994,"tags":["adj"]},{"word":"coquettishly","score":52993,"tags":["adj"]},{"word":"geste","score":52992,"tags":["adj"]},{"word":"plaisir","score":52991,"tags":["adj"]},{"word":"scalene","score":52990,"tags":["adj"]},{"word":"milking stool","score":52989,"tags":["adj"]},{"word":"whizzer","score":52988,"tags":["adj"]},{"word":"clownishly","score":52987,"tags":["adj"]},{"word":"campanile","score":52986,"tags":["adj"]},{"word":"jete","score":52985,"tags":["adj"]},{"word":"wimple","score":52984,"tags":["adj"]},{"word":"isosceles","score":52983,"tags":["adj"]},{"word":"whinnied","score":52982,"tags":["adj"]},{"word":"gigue","score":52981,"tags":["adj"]},{"word":"scaredy","score":52980,"tags":["adj"]},{"word":"unaccented","score":52979,"tags":["adj"]},{"word":"roly","score":52978,"tags":["adj","prop"]},{"word":"tempus fugit","score":52977,"tags":["adj"]},{"word":"crouch","score":52976,"tags":["adj"]},{"word":"aquiline","score":52975,"tags":["adj"]},{"word":"hmph","score":52974,"tags":["adj"]},{"word":"gesticulates","score":52973,"tags":["adj"]},{"word":"gymnastically","score":52972,"tags":["adj"]},{"word":"tauntingly","score":52971,"tags":["adj"]},{"word":"superfly","score":52970,"tags":["adj","prop"]},{"word":"contrastive","score":52969,"tags":["adj"]},{"word":"goosestep","score":52968,"tags":["adj"]},{"word":"whap","score":52967,"tags":["adj"]},{"word":"tout le monde","score":52966,"tags":["adj"]},{"word":"pleadingly","score":52965,"tags":["adj"]},{"word":"fleshless","score":52964,"tags":["adj"]},{"word":"worshipfully","score":52963,"tags":["adj"]},{"word":"curtseying","score":52962,"tags":["adj"]},{"word":"hollowly","score":52961,"tags":["adj"]},{"word":"battlement","score":52960,"tags":["adj"]},{"word":"stilting","score":52959,"tags":["adj"]},{"word":"scissor","score":52958,"tags":["adj"]},{"word":"unsmilingly","score":52957,"tags":["adj"]},{"word":"rrr","score":52956,"tags":["adj"]},{"word":"sacre","score":52955,"tags":["adj"]},{"word":"corbel","score":52954,"tags":["adj"]},{"word":"fosbury flop","score":52953,"tags":["adj","prop"]},{"word":"ballade","score":52952,"tags":["adj"]},{"word":"bandy legs","score":52951,"tags":["adj"]},{"word":"monsieur","score":52950,"tags":["adj","prop"]},{"word":"elbows","score":52949,"tags":["adj"]},{"word":"tzara","score":52948,"tags":["adj","prop"]},{"word":"clonk","score":52947,"tags":["adj"]},{"word":"teacherly","score":52946,"tags":["adj"]},{"word":"badminton racquet","score":52945,"tags":["adj"]},{"word":"greco","score":52944,"tags":["adj","prop"]},{"word":"contemplatively","score":52943,"tags":["adj"]},{"word":"reproachfully","score":52942,"tags":["adj"]},{"word":"fiddlesticks","score":52941,"tags":["adj"]},{"word":"spiderlike","score":52940,"tags":["adj"]},{"word":"vacuously","score":52939,"tags":["adj"]},{"word":"moonfaced","score":52938,"tags":["adj"]},{"word":"schoolboyish","score":52937,"tags":["adj"]},{"word":"exultantly","score":52936,"tags":["adj"]},{"word":"acanthus","score":52935,"tags":["adj"]},{"word":"wordsworthian","score":52934,"tags":["adj"]},{"word":"hornpipe","score":52933,"tags":["adj"]},{"word":"longue","score":52932,"tags":["adj"]},{"word":"plumb bob","score":52931,"tags":["adj","prop"]}]