[{"word":"sensation","score":12195,"tags":["n"]},{"word":"appreciate","score":11217,"tags":["v"]},{"word":"heat","score":11217,"tags":["n"]},{"word":"het","score":11217,"tags":["adj"]},{"word":"more","score":11217,"tags":["adv"]},{"word":"musth","score":11217,"tags":["n"]},{"word":"raise","score":11217,"tags":["v"]},{"word":"rousing","score":11217,"tags":["adj"]},{"word":"wit","score":11217,"tags":["n"]},{"word":"photosensitivity","score":11051,"tags":["n"]},{"word":"appeal","score":10908,"tags":["n","v"]},{"word":"audience","score":10908,"tags":["n"]},{"word":"audile","score":10908,"tags":["n","adj"]},{"word":"beethoven","score":10908,"tags":["n","prop"]},{"word":"certiorari","score":10908,"tags":["n"]},{"word":"cochlea","score":10908,"tags":["n"]},{"word":"confirmation hearing","score":10908,"tags":["n"]},{"word":"consideration","score":10908,"tags":["n"]},{"word":"courting","score":10908,"tags":["n"]},{"word":"deaf","score":10908,"tags":["adj","n"]},{"word":"debates","score":10908,"tags":["n"]},{"word":"delicious","score":10908,"tags":["adj"]},{"word":"diet","score":10908,"tags":["n"]},{"word":"discussions","score":10908,"tags":["n"]},{"word":"dismiss","score":10908,"tags":["v"]},{"word":"dismissed","score":10908,"tags":["adj"]},{"word":"ear","score":10908,"tags":["n"]},{"word":"elena","score":10908,"tags":["n","prop"]},{"word":"examination","score":10908,"tags":["n"]},{"word":"feel","score":10908,"tags":["v"]},{"word":"feels","score":10908,"tags":["v"]},{"word":"fenestration","score":10908,"tags":["n"]},{"word":"final","score":10908,"tags":["adj"]},{"word":"gain","score":10908,"tags":["v","n"]},{"word":"gaining","score":10908,"tags":["v"]},{"word":"geel","score":10908,"tags":["n","prop"]},{"word":"head","score":10908,"tags":["n"]},{"word":"heads","score":10908,"tags":["n"]},{"word":"hearing aid","score":10908,"tags":["n"]},{"word":"impair","score":10908,"tags":["v"]},{"word":"impaired","score":10908,"tags":["adj"]},{"word":"inquiry","score":10908,"tags":["n"]},{"word":"interrogation","score":10908,"tags":["n"]},{"word":"jurisdiction","score":10908,"tags":["n"]},{"word":"keen","score":10908,"tags":["adj"]},{"word":"knowledge","score":10908,"tags":["n"]},{"word":"look","score":10908,"tags":["v","n"]},{"word":"master","score":10908,"tags":["n"]},{"word":"megaphone","score":10908,"tags":["n"]},{"word":"oyer and terminer","score":10908},{"word":"plea","score":10908,"tags":["n"]},{"word":"prettiness","score":10908,"tags":["n"]},{"word":"review","score":10908,"tags":["n"]},{"word":"sharp","score":10908,"tags":["adj"]},{"word":"sight","score":10908,"tags":["n"]},{"word":"suit","score":10908,"tags":["n","v"]},{"word":"survey","score":10908,"tags":["n"]},{"word":"ultrasonic","score":10908,"tags":["adj"]},{"word":"understand","score":10908,"tags":["v"]},{"word":"view","score":10908,"tags":["n"]},{"word":"viewing","score":10908,"tags":["n"]},{"word":"vision","score":10908,"tags":["n"]},{"word":"acute","score":10897,"tags":["adj"]},{"word":"auditory hyperesthesia","score":10897,"tags":["n"]},{"word":"bell","score":10897,"tags":["n"]},{"word":"compliment","score":10897,"tags":["n"]},{"word":"compliments","score":10897,"tags":["n"]},{"word":"hyperacusia","score":10897,"tags":["n"]},{"word":"hyperacusis","score":10897,"tags":["n"]},{"word":"ultrasound","score":10897,"tags":["n"]},{"word":"abalone","score":10886,"tags":["n"]},{"word":"aberration","score":10886,"tags":["n"]},{"word":"above","score":10886,"tags":["adv","adj"]},{"word":"accelerant","score":10886,"tags":["n"]},{"word":"accelerate","score":10886,"tags":["v"]},{"word":"accession","score":10886,"tags":["n"]},{"word":"accessions","score":10886,"tags":["n"]},{"word":"accolade","score":10886,"tags":["n"]},{"word":"accommodation","score":10886,"tags":["n"]},{"word":"accreditation","score":10886,"tags":["n"]},{"word":"accretion","score":10886,"tags":["n"]},{"word":"accrual","score":10886,"tags":["n"]},{"word":"accrument","score":10886},{"word":"accumulation","score":10886,"tags":["n"]},{"word":"accuse","score":10886,"tags":["v"]},{"word":"ace","score":10886,"tags":["n"]},{"word":"activating agent","score":10886,"tags":["n"]},{"word":"addax","score":10886,"tags":["n"]},{"word":"adjudication","score":10886,"tags":["n"]},{"word":"adjustable rate","score":10886},{"word":"adjuvant","score":10886,"tags":["n"]},{"word":"administration","score":10886,"tags":["n"]},{"word":"administrator","score":10886,"tags":["n"]},{"word":"admire","score":10886,"tags":["v"]},{"word":"adolescence","score":10886,"tags":["n"]},{"word":"adorn","score":10886,"tags":["v"]},{"word":"advance","score":10886,"tags":["n","v"]},{"word":"advancing","score":10886,"tags":["adj"]},{"word":"aerophone","score":10886,"tags":["n"]},{"word":"affectation","score":10886,"tags":["n"]}]