[{"word":"quantum","score":38694,"tags":["n","adj","v"]},{"word":"beam","score":34237,"tags":["n"]},{"word":"transporter","score":33016,"tags":["n"]},{"word":"transport","score":32153,"tags":["n"]},{"word":"teleporter","score":24992,"tags":["n"]},{"word":"teleport","score":24991,"tags":["n"]},{"word":"telekinesis","score":24990,"tags":["n"]},{"word":"telepathy","score":24989,"tags":["n"]},{"word":"hyperspace","score":24988,"tags":["n"]},{"word":"levitation","score":24987,"tags":["n"]},{"word":"shapeshifting","score":24986,"tags":["n"]},{"word":"invisibility","score":24985,"tags":["n"]},{"word":"precognition","score":24984,"tags":["n"]},{"word":"astral","score":24983,"tags":["n"]},{"word":"graviton","score":24982,"tags":["n"]},{"word":"interplanetary","score":24981,"tags":["n"]},{"word":"spaceship","score":24980,"tags":["n"]},{"word":"psychokinesis","score":24979,"tags":["n"]},{"word":"transmutation","score":24978,"tags":["n"]},{"word":"relativity theory","score":24977,"tags":["n"]},{"word":"heisenberg uncertainty principle","score":24975,"tags":["n","prop"]},{"word":"telepath","score":24974,"tags":["n"]},{"word":"orb","score":24973,"tags":["n"]},{"word":"singularity","score":24972,"tags":["n"]},{"word":"quantum theory","score":24971,"tags":["n"]},{"word":"wormholes","score":24970,"tags":["n"]},{"word":"tachyon","score":24969,"tags":["n"]},{"word":"antigravity","score":24968,"tags":["n"]},{"word":"subspace","score":24967,"tags":["n"]},{"word":"starfighter","score":24966,"tags":["n"]},{"word":"lightspeed","score":24965,"tags":["n"]},{"word":"subatomic particle","score":24964,"tags":["n"]},{"word":"quantum mechanical","score":24963,"tags":["n"]},{"word":"quantum mechanics","score":24962,"tags":["n"]},{"word":"mjolnir","score":24961,"tags":["n","prop"]},{"word":"quantum physics","score":24960,"tags":["n"]},{"word":"aether","score":24959,"tags":["n"]},{"word":"glaive","score":24958,"tags":["n"]},{"word":"magics","score":24957,"tags":["n"]},{"word":"celestial mechanics","score":24956,"tags":["n","prop"]},{"word":"outer space","score":24955,"tags":["n"]},{"word":"jedi","score":24954,"tags":["n","prop"]},{"word":"supercollider","score":24953,"tags":["n"]},{"word":"roleplay","score":24952,"tags":["n"]},{"word":"hadron","score":24951,"tags":["n"]},{"word":"planetoids","score":24950,"tags":["n"]},{"word":"abiogenesis","score":24949,"tags":["n"]},{"word":"materia","score":24948,"tags":["n"]},{"word":"artificial intelligence","score":24947,"tags":["n"]},{"word":"soliton","score":24946,"tags":["n"]},{"word":"kinesis","score":24945,"tags":["n"]},{"word":"bernoulli","score":24944,"tags":["n","prop"]},{"word":"photons","score":24943,"tags":["n"]},{"word":"cyborg","score":24942,"tags":["n"]},{"word":"cloaking","score":24941,"tags":["n"]},{"word":"ornithopter","score":24940,"tags":["n"]},{"word":"vtol","score":24939,"tags":["n","prop"]},{"word":"gravitons","score":24938,"tags":["n"]},{"word":"enchantments","score":24937,"tags":["n"]},{"word":"magnetic monopole","score":24936,"tags":["n"]},{"word":"toyman","score":24935,"tags":["n"]},{"word":"physics","score":24934,"tags":["n"]},{"word":"grappling hook","score":24933,"tags":["n"]},{"word":"tartarus","score":24932,"tags":["n","prop"]},{"word":"zoetrope","score":24931,"tags":["n"]},{"word":"hypersonic","score":24930,"tags":["n"]},{"word":"mech","score":24929,"tags":["n","prop"]},{"word":"coruscant","score":24928,"tags":["n"]},{"word":"antiparticle","score":24927,"tags":["n"]},{"word":"robotic telesurgery","score":24926,"tags":["n"]},{"word":"spidey","score":24925,"tags":["n"]},{"word":"shapeshifter","score":24924,"tags":["n"]},{"word":"plutonian","score":24923,"tags":["n"]},{"word":"gatling gun","score":24922,"tags":["n"]},{"word":"hypervelocity","score":24921,"tags":["n"]},{"word":"boson","score":24920,"tags":["n"]},{"word":"transhuman","score":24919,"tags":["n"]},{"word":"scarab","score":24918,"tags":["n"]},{"word":"orbital velocity","score":24917,"tags":["n"]},{"word":"trekkie","score":24916,"tags":["n","prop"]},{"word":"phaser","score":24915,"tags":["n"]},{"word":"electromagnetism","score":24914,"tags":["n"]},{"word":"robots","score":24913,"tags":["n"]},{"word":"shuriken","score":24912,"tags":["n"]},{"word":"elvish","score":24911,"tags":["n"]},{"word":"summoner","score":24910,"tags":["n"]},{"word":"roguelike","score":24909,"tags":["n"]},{"word":"starship","score":24908,"tags":["n"]},{"word":"steampunk","score":24907,"tags":["n"]},{"word":"brownian","score":24906,"tags":["n"]},{"word":"spherical geometry","score":24905,"tags":["n"]},{"word":"endor","score":24904,"tags":["n"]},{"word":"supervillain","score":24903,"tags":["n"]},{"word":"holographic","score":24902,"tags":["n"]},{"word":"ascender","score":24901,"tags":["n"]},{"word":"androids","score":24900,"tags":["n"]},{"word":"quaternion","score":24899,"tags":["n"]},{"word":"virtuality","score":24898,"tags":["n"]},{"word":"questing","score":24897,"tags":["n"]},{"word":"plasmids","score":24896,"tags":["n"]}]