[{"word":"signal","score":11634,"tags":["n"]},{"word":"signaling","score":11634,"tags":["n"]},{"word":"signalling","score":11634,"tags":["n","v"]},{"word":"send","score":11553,"tags":["v"]},{"word":"irradiation","score":11483,"tags":["n"]},{"word":"pulse","score":11483,"tags":["n"]},{"word":"pulsing","score":11483,"tags":["n"]},{"word":"armature","score":10593,"tags":["n"]},{"word":"charge","score":10593,"tags":["n"]},{"word":"elves","score":10593,"tags":["n"]},{"word":"head","score":10593,"tags":["n"]},{"word":"heads","score":10593,"tags":["n"]},{"word":"radiation","score":10593,"tags":["n"]},{"word":"radio","score":10593,"tags":["n"]},{"word":"red","score":10593,"tags":["adj","n"]},{"word":"relay","score":10593,"tags":["n"]},{"word":"resonance","score":10593,"tags":["n"]},{"word":"telescope","score":10593,"tags":["n"]},{"word":"action spectrum","score":10523,"tags":["n"]},{"word":"emp","score":10523,"tags":["n"]},{"word":"fluence","score":10523,"tags":["n"]},{"word":"photodynamic","score":10523,"tags":["adj"]},{"word":"radioactivity","score":10523,"tags":["n"]},{"word":"active","score":10513,"tags":["adj"]},{"word":"antenna","score":10513,"tags":["n"]},{"word":"band","score":10513,"tags":["n"]},{"word":"banded","score":10513,"tags":["adj"]},{"word":"beam","score":10513,"tags":["n"]},{"word":"carrier","score":10513,"tags":["n"]},{"word":"charged","score":10513,"tags":["adj"]},{"word":"charging","score":10513,"tags":["v"]},{"word":"couple","score":10513,"tags":["n"]},{"word":"detection","score":10513,"tags":["n"]},{"word":"dispersion","score":10513,"tags":["n"]},{"word":"echo","score":10513,"tags":["n","v"]},{"word":"ether","score":10513,"tags":["n"]},{"word":"extinction","score":10513,"tags":["n"]},{"word":"henry","score":10513,"tags":["n","prop"]},{"word":"horn","score":10513,"tags":["n"]},{"word":"jam","score":10513,"tags":["n"]},{"word":"light","score":10513,"tags":["n","adj"]},{"word":"line","score":10513,"tags":["n"]},{"word":"magnetic moment","score":10513,"tags":["n"]},{"word":"pickup","score":10513,"tags":["n"]},{"word":"polarization","score":10513,"tags":["n"]},{"word":"ray","score":10513,"tags":["n"]},{"word":"receive","score":10513,"tags":["v"]},{"word":"received","score":10513,"tags":["adj"]},{"word":"reception","score":10513,"tags":["n"]},{"word":"release","score":10513,"tags":["n","v"]},{"word":"transmitter","score":10513,"tags":["n"]},{"word":"unit","score":10513,"tags":["n"]},{"word":"vibrator","score":10513,"tags":["n"]},{"word":"beat","score":10494,"tags":["v","n"]},{"word":"motion","score":10494,"tags":["n"]},{"word":"neuron","score":10494,"tags":["n"]},{"word":"sensor","score":10494,"tags":["n"]},{"word":"serve","score":10494,"tags":["v"]},{"word":"start","score":10494,"tags":["v","n"]},{"word":"affinity","score":10454,"tags":["n"]},{"word":"astatic","score":10454,"tags":["adj"]},{"word":"beats","score":10454,"tags":["n"]},{"word":"bell","score":10454,"tags":["n"]},{"word":"bells","score":10454,"tags":["n"]},{"word":"block signal","score":10454},{"word":"blockade","score":10454,"tags":["n"]},{"word":"blockading","score":10454,"tags":["adj"]},{"word":"buzzer","score":10454,"tags":["n"]},{"word":"capstan","score":10454,"tags":["n"]},{"word":"cascade system","score":10454},{"word":"cue","score":10454,"tags":["n"]},{"word":"dash","score":10454,"tags":["n","v"]},{"word":"detector","score":10454,"tags":["n"]},{"word":"doorbell","score":10454,"tags":["n"]},{"word":"electricity","score":10454,"tags":["n"]},{"word":"encryption","score":10454,"tags":["n"]},{"word":"erogenesis","score":10454},{"word":"fixed disk","score":10454,"tags":["n"]},{"word":"gesture","score":10454,"tags":["n"]},{"word":"halloo","score":10454,"tags":["n"]},{"word":"hard disc","score":10454,"tags":["n"]},{"word":"hard disk","score":10454,"tags":["n"]},{"word":"head crash","score":10454,"tags":["n"]},{"word":"indicate","score":10454,"tags":["v"]},{"word":"inductive","score":10454,"tags":["adj"]},{"word":"load","score":10454,"tags":["n"]},{"word":"northness","score":10454,"tags":["n"]},{"word":"nudge","score":10454,"tags":["n","v"]},{"word":"nudging","score":10454,"tags":["v"]},{"word":"oscilloscope","score":10454,"tags":["n"]},{"word":"paramagnetism","score":10454,"tags":["n"]},{"word":"photochronograph","score":10454,"tags":["n"]},{"word":"pinch effect","score":10454},{"word":"pinger","score":10454,"tags":["n"]},{"word":"polarity","score":10454,"tags":["n"]},{"word":"rabi","score":10454,"tags":["n"]},{"word":"red shift","score":10454,"tags":["n"]},{"word":"repulsion","score":10454,"tags":["n"]},{"word":"responding","score":10454,"tags":["v"]},{"word":"response","score":10454,"tags":["n"]}]