[{"word":"drain","score":15264,"tags":["n","v"]},{"word":"neck","score":15264,"tags":["n"]},{"word":"suck","score":15264,"tags":["v","n"]},{"word":"burrow","score":11104,"tags":["n","v"]},{"word":"flush","score":11104,"tags":["n","adj","v"]},{"word":"vented","score":11104,"tags":["adj"]},{"word":"asiphonate","score":9254},{"word":"bobbin","score":9254,"tags":["n"]},{"word":"calamary","score":9254,"tags":["n"]},{"word":"canal","score":9254,"tags":["n"]},{"word":"crane","score":9254,"tags":["n"]},{"word":"fox","score":9254,"tags":["n"]},{"word":"gage","score":9254,"tags":["n"]},{"word":"infundibulum","score":9254,"tags":["n"]},{"word":"pallet","score":9254,"tags":["n"]},{"word":"phragmosiphon","score":9254},{"word":"prosiphon","score":9254},{"word":"siphoid","score":9254},{"word":"siphon bottle","score":9254},{"word":"siphon off","score":9254,"tags":["v"]},{"word":"siphonage","score":9254,"tags":["n"]},{"word":"siphonal","score":9254,"tags":["adj"]},{"word":"siphonata","score":9254},{"word":"siphonate","score":9254,"tags":["adj","n"]},{"word":"siphonic","score":9254,"tags":["adj","n"]},{"word":"siphoniferous","score":9254},{"word":"siphonobranchiate","score":9254},{"word":"siphonostomatous","score":9254,"tags":["adj"]},{"word":"siphuncle","score":9254,"tags":["n"]},{"word":"spoutshell","score":9254},{"word":"stopper","score":9254,"tags":["n"]},{"word":"stoppered","score":9254,"tags":["adj"]},{"word":"sucker","score":9254,"tags":["n"]},{"word":"syringe","score":9254,"tags":["n"]},{"word":"thermobarometer","score":9254,"tags":["n"]},{"word":"thermosiphon","score":9254,"tags":["n"]},{"word":"trap","score":9254,"tags":["n"]},{"word":"trapped","score":9254,"tags":["adj"]},{"word":"trapping","score":9254,"tags":["n"]},{"word":"tube-shell","score":9254},{"word":"vibrator","score":9254,"tags":["n"]},{"word":"bleed","score":5050,"tags":["v"]},{"word":"calabash","score":5050,"tags":["n"]},{"word":"cask","score":5050,"tags":["n"]},{"word":"cistern","score":5050,"tags":["n"]},{"word":"cleansing","score":5050,"tags":["n"]},{"word":"compensating","score":5050,"tags":["v","adj"]},{"word":"convectional","score":5050,"tags":["adj","n"]},{"word":"cooling","score":5050,"tags":["n"]},{"word":"coulombic","score":5050,"tags":["adj"]},{"word":"desiccant","score":5050,"tags":["n"]},{"word":"electrodynamic","score":5050,"tags":["adj"]},{"word":"evaporative","score":5050,"tags":["adj"]},{"word":"expansion","score":5050,"tags":["n"]},{"word":"fertilizing","score":5050,"tags":["v","adj","n"]},{"word":"gourd","score":5050,"tags":["n"]},{"word":"greenhouse","score":5050,"tags":["n"]},{"word":"hook","score":5050,"tags":["n"]},{"word":"horseshoe","score":5050,"tags":["n"]},{"word":"kettle","score":5050,"tags":["n"]},{"word":"ladle","score":5050,"tags":["n"]},{"word":"magnet","score":5050,"tags":["n"]},{"word":"pipe","score":5050,"tags":["n"]},{"word":"pot","score":5050,"tags":["n"]},{"word":"pressurised","score":5050,"tags":["adj"]},{"word":"priming","score":5050,"tags":["n"]},{"word":"pulsating","score":5050,"tags":["adj"]},{"word":"reel","score":5050,"tags":["n"]},{"word":"saucer","score":5050,"tags":["n"]},{"word":"siphon","score":5050,"tags":["n","v"]},{"word":"spool","score":5050,"tags":["n"]},{"word":"stack","score":5050,"tags":["n"]},{"word":"suction","score":5050,"tags":["n"]},{"word":"syphoning","score":5050,"tags":["v","n"]},{"word":"telescope","score":5050,"tags":["n"]},{"word":"thermostatic","score":5050,"tags":["adj"]},{"word":"vapour","score":5050,"tags":["n"]},{"word":"brio","score":4074,"tags":["n"]},{"word":"elan","score":4074,"tags":["n"]},{"word":"energize","score":4074,"tags":["v"]},{"word":"energy","score":4074,"tags":["n"]},{"word":"gusto","score":4074,"tags":["n"]},{"word":"lazily","score":4074,"tags":["adv"]},{"word":"life","score":4074,"tags":["n"]},{"word":"oomph","score":4074,"tags":["n"]},{"word":"pep","score":4074,"tags":["n"]},{"word":"peppy","score":4074,"tags":["adj","prop"]},{"word":"prp","score":4074,"tags":["n","prop"]},{"word":"razzmatazz","score":4074,"tags":["n"]},{"word":"rest","score":4074,"tags":["n"]},{"word":"spry","score":4074,"tags":["adj","prop"]},{"word":"vigor","score":4074,"tags":["n"]},{"word":"vigour","score":4074,"tags":["n"]},{"word":"vinegar","score":4074,"tags":["n"]},{"word":"vitality","score":4074,"tags":["n"]},{"word":"zest","score":4074,"tags":["n"]},{"word":"zing","score":4074,"tags":["n"]},{"word":"zip","score":4074,"tags":["n"]},{"word":"sassy","score":4064,"tags":["adj","prop"]},{"word":"zizz","score":4064,"tags":["n"]}]