[{"word":"lively","score":10546,"tags":["adj"]},{"word":"brace","score":10489,"tags":["n"]},{"word":"sharp","score":10489,"tags":["adj"]},{"word":"rash","score":10455,"tags":["n","adj"]},{"word":"skin test","score":10455,"tags":["n"]},{"word":"aloe","score":10426,"tags":["n"]},{"word":"abrupt","score":10363,"tags":["adj"]},{"word":"agadir","score":10363,"tags":["n","prop"]},{"word":"agile","score":10363,"tags":["adj"]},{"word":"air","score":10363,"tags":["n"]},{"word":"airs","score":10363,"tags":["n"]},{"word":"alert","score":10363,"tags":["adj","n","v"]},{"word":"alive","score":10363,"tags":["adj"]},{"word":"arise","score":10363,"tags":["v"]},{"word":"bad","score":10363,"tags":["adj"]},{"word":"ball","score":10363,"tags":["n"]},{"word":"beat","score":10363,"tags":["v","n"]},{"word":"box","score":10363,"tags":["n"]},{"word":"braces","score":10363,"tags":["n"]},{"word":"brash","score":10363,"tags":["adj"]},{"word":"brashness","score":10363,"tags":["n"]},{"word":"brisk","score":10363,"tags":["adj"]},{"word":"chili","score":10363,"tags":["n"]},{"word":"chill","score":10363,"tags":["n","adj"]},{"word":"cold","score":10363,"tags":["adj","n"]},{"word":"dapper","score":10363,"tags":["adj"]},{"word":"emo","score":10363,"tags":["n"]},{"word":"eye","score":10363,"tags":["n"]},{"word":"eyes","score":10363,"tags":["n"]},{"word":"flag","score":10363,"tags":["n"]},{"word":"flies","score":10363,"tags":["n"]},{"word":"fly","score":10363,"tags":["v","n"]},{"word":"focus","score":10363,"tags":["n","v"]},{"word":"fresh","score":10363,"tags":["adj"]},{"word":"freshness","score":10363,"tags":["n"]},{"word":"gale","score":10363,"tags":["n"]},{"word":"grindelia","score":10363,"tags":["n"]},{"word":"harrow","score":10363,"tags":["n"]},{"word":"hasty","score":10363,"tags":["adj"]},{"word":"help","score":10363,"tags":["v","n"]},{"word":"homer","score":10363,"tags":["n","prop"]},{"word":"hot","score":10363,"tags":["adj"]},{"word":"hypo","score":10363,"tags":["n"]},{"word":"jarrow","score":10363,"tags":["n","prop"]},{"word":"jolt","score":10363,"tags":["n"]},{"word":"keen","score":10363,"tags":["adj"]},{"word":"keep","score":10363,"tags":["v"]},{"word":"listen","score":10363,"tags":["v"]},{"word":"live","score":10363,"tags":["v"]},{"word":"nap","score":10363,"tags":["n"]},{"word":"nimble","score":10363,"tags":["adj"]},{"word":"nox","score":10363,"tags":["n"]},{"word":"nuts","score":10363,"tags":["adj"]},{"word":"odor","score":10363,"tags":["n"]},{"word":"oost","score":10363,"tags":["n","adj"]},{"word":"post","score":10363,"tags":["n"]},{"word":"posted","score":10363,"tags":["adj"]},{"word":"powder","score":10363,"tags":["n"]},{"word":"quick","score":10363,"tags":["adj"]},{"word":"rapid","score":10363,"tags":["adj"]},{"word":"rattle","score":10363,"tags":["n","v"]},{"word":"raw","score":10363,"tags":["adj","n"]},{"word":"red","score":10363,"tags":["adj","n"]},{"word":"register","score":10363,"tags":["n","v"]},{"word":"registered","score":10363,"tags":["adj"]},{"word":"reminder","score":10363,"tags":["n"]},{"word":"reset","score":10363,"tags":["n","v"]},{"word":"rise","score":10363,"tags":["n","v"]},{"word":"roach","score":10363,"tags":["n"]},{"word":"run","score":10363,"tags":["v","n"]},{"word":"runs","score":10363,"tags":["v","n"]},{"word":"salve","score":10363,"tags":["n","v"]},{"word":"seasonal","score":10363,"tags":["adj"]},{"word":"short","score":10363,"tags":["adj"]},{"word":"skin","score":10363,"tags":["n"]},{"word":"slow","score":10363,"tags":["adj"]},{"word":"slowing","score":10363,"tags":["n"]},{"word":"smog","score":10363,"tags":["n"]},{"word":"snap","score":10363,"tags":["n","v"]},{"word":"soul","score":10363,"tags":["n"]},{"word":"sound","score":10363,"tags":["n","adj"]},{"word":"stand","score":10363,"tags":["v","n"]},{"word":"start","score":10363,"tags":["v","n"]},{"word":"sun","score":10363,"tags":["n"]},{"word":"swift","score":10363,"tags":["adj","n","prop"]},{"word":"test","score":10363,"tags":["n"]},{"word":"trip","score":10363,"tags":["n"]},{"word":"wale","score":10363,"tags":["n"]},{"word":"warner","score":10363,"tags":["n","prop"]},{"word":"arousal","score":10295,"tags":["n"]},{"word":"medicine","score":10108,"tags":["n"]},{"word":"ale","score":4443,"tags":["n"]},{"word":"astringent","score":4443,"tags":["adj"]},{"word":"berberine","score":4443,"tags":["n"]},{"word":"blues","score":4443,"tags":["n"]},{"word":"bracer","score":4443,"tags":["n"]},{"word":"bracing","score":4443,"tags":["n","adj"]},{"word":"cocktail","score":4443,"tags":["n"]},{"word":"coke","score":4443,"tags":["n"]},{"word":"cola","score":4443,"tags":["n"]}]