[{"word":"esp","score":51435,"tags":["syn","n"]},{"word":"ego","score":14235,"tags":["n"]},{"word":"hysteria","score":14235,"tags":["n"]},{"word":"sensitive","score":14235,"tags":["adj"]},{"word":"spiritual","score":13994,"tags":["adj"]},{"word":"psi","score":13834,"tags":["n"]},{"word":"aura","score":13593,"tags":["n"]},{"word":"read","score":13593,"tags":["v"]},{"word":"supernatural","score":13593,"tags":["adj","n"]},{"word":"emotion","score":13114,"tags":["n"]},{"word":"libido","score":13114,"tags":["n"]},{"word":"medium","score":13114,"tags":["n"]},{"word":"panpsychism","score":13114,"tags":["n"]},{"word":"paranormal","score":13114,"tags":["adj"]},{"word":"psychical","score":13114,"tags":["adj"]},{"word":"psychically","score":13114,"tags":["adv"]},{"word":"psychoanalysis","score":13114,"tags":["n"]},{"word":"psychosurgery","score":13114,"tags":["n"]},{"word":"subconscious","score":13114,"tags":["adj"]},{"word":"synchronicity","score":13114,"tags":["n"]},{"word":"tarot","score":13114,"tags":["n"]},{"word":"telepathy","score":13114,"tags":["n"]},{"word":"unconscious","score":13114,"tags":["adj"]},{"word":"psion","score":12873,"tags":["n"]},{"word":"psychedelic","score":12873,"tags":["adj"]},{"word":"psychological","score":12873,"tags":["adj"]},{"word":"trauma","score":12873,"tags":["n"]},{"word":"aesthetic value","score":12713},{"word":"affect","score":12713,"tags":["v"]},{"word":"censor","score":12713,"tags":["n","v"]},{"word":"censorship","score":12713,"tags":["n"]},{"word":"cgi","score":12713,"tags":["n"]},{"word":"chi","score":12713,"tags":["n"]},{"word":"climacteric","score":12713,"tags":["n"]},{"word":"collective unconscious","score":12713},{"word":"epilepsy","score":12713,"tags":["n"]},{"word":"preternatural","score":12713,"tags":["adj"]},{"word":"psychometry","score":12713,"tags":["n"]},{"word":"psychopathic","score":12713,"tags":["adj"]},{"word":"psychosomatics","score":12713,"tags":["n"]},{"word":"rosicrucian","score":12713,"tags":["adj","n","prop"]},{"word":"subconscious mind","score":12713,"tags":["n"]},{"word":"telekinesis","score":12713,"tags":["n"]},{"word":"unconscious mind","score":12713,"tags":["n"]},{"word":"uri","score":12713,"tags":["n","prop"]},{"word":"carrie","score":12472,"tags":["n","prop"]},{"word":"cleo","score":12472,"tags":["n","prop"]},{"word":"conflict","score":12472,"tags":["n"]},{"word":"edgar","score":12472,"tags":["n","prop"]},{"word":"energy","score":12472,"tags":["n"]},{"word":"erethism","score":12472,"tags":["n"]},{"word":"inhibition","score":12472,"tags":["n"]},{"word":"predict","score":12472,"tags":["v"]},{"word":"abstract","score":12432,"tags":["adj","n"]},{"word":"absurdity","score":12432,"tags":["n"]},{"word":"acceptance","score":12432,"tags":["n"]},{"word":"animal","score":12432,"tags":["n"]},{"word":"animism","score":12432,"tags":["n"]},{"word":"apparent","score":12432,"tags":["adj"]},{"word":"astute","score":12432,"tags":["adj"]},{"word":"balance","score":12432,"tags":["n"]},{"word":"balancing","score":12432,"tags":["n"]},{"word":"better","score":12432,"tags":["adj","adv"]},{"word":"broad","score":12432,"tags":["adj"]},{"word":"chance","score":12432,"tags":["n"]},{"word":"cognition","score":12432,"tags":["n"]},{"word":"conceive","score":12432,"tags":["v"]},{"word":"conceiving","score":12432,"tags":["v"]},{"word":"confusion","score":12432,"tags":["n"]},{"word":"consciousness","score":12432,"tags":["n"]},{"word":"construct","score":12432,"tags":["v"]},{"word":"conversion","score":12432,"tags":["n"]},{"word":"cosplay","score":12432,"tags":["n"]},{"word":"culture","score":12432,"tags":["n"]},{"word":"depression","score":12432,"tags":["n"]},{"word":"depth","score":12432,"tags":["n"]},{"word":"disorient","score":12432,"tags":["v"]},{"word":"distinct","score":12432,"tags":["adj"]},{"word":"eagerness","score":12432,"tags":["n"]},{"word":"ear-minded","score":12432},{"word":"erase","score":12432,"tags":["v"]},{"word":"ethos","score":12432,"tags":["n"]},{"word":"exaltation","score":12432,"tags":["n"]},{"word":"facility","score":12432,"tags":["n"]},{"word":"fatigued","score":12432,"tags":["adj"]},{"word":"fatigues","score":12432,"tags":["n"]},{"word":"feel","score":12432,"tags":["v"]},{"word":"feeling","score":12432,"tags":["n"]},{"word":"feels","score":12432,"tags":["v"]},{"word":"flies","score":12432,"tags":["n"]},{"word":"fly","score":12432,"tags":["v","n"]},{"word":"fund","score":12432,"tags":["n"]},{"word":"funds","score":12432,"tags":["n"]},{"word":"geel","score":12432,"tags":["n","prop"]},{"word":"grip","score":12432,"tags":["n"]},{"word":"hallucination","score":12432,"tags":["n"]},{"word":"head","score":12432,"tags":["n"]},{"word":"heads","score":12432,"tags":["n"]},{"word":"heart","score":12432,"tags":["n"]},{"word":"hearts","score":12432,"tags":["n"]}]