[{"word":"sharp","score":12846,"tags":["adj"]},{"word":"change","score":11825,"tags":["n","v"]},{"word":"changes","score":11825,"tags":["n"]},{"word":"changing","score":11825,"tags":["adj"]},{"word":"inversion","score":11825,"tags":["n"]},{"word":"mutagen","score":11825,"tags":["n"]},{"word":"transfer","score":11825,"tags":["n"]},{"word":"transformation","score":11825,"tags":["n"]},{"word":"transition","score":11825,"tags":["n"]},{"word":"transposition","score":11825,"tags":["n"]},{"word":"umlaut","score":11825,"tags":["n"]},{"word":"variation","score":11825,"tags":["n"]},{"word":"vicissitude","score":11825,"tags":["n"]},{"word":"anomaly","score":11783,"tags":["n"]},{"word":"commutation","score":11783,"tags":["n"]},{"word":"fluctuation","score":11783,"tags":["n"]},{"word":"frameshift","score":11783,"tags":["n","adj"]},{"word":"gene","score":11783,"tags":["n"]},{"word":"posting","score":11783,"tags":["n"]},{"word":"reversion","score":11783,"tags":["n"]},{"word":"sport","score":11783,"tags":["n"]},{"word":"transfers","score":11783,"tags":["n"]},{"word":"diapason","score":11573,"tags":["n"]},{"word":"hitchhike","score":11573,"tags":["v"]},{"word":"hitchhiking","score":11573,"tags":["v","n"]},{"word":"mutagenic","score":11573,"tags":["adj"]},{"word":"muton","score":11573,"tags":["n"]},{"word":"nasard","score":11573,"tags":["n","prop"]},{"word":"nonsense","score":11573,"tags":["n"]},{"word":"abvolt","score":11341,"tags":["n"]},{"word":"advance","score":11341,"tags":["n","v"]},{"word":"advancing","score":11341,"tags":["adj"]},{"word":"affine","score":11341,"tags":["n"]},{"word":"alternate","score":11341,"tags":["adj"]},{"word":"backgammon","score":11341,"tags":["n"]},{"word":"basketball","score":11341,"tags":["n"]},{"word":"bearing","score":11341,"tags":["n"]},{"word":"boxing","score":11341,"tags":["n"]},{"word":"break","score":11341,"tags":["v","n"]},{"word":"calk","score":11341,"tags":["n","v"]},{"word":"cent","score":11341,"tags":["n"]},{"word":"centre","score":11341,"tags":["n"]},{"word":"circle","score":11341,"tags":["n"]},{"word":"circles","score":11341,"tags":["n"]},{"word":"circling","score":11341,"tags":["v"]},{"word":"circuit","score":11341,"tags":["n"]},{"word":"climax","score":11341,"tags":["n"]},{"word":"commute","score":11341,"tags":["v"]},{"word":"conduction","score":11341,"tags":["n"]},{"word":"continuity","score":11341,"tags":["n"]},{"word":"convert","score":11341,"tags":["v","n"]},{"word":"corner","score":11341,"tags":["n"]},{"word":"correlation","score":11341,"tags":["n"]},{"word":"curvature","score":11341,"tags":["n"]},{"word":"cusp","score":11341,"tags":["n"]},{"word":"decentralize","score":11341,"tags":["v"]},{"word":"decentralized","score":11341,"tags":["adj"]},{"word":"det","score":11341,"tags":["n"]},{"word":"difference","score":11341,"tags":["n"]},{"word":"different","score":11341,"tags":["adj"]},{"word":"direction","score":11341,"tags":["n"]},{"word":"discontinuity","score":11341,"tags":["n"]},{"word":"disperse","score":11341,"tags":["v"]},{"word":"division","score":11341,"tags":["n"]},{"word":"domain","score":11341,"tags":["n"]},{"word":"double","score":11341,"tags":["adj"]},{"word":"draw","score":11341,"tags":["v"]},{"word":"ellipsis","score":11341,"tags":["n"]},{"word":"emergent evolution","score":11341,"tags":["n"]},{"word":"end point","score":11341,"tags":["n"]},{"word":"endpoint","score":11341,"tags":["n"]},{"word":"eternal","score":11341,"tags":["adj"]},{"word":"fall","score":11341,"tags":["v","n"]},{"word":"falls","score":11341,"tags":["n"]},{"word":"feedback","score":11341,"tags":["n"]},{"word":"fencing","score":11341,"tags":["n"]},{"word":"flat","score":11341,"tags":["adj"]},{"word":"flies","score":11341,"tags":["n"]},{"word":"fly","score":11341,"tags":["v","n"]},{"word":"frame","score":11341,"tags":["n"]},{"word":"game","score":11341,"tags":["n"]},{"word":"gradient","score":11341,"tags":["n"]},{"word":"graph","score":11341,"tags":["n"]},{"word":"hockey","score":11341,"tags":["n"]},{"word":"indicator","score":11341,"tags":["n"]},{"word":"involution","score":11341,"tags":["n"]},{"word":"iridium","score":11341,"tags":["n"]},{"word":"isallobar","score":11341,"tags":["n"]},{"word":"issue","score":11341,"tags":["n"]},{"word":"key","score":11341,"tags":["adj","n"]},{"word":"knuckle","score":11341,"tags":["n"]},{"word":"lever","score":11341,"tags":["n"]},{"word":"line","score":11341,"tags":["n"]},{"word":"linkage","score":11341,"tags":["n"]},{"word":"loan","score":11341,"tags":["n"]},{"word":"mak","score":11341,"tags":["n"]},{"word":"make","score":11341,"tags":["v"]},{"word":"motion","score":11341,"tags":["n"]},{"word":"one","score":11341,"tags":["n","adj"]},{"word":"oost","score":11341,"tags":["n","adj"]}]