[{"word":"psychometrics","score":56609,"tags":["syn","n"]},{"word":"mediumship","score":31415,"tags":["n"]},{"word":"extrasensory","score":31414,"tags":["n"]},{"word":"clairvoyance","score":31413,"tags":["n"]},{"word":"palmistry","score":31412,"tags":["n"]},{"word":"psychokinesis","score":31411,"tags":["n"]},{"word":"tarot","score":31410,"tags":["n"]},{"word":"parapsychology","score":31409,"tags":["n"]},{"word":"precognition","score":31408,"tags":["n"]},{"word":"mentalism","score":31407,"tags":["n"]},{"word":"transpersonal","score":31406,"tags":["n"]},{"word":"reiki","score":31405,"tags":["n","prop"]},{"word":"graphology","score":31404,"tags":["n"]},{"word":"psychical","score":31403,"tags":["n"]},{"word":"microworld","score":31402,"tags":["n"]},{"word":"kirlian","score":31401,"tags":["n","prop"]},{"word":"meditational","score":31400,"tags":["n"]},{"word":"attunement","score":31399,"tags":["n"]},{"word":"qabalah","score":31398,"tags":["n","prop"]},{"word":"psychic phenomena","score":31397,"tags":["n"]},{"word":"iridology","score":31396,"tags":["n"]},{"word":"jungian psychology","score":31395,"tags":["n","prop"]},{"word":"backscattering","score":31394,"tags":["n"]},{"word":"metaphysicians","score":31393,"tags":["n"]},{"word":"kundalini","score":31392,"tags":["n"]},{"word":"faceting","score":31391,"tags":["n"]},{"word":"jnana","score":31390,"tags":["n"]},{"word":"dowsing","score":31389,"tags":["n"]},{"word":"sensate","score":31388,"tags":["n"]},{"word":"yantra","score":31387,"tags":["n"]},{"word":"kirlian photography","score":31386,"tags":["n","prop"]},{"word":"spectroscope","score":31385,"tags":["n"]},{"word":"meditation","score":31384,"tags":["n"]},{"word":"tantra","score":31383,"tags":["n"]},{"word":"aromatherapy","score":31382,"tags":["n"]},{"word":"elicitation","score":31381,"tags":["n"]},{"word":"bibliotherapy","score":31380,"tags":["n"]},{"word":"architectonics","score":31379,"tags":["n"]},{"word":"mudras","score":31378,"tags":["n"]},{"word":"cyanotype","score":31377,"tags":["n"]},{"word":"serigraphy","score":31376,"tags":["n"]},{"word":"perceiver","score":31375,"tags":["n"]},{"word":"atman","score":31374,"tags":["n"]},{"word":"spectroscopic analysis","score":31373,"tags":["n"]},{"word":"silverpoint","score":31372,"tags":["n"]},{"word":"mindfulness","score":31371,"tags":["n"]},{"word":"biomimetics","score":31370,"tags":["n"]},{"word":"collimating","score":31369,"tags":["n"]},{"word":"archaeo","score":31368,"tags":["n"]},{"word":"interrelating","score":31367,"tags":["n"]},{"word":"enamelling","score":31366,"tags":["n"]},{"word":"alembic","score":31365,"tags":["n"]},{"word":"bioenergetics","score":31364,"tags":["n"]},{"word":"epigraphy","score":31363,"tags":["n"]},{"word":"computational linguistics","score":31362,"tags":["n","prop"]},{"word":"experiencer","score":31361,"tags":["n"]},{"word":"spectrographic","score":31360,"tags":["n"]},{"word":"shastra","score":31359,"tags":["n"]},{"word":"museology","score":31358,"tags":["n"]},{"word":"variational","score":31357,"tags":["n"]},{"word":"calorimetric","score":31356,"tags":["n"]},{"word":"gnosis","score":31355,"tags":["n"]},{"word":"paleoecology","score":31354,"tags":["n"]},{"word":"mystic","score":31353,"tags":["n"]},{"word":"hyperbolic geometry","score":31352,"tags":["n"]},{"word":"pyrography","score":31351,"tags":["n"]},{"word":"combinatorics","score":31350,"tags":["n"]},{"word":"robotic telesurgery","score":31349,"tags":["n"]},{"word":"microdissection","score":31348,"tags":["n"]},{"word":"binocular microscope","score":31347,"tags":["n"]},{"word":"solitariness","score":31346,"tags":["n"]},{"word":"jan van eyck","score":31345,"tags":["n","prop"]},{"word":"spirituality","score":31344,"tags":["n"]},{"word":"fractal","score":31343,"tags":["n"]},{"word":"colorimetry","score":31342,"tags":["n"]},{"word":"dialogic","score":31341,"tags":["n"]},{"word":"alla prima","score":31340,"tags":["n","prop"]},{"word":"gemology","score":31339,"tags":["n"]},{"word":"ethnobotany","score":31338,"tags":["n"]},{"word":"psychoacoustics","score":31337,"tags":["n"]},{"word":"geometer","score":31336,"tags":["n"]},{"word":"solvation","score":31335,"tags":["n"]},{"word":"holography","score":31334,"tags":["n"]},{"word":"ideate","score":31333,"tags":["n"]},{"word":"photoluminescence","score":31332,"tags":["n"]},{"word":"dowsers","score":31331,"tags":["n"]},{"word":"metaphysics","score":31330,"tags":["n"]},{"word":"photogram","score":31329,"tags":["n"]},{"word":"impartation","score":31328,"tags":["n"]},{"word":"dematerializing","score":31327,"tags":["n"]},{"word":"anthropologic","score":31326,"tags":["n","prop"]},{"word":"transactional analysis","score":31325,"tags":["n"]},{"word":"astral","score":31324,"tags":["n"]},{"word":"lateral thinking","score":31323,"tags":["n"]},{"word":"illusionism","score":31322,"tags":["n"]},{"word":"vibrational","score":31321,"tags":["n"]},{"word":"leeuwenhoek","score":31320,"tags":["n","prop"]},{"word":"theosophical","score":31319,"tags":["n","prop"]},{"word":"aliveness","score":31318,"tags":["n"]},{"word":"object recognition","score":31317,"tags":["n"]}]