[{"word":"seductive","score":94215,"tags":["syn","adj"]},{"word":"alluring","score":92050,"tags":["syn","adj"]},{"word":"enticing","score":85715,"tags":["syn","adj"]},{"word":"tempting","score":84395,"tags":["syn","adj"]},{"word":"dishonest","score":77910,"tags":["syn","adj"]},{"word":"dishonorable","score":76731,"tags":["syn","adj"]},{"word":"mesmerizing","score":51344,"tags":["adj"]},{"word":"bewitching","score":51343,"tags":["adj"]},{"word":"captivating","score":51342,"tags":["adj"]},{"word":"entrancing","score":51341,"tags":["adj"]},{"word":"enchanting","score":51339,"tags":["adj"]},{"word":"charming","score":51338,"tags":["adj"]},{"word":"delightful","score":51337,"tags":["adj"]},{"word":"dreamy","score":51336,"tags":["adj"]},{"word":"winsome","score":51335,"tags":["adj"]},{"word":"ethereal","score":51334,"tags":["adj"]},{"word":"spellbinding","score":51332,"tags":["adj"]},{"word":"evocative","score":51331,"tags":["adj"]},{"word":"guileless","score":51330,"tags":["adj"]},{"word":"sublime","score":51329,"tags":["adj"]},{"word":"endearing","score":51328,"tags":["adj"]},{"word":"hypnotic","score":51327,"tags":["adj"]},{"word":"revelatory","score":51326,"tags":["adj"]},{"word":"melancholy","score":51325,"tags":["adj"]},{"word":"mesmeric","score":51324,"tags":["adj"]},{"word":"poetic","score":51323,"tags":["adj"]},{"word":"artful","score":51322,"tags":["adj"]},{"word":"mozartean","score":51321,"tags":["adj"]},{"word":"easeful","score":51320,"tags":["adj"]},{"word":"incantatory","score":51319,"tags":["adj"]},{"word":"uncontrived","score":51318,"tags":["adj"]},{"word":"songful","score":51317,"tags":["adj"]},{"word":"haunting","score":51316,"tags":["adj"]},{"word":"mozartian","score":51315,"tags":["adj"]},{"word":"sensuous","score":51314,"tags":["adj"]},{"word":"ravishing","score":51313,"tags":["adj"]},{"word":"exquisite","score":51312,"tags":["adj"]},{"word":"melancholic","score":51311,"tags":["adj"]},{"word":"lugubrious","score":51310,"tags":["adj"]},{"word":"gorgeous","score":51309,"tags":["adj"]},{"word":"enigmatic","score":51308,"tags":["adj"]},{"word":"jaunty","score":51307,"tags":["adj"]},{"word":"dazzling","score":51306,"tags":["adj"]},{"word":"luminous","score":51305,"tags":["adj"]},{"word":"irresistible","score":51304,"tags":["adj"]},{"word":"limpid","score":51303,"tags":["adj"]},{"word":"languorous","score":51302,"tags":["adj"]},{"word":"nabokovian","score":51301,"tags":["adj","prop"]},{"word":"overfamiliar","score":51300,"tags":["adj"]},{"word":"languid","score":51299,"tags":["adj"]},{"word":"plangent","score":51298,"tags":["adj"]},{"word":"riveting","score":51297,"tags":["adj"]},{"word":"mellifluous","score":51296,"tags":["adj"]},{"word":"droll","score":51295,"tags":["adj"]},{"word":"rhapsodic","score":51294,"tags":["adj"]},{"word":"jamesian","score":51293,"tags":["adj"]},{"word":"coquettish","score":51292,"tags":["adj"]},{"word":"elegiac","score":51291,"tags":["adj"]},{"word":"wordsworthian","score":51290,"tags":["adj"]},{"word":"unmannered","score":51289,"tags":["adj"]},{"word":"kaleidoscopic","score":51288,"tags":["adj"]},{"word":"wondrous","score":51287,"tags":["adj"]},{"word":"lovely","score":51286,"tags":["adj"]},{"word":"seraphic","score":51285,"tags":["adj"]},{"word":"sensual","score":51284,"tags":["adj"]},{"word":"allusive","score":51283,"tags":["adj"]},{"word":"virtuosic","score":51282,"tags":["adj"]},{"word":"lyrical","score":51281,"tags":["adj"]},{"word":"whimsical","score":51280,"tags":["adj"]},{"word":"effulgent","score":51279,"tags":["adj"]},{"word":"tremulous","score":51278,"tags":["adj"]},{"word":"handelian","score":51277,"tags":["adj"]},{"word":"oneiric","score":51276,"tags":["adj"]},{"word":"resonant","score":51275,"tags":["adj"]},{"word":"unshowy","score":51274,"tags":["adj"]},{"word":"otherworldly","score":51273,"tags":["adj"]},{"word":"sinuous","score":51272,"tags":["adj"]},{"word":"pointillistic","score":51271,"tags":["adj"]},{"word":"fascinating","score":51270,"tags":["adj"]},{"word":"sultry","score":51269,"tags":["adj"]},{"word":"songlike","score":51268,"tags":["adj"]},{"word":"overdetermined","score":51267,"tags":["adj"]},{"word":"protean","score":51266,"tags":["adj"]},{"word":"dreamlike","score":51265,"tags":["adj"]},{"word":"pellucid","score":51264,"tags":["adj"]},{"word":"graceful","score":51263,"tags":["adj"]},{"word":"larky","score":51262,"tags":["adj","prop"]},{"word":"chameleonic","score":51261,"tags":["adj"]},{"word":"epigrammatic","score":51260,"tags":["adj"]},{"word":"moody","score":51259,"tags":["adj","prop"]},{"word":"dulcet","score":51258,"tags":["adj"]},{"word":"poignant","score":51257,"tags":["adj"]},{"word":"lush","score":51256,"tags":["adj"]},{"word":"marvelous","score":51255,"tags":["adj"]},{"word":"splendid","score":51254,"tags":["adj"]},{"word":"beautiful","score":51253,"tags":["adj"]},{"word":"blithe","score":51252,"tags":["adj"]},{"word":"breathtaking","score":51251,"tags":["adj"]},{"word":"soulful","score":51250,"tags":["adj"]},{"word":"ineffable","score":51249,"tags":["adj"]}]