[{"word":"spot","score":14442,"tags":["n"]},{"word":"bingo","score":13321,"tags":["n"]},{"word":"eve","score":13321,"tags":["n"]},{"word":"lifter","score":13321,"tags":["n"]},{"word":"nose","score":13321,"tags":["n"]},{"word":"spots","score":13321,"tags":["n"]},{"word":"spotting","score":13321,"tags":["n"]},{"word":"spy","score":13321,"tags":["n","v"]},{"word":"stain","score":13321,"tags":["n","v"]},{"word":"unarmed","score":13321,"tags":["adj"]},{"word":"side","score":13140,"tags":["n"]},{"word":"aberration","score":13019,"tags":["n"]},{"word":"ahas","score":13019,"tags":["n"]},{"word":"backstay","score":13019,"tags":["n"]},{"word":"brocken","score":13019,"tags":["n","prop"]},{"word":"camera","score":13019,"tags":["n"]},{"word":"color","score":13019,"tags":["n"]},{"word":"detecter","score":13019,"tags":["n"]},{"word":"detector","score":13019,"tags":["n"]},{"word":"dextrorotation","score":13019,"tags":["n"]},{"word":"dogvane","score":13019,"tags":["n"]},{"word":"eclipse","score":13019,"tags":["n"]},{"word":"headlight","score":13019,"tags":["n"]},{"word":"impeachment","score":13019,"tags":["n"]},{"word":"light-ship","score":13019},{"word":"lightship","score":13019,"tags":["n"]},{"word":"pointer","score":13019,"tags":["n"]},{"word":"puritan","score":13019,"tags":["adj","n"]},{"word":"red shift","score":13019,"tags":["n"]},{"word":"relativity","score":13019,"tags":["n"]},{"word":"sensor","score":13019,"tags":["n"]},{"word":"smart","score":13019,"tags":["adj","n"]},{"word":"smarting","score":13019,"tags":["n","adj"]},{"word":"smarts","score":13019,"tags":["n"]},{"word":"special theory of relativity","score":13019,"tags":["n"]},{"word":"nurse","score":10968,"tags":["n"]},{"word":"booby","score":10847,"tags":["n"]},{"word":"finder","score":10847,"tags":["n"]},{"word":"pilot","score":10847,"tags":["n"]},{"word":"sonar","score":7804,"tags":["n"]},{"word":"anorak","score":7261,"tags":["n"]},{"word":"gricer","score":7261},{"word":"proofreader","score":7261,"tags":["n"]},{"word":"radar","score":7261,"tags":["n"]},{"word":"slob","score":7261,"tags":["n"]},{"word":"twister","score":7261,"tags":["n"]},{"word":"bookkeeper","score":4542,"tags":["n"]},{"word":"cameraman","score":4542,"tags":["n"]},{"word":"carpenter","score":4542,"tags":["n"]},{"word":"carpenters","score":4542,"tags":["n"]},{"word":"chef","score":4542,"tags":["n"]},{"word":"coaches","score":4542,"tags":["n"]},{"word":"cook","score":4542,"tags":["n","v"]},{"word":"cooks","score":4542,"tags":["n"]},{"word":"discoverer","score":4542,"tags":["n"]},{"word":"electrician","score":4542,"tags":["n"]},{"word":"gardener","score":4542,"tags":["n"]},{"word":"gunner","score":4542,"tags":["n"]},{"word":"hairdresser","score":4542,"tags":["n"]},{"word":"look-out","score":4542},{"word":"lookout","score":4542,"tags":["n"]},{"word":"machinist","score":4542,"tags":["n"]},{"word":"masthead","score":4542,"tags":["n"]},{"word":"mechanic","score":4542,"tags":["n"]},{"word":"musician","score":4542,"tags":["n"]},{"word":"observant","score":4542,"tags":["adj"]},{"word":"observateur","score":4542,"tags":["n","prop"]},{"word":"observer","score":4542,"tags":["n"]},{"word":"photographer","score":4542,"tags":["n"]},{"word":"polygraph","score":4542,"tags":["n"]},{"word":"reconnaissance","score":4542,"tags":["n"]},{"word":"salesman","score":4542,"tags":["n"]},{"word":"scout","score":4542,"tags":["n"]},{"word":"sniffer","score":4542,"tags":["n"]},{"word":"achilles heel","score":4425},{"word":"adynamic","score":4425,"tags":["adj"]},{"word":"airtight","score":4425,"tags":["adj"]},{"word":"all-or-none law","score":4425,"tags":["n"]},{"word":"amazing","score":4425,"tags":["adj"]},{"word":"amplifier","score":4425,"tags":["n"]},{"word":"anaemic","score":4425,"tags":["adj"]},{"word":"anemia","score":4425,"tags":["n"]},{"word":"anemic","score":4425,"tags":["adj"]},{"word":"anile","score":4425,"tags":["adj"]},{"word":"animosity","score":4425,"tags":["n"]},{"word":"ankle","score":4425,"tags":["n"]},{"word":"anticipation","score":4425,"tags":["n"]},{"word":"anticlimax","score":4425,"tags":["n"]},{"word":"aop","score":4425,"tags":["n","prop"]},{"word":"appal","score":4425,"tags":["v"]},{"word":"appall","score":4425,"tags":["v"]},{"word":"argument","score":4425,"tags":["n"]},{"word":"arm","score":4425,"tags":["n"]},{"word":"arsis","score":4425,"tags":["n"]},{"word":"arteriosclerosis","score":4425,"tags":["n"]},{"word":"asa","score":4425,"tags":["n","prop"]},{"word":"association","score":4425,"tags":["n"]},{"word":"asthenia","score":4425,"tags":["n"]},{"word":"asthenic","score":4425,"tags":["adj"]},{"word":"atm","score":4425,"tags":["n"]}]