[{"word":"badger","score":29634,"tags":["n"]},{"word":"echidna","score":28744,"tags":["n"]},{"word":"aardvark","score":28414,"tags":["n"]},{"word":"anteater","score":27963,"tags":["n"]},{"word":"spiny anteater","score":27944,"tags":["n"]},{"word":"fiddler crab","score":11563,"tags":["n"]},{"word":"agouti","score":11484,"tags":["n"]},{"word":"ratel","score":11484,"tags":["n"]},{"word":"ant bear","score":11464,"tags":["n"]},{"word":"fossorial","score":10594,"tags":["adj"]},{"word":"chigre","score":10524},{"word":"fiddler","score":10524,"tags":["n"]},{"word":"geoduck","score":10524,"tags":["n"]},{"word":"gerbil","score":10524,"tags":["n"]},{"word":"gerbille","score":10524,"tags":["n"]},{"word":"marmot","score":10524,"tags":["n"]},{"word":"pocket mouse","score":10524,"tags":["n"]},{"word":"spadefoot","score":10524,"tags":["n"]},{"word":"tatou","score":10524,"tags":["n"]},{"word":"wolverine","score":10524,"tags":["n"]},{"word":"armadillo","score":10514,"tags":["n"]},{"word":"clam","score":10514,"tags":["n"]},{"word":"clams","score":10514,"tags":["n"]},{"word":"gopher","score":10514,"tags":["n"]},{"word":"mine","score":10514,"tags":["n"]},{"word":"mole","score":10514,"tags":["n"]},{"word":"rabbit","score":10514,"tags":["n"]},{"word":"claw","score":10493,"tags":["n"]},{"word":"clutching","score":10493,"tags":["v"]},{"word":"diprotodon","score":10493,"tags":["n"]},{"word":"paw","score":10493,"tags":["n"]},{"word":"scratch","score":10493,"tags":["n","v"]},{"word":"scratched","score":10493,"tags":["adj"]},{"word":"accipitres","score":10454,"tags":["n"]},{"word":"anodon","score":10454,"tags":["n","prop"]},{"word":"anodonta","score":10454,"tags":["n"]},{"word":"bubo","score":10454,"tags":["n"]},{"word":"cerement","score":10454,"tags":["n"]},{"word":"clamshell","score":10454,"tags":["n"]},{"word":"flag","score":10454,"tags":["n"]},{"word":"flagged","score":10454,"tags":["v","adj"]},{"word":"fossorious","score":10454},{"word":"foul","score":10454,"tags":["adj"]},{"word":"fouled","score":10454,"tags":["adj"]},{"word":"fouling","score":10454,"tags":["n","v"]},{"word":"lay","score":10454,"tags":["v"]},{"word":"leisure","score":10454,"tags":["n"]},{"word":"mole cricket","score":10454,"tags":["n"]},{"word":"odontophore","score":10454,"tags":["n"]},{"word":"oig","score":10454,"tags":["n","prop"]},{"word":"pig","score":10454,"tags":["n"]},{"word":"radula","score":10454,"tags":["n"]},{"word":"shroud","score":10454,"tags":["n"]},{"word":"talon","score":10454,"tags":["n"]},{"word":"tumbledung","score":10454},{"word":"vault","score":10454,"tags":["n"]},{"word":"wekau","score":10454},{"word":"beaver","score":10444,"tags":["n"]},{"word":"cockle","score":10444,"tags":["n"]},{"word":"coney","score":10444,"tags":["n","prop"]},{"word":"cony","score":10444,"tags":["n"]},{"word":"jerboa","score":10444,"tags":["n"]},{"word":"kiwi","score":10444,"tags":["n"]},{"word":"lizard","score":10444,"tags":["n"]},{"word":"pika","score":10444,"tags":["n"]},{"word":"skink","score":10444,"tags":["n"]},{"word":"tasmanian devil","score":10444,"tags":["n","prop"]},{"word":"trap","score":10444,"tags":["n"]},{"word":"bear","score":10414,"tags":["v","n"]},{"word":"dig","score":10414,"tags":["v","n"]},{"word":"horn","score":10414,"tags":["n"]},{"word":"owl","score":10414,"tags":["n"]},{"word":"psw","score":10414,"tags":["n"]},{"word":"taloned","score":10414,"tags":["adj"]},{"word":"tarsus","score":10414,"tags":["n"]},{"word":"hawk","score":10394,"tags":["n"]},{"word":"hooter","score":10394,"tags":["n"]},{"word":"action","score":10374,"tags":["n"]},{"word":"adore","score":10374,"tags":["v"]},{"word":"area","score":10374,"tags":["n"]},{"word":"attack","score":10374,"tags":["n","v"]},{"word":"balk","score":10374,"tags":["v","n"]},{"word":"barb","score":10374,"tags":["n"]},{"word":"barn owl","score":10374,"tags":["n"]},{"word":"beard","score":10374,"tags":["n"]},{"word":"bench","score":10374,"tags":["n"]},{"word":"berm","score":10374,"tags":["n"]},{"word":"bill","score":10374,"tags":["n"]},{"word":"bird","score":10374,"tags":["n"]},{"word":"bird of prey","score":10374,"tags":["n"]},{"word":"bucket","score":10374,"tags":["n"]},{"word":"bur","score":10374,"tags":["n"]},{"word":"buried","score":10374,"tags":["adj"]},{"word":"bury","score":10374,"tags":["v"]},{"word":"burying","score":10374,"tags":["n"]},{"word":"camp","score":10374,"tags":["n"]},{"word":"carry","score":10374,"tags":["v"]},{"word":"choo","score":10374,"tags":["n"]},{"word":"chopped","score":10374,"tags":["adj"]},{"word":"ciconiiformes","score":10374,"tags":["n"]}]