[{"word":"elude","score":35786,"tags":["v"]},{"word":"evade","score":35386,"tags":["v"]},{"word":"eluding","score":35374,"tags":["n"]},{"word":"fob","score":34290,"tags":["n","v"]},{"word":"taboo","score":34290,"tags":["n","adj"]},{"word":"aura","score":34278,"tags":["n"]},{"word":"canter","score":34278,"tags":["n"]},{"word":"log","score":34278,"tags":["n"]},{"word":"discuss","score":27695,"tags":["v"]},{"word":"shed","score":27695,"tags":["v"]},{"word":"throw","score":27695,"tags":["v"]},{"word":"cast","score":27295,"tags":["v","n"]},{"word":"drop","score":27295,"tags":["n","v"]},{"word":"dust","score":27295,"tags":["n"]},{"word":"hustle","score":27295,"tags":["n","v"]},{"word":"hustling","score":27295,"tags":["v","n"]},{"word":"iff","score":27295,"tags":["n"]},{"word":"lose","score":27295,"tags":["v"]},{"word":"pff","score":27295,"tags":["n"]},{"word":"rattle","score":27295,"tags":["n","v"]},{"word":"rid","score":27295,"tags":["v"]},{"word":"rise","score":27295,"tags":["n","v"]},{"word":"shakes","score":27295,"tags":["v"]},{"word":"shaking","score":27295,"tags":["n","adj"]},{"word":"adhesive","score":27037,"tags":["adj","n"]},{"word":"excuss","score":27025},{"word":"less","score":26031,"tags":["adj","adv"]},{"word":"asor","score":26020,"tags":["n"]},{"word":"clone","score":26020,"tags":["n","v"]},{"word":"nono","score":26020,"tags":["n","prop"]},{"word":"ruler","score":26020,"tags":["n"]},{"word":"sect","score":26020,"tags":["n"]},{"word":"alarm","score":20077,"tags":["n"]},{"word":"cradle","score":20077,"tags":["n"]},{"word":"hand","score":20077,"tags":["n"]},{"word":"move","score":20077,"tags":["v","n"]},{"word":"wave","score":20077,"tags":["n"]},{"word":"deal","score":20018,"tags":["n","v"]},{"word":"salt","score":19417,"tags":["n"]},{"word":"tremor","score":19369,"tags":["n"]},{"word":"lift","score":19302,"tags":["v","n"]},{"word":"luft","score":19302,"tags":["n","prop"]},{"word":"jostle","score":19278,"tags":["v","n"]},{"word":"shag","score":19053,"tags":["n"]},{"word":"reach","score":19014,"tags":["v","n"]},{"word":"frill","score":19006,"tags":["n"]},{"word":"snap","score":18967,"tags":["n","v"]},{"word":"loop","score":18923,"tags":["n"]},{"word":"obstruction","score":18900,"tags":["n"]},{"word":"jackstraws","score":18833,"tags":["n"]},{"word":"spillikins","score":18833,"tags":["n"]},{"word":"agoraphobia","score":18809,"tags":["n"]},{"word":"attack","score":18809,"tags":["n","v"]},{"word":"discredit","score":18809,"tags":["v","n"]},{"word":"dodgeball","score":18809,"tags":["n"]},{"word":"halma","score":18809,"tags":["n"]},{"word":"hear","score":18809,"tags":["v"]},{"word":"dodge","score":18785,"tags":["n","v","prop"]},{"word":"duck","score":18785,"tags":["n"]},{"word":"hedge","score":18785,"tags":["n"]},{"word":"pace","score":18785,"tags":["n"]},{"word":"parry","score":18785,"tags":["n"]},{"word":"parrying","score":18785,"tags":["v","n"]},{"word":"puck","score":18785,"tags":["n"]},{"word":"race","score":18785,"tags":["n"]},{"word":"scramble","score":18785,"tags":["n"]},{"word":"skirt","score":18785,"tags":["n"]},{"word":"circumvent","score":18773,"tags":["v"]},{"word":"fudge","score":18773,"tags":["n"]},{"word":"put off","score":18773,"tags":["v"]},{"word":"shine","score":18773,"tags":["v","n"]},{"word":"sidestep","score":18773,"tags":["v"]},{"word":"dodging","score":18761,"tags":["n"]},{"word":"ducks","score":18761,"tags":["n"]},{"word":"skirted","score":18761,"tags":["v"]},{"word":"slope","score":18761,"tags":["n"]},{"word":"sloped","score":18761,"tags":["adj"]},{"word":"try","score":18761,"tags":["v"]},{"word":"water","score":18761,"tags":["n"]},{"word":"abc","score":18560,"tags":["n","prop"]},{"word":"about","score":18560,"tags":["adv"]},{"word":"bail","score":18560,"tags":["n","v"]},{"word":"balance","score":18560,"tags":["n"]},{"word":"base","score":18560,"tags":["n"]},{"word":"bat","score":18560,"tags":["n"]},{"word":"bed","score":18560,"tags":["n"]},{"word":"bet","score":18560,"tags":["v","n"]},{"word":"bowl","score":18560,"tags":["n"]},{"word":"crt","score":18560,"tags":["n","prop"]},{"word":"door","score":18560,"tags":["n"]},{"word":"drill","score":18560,"tags":["n"]},{"word":"easy","score":18560,"tags":["adj"]},{"word":"edge","score":18560,"tags":["n"]},{"word":"exit","score":18560,"tags":["n"]},{"word":"feather","score":18560,"tags":["n"]},{"word":"floor","score":18560,"tags":["n"]},{"word":"foul","score":18560,"tags":["adj"]},{"word":"free","score":18560,"tags":["adj"]},{"word":"gag","score":18560,"tags":["n"]},{"word":"hide","score":18560,"tags":["v","n"]}]