[{"word":"stem","score":84040,"tags":["syn","n","v"]},{"word":"origin","score":78673,"tags":["syn","n"]},{"word":"solution","score":77819,"tags":["syn","n"]},{"word":"source","score":77361,"tags":["syn","n"]},{"word":"radical","score":77050,"tags":["syn","adj"]},{"word":"basic","score":76336,"tags":["syn","adj"]},{"word":"theme","score":76040,"tags":["syn","n"]},{"word":"beginning","score":75634,"tags":["syn","n"]},{"word":"rout","score":75117,"tags":["syn","n"]},{"word":"base","score":74792,"tags":["syn","n"]},{"word":"side","score":72744,"tags":["syn","n"]},{"word":"root word","score":71776,"tags":["syn","n"]},{"word":"rootle","score":71776,"tags":["syn","v"]},{"word":"tooth root","score":71776,"tags":["syn","n"]},{"word":"origins","score":71775,"tags":["n"]},{"word":"beginnings","score":69242,"tags":["n"]},{"word":"lineage","score":67709,"tags":["n"]},{"word":"bedrock","score":63338,"tags":["n"]},{"word":"rootlets","score":61736,"tags":["n"]},{"word":"descendants","score":61109,"tags":["n"]},{"word":"underpinnings","score":60991,"tags":["n"]},{"word":"backgrounds","score":60479,"tags":["n"]},{"word":"background","score":60474,"tags":["n"]},{"word":"foundations","score":59788,"tags":["n"]},{"word":"grassroots","score":59322,"tags":["adj"]},{"word":"depths","score":58954,"tags":["n"]},{"word":"fundamentals","score":56894,"tags":["n"]},{"word":"strains","score":56542,"tags":["n"]},{"word":"bases","score":56175,"tags":["n"]},{"word":"land","score":56018,"tags":["n"]},{"word":"reasons","score":55561,"tags":["n"]},{"word":"causes","score":55304,"tags":["n"]},{"word":"racine","score":55059,"tags":["n","prop"]},{"word":"sources","score":54726,"tags":["n"]},{"word":"carrots","score":54710,"tags":["n"]},{"word":"anchored","score":54541,"tags":["v"]},{"word":"real","score":54322,"tags":["adj"]},{"word":"reagan","score":53741,"tags":["n","prop"]},{"word":"anchor","score":53398,"tags":["n","v"]},{"word":"estate","score":53042,"tags":["n"]},{"word":"kan","score":52010,"tags":["n","prop"]},{"word":"cases","score":51702,"tags":["n"]},{"word":"basis","score":51001,"tags":["n"]},{"word":"kpa","score":51001,"tags":["n","prop"]},{"word":"heritage","score":50998,"tags":["n"]},{"word":"traditions","score":50997,"tags":["n"]},{"word":"forebears","score":50996,"tags":["n"]},{"word":"taproot","score":50995,"tags":["n"]},{"word":"forbears","score":50994,"tags":["n"]},{"word":"ancestry","score":50993,"tags":["n"]},{"word":"heartland","score":50992,"tags":["n"]},{"word":"affinities","score":50991,"tags":["n"]},{"word":"ancestors","score":50990,"tags":["n"]},{"word":"birthplace","score":50989,"tags":["n"]},{"word":"genesis","score":50988,"tags":["n"]},{"word":"traces","score":50987,"tags":["n","v"]},{"word":"rootedness","score":50986,"tags":["n"]},{"word":"folkways","score":50985,"tags":["n"]},{"word":"sensibility","score":50984,"tags":["n"]},{"word":"upbringing","score":50983,"tags":["n"]},{"word":"ethos","score":50982,"tags":["n"]},{"word":"leanings","score":50981,"tags":["n"]},{"word":"culture","score":50980,"tags":["n"]},{"word":"offshoots","score":50979,"tags":["n"]},{"word":"lore","score":50978,"tags":["n"]},{"word":"native","score":50977,"tags":["n"]},{"word":"influences","score":50976,"tags":["n"]},{"word":"folk","score":50975,"tags":["n"]},{"word":"idiom","score":50974,"tags":["n"]},{"word":"sassafras tree","score":50973,"tags":["n"]},{"word":"ties","score":50972,"tags":["n"]},{"word":"bootstraps","score":50971,"tags":["n"]},{"word":"milieu","score":50970,"tags":["n"]},{"word":"forefather","score":50968,"tags":["n"]},{"word":"allegiances","score":50967,"tags":["n"]},{"word":"pioneers","score":50966,"tags":["n"]},{"word":"traditionalism","score":50965,"tags":["n"]},{"word":"foodways","score":50964,"tags":["n"]},{"word":"seedpod","score":50963,"tags":["n"]},{"word":"progenitors","score":50962,"tags":["n"]},{"word":"philosophy","score":50961,"tags":["n"]},{"word":"southernness","score":50960,"tags":["n"]},{"word":"millenary","score":50959,"tags":["n"]},{"word":"marsh mallow","score":50958,"tags":["n"]},{"word":"founding","score":50957,"tags":["n"]},{"word":"substrata","score":50956,"tags":["n"]},{"word":"soil","score":50955,"tags":["n"]},{"word":"kinship","score":50954,"tags":["n"]},{"word":"antecedents","score":50953,"tags":["n"]},{"word":"subculture","score":50952,"tags":["n"]},{"word":"etymology","score":50951,"tags":["n"]},{"word":"glories","score":50950,"tags":["n"]},{"word":"hometown","score":50949,"tags":["n"]},{"word":"agrarianism","score":50948,"tags":["n"]},{"word":"midwesterner","score":50947,"tags":["n"]},{"word":"hardscrabble","score":50946,"tags":["n","prop"]},{"word":"fertile crescent","score":50945,"tags":["n"]},{"word":"twang","score":50944,"tags":["n"]},{"word":"cedar elm","score":50943,"tags":["n"]},{"word":"globe mallow","score":50942,"tags":["n"]}]