[{"word":"pig","score":73616,"tags":["n"]},{"word":"pigs","score":73546,"tags":["n"]},{"word":"hog","score":70172,"tags":["n"]},{"word":"hogs","score":70125,"tags":["n"]},{"word":"pork","score":69689,"tags":["n"]},{"word":"porcine","score":66674,"tags":["adj","n"]},{"word":"boar","score":64531,"tags":["n"]},{"word":"boars","score":64207,"tags":["n"]},{"word":"pigmeat","score":64074,"tags":["n"]},{"word":"porker","score":62550,"tags":["n"]},{"word":"barn","score":61530,"tags":["n"]},{"word":"erysipelas","score":61438,"tags":["n","v"]},{"word":"porc","score":59840,"tags":["n","prop"]},{"word":"slob","score":58251,"tags":["n"]},{"word":"sadistic","score":56258,"tags":["adj"]},{"word":"piggy","score":55962,"tags":["n"]},{"word":"lowlifes","score":55913,"tags":["n"]},{"word":"salted","score":55635,"tags":["adj"]},{"word":"mexican","score":54180,"tags":["n","prop"]},{"word":"chops","score":53585,"tags":["n"]},{"word":"sweating","score":51485,"tags":["n"]},{"word":"durocs","score":51039,"tags":["n"]},{"word":"hyaena","score":51039,"tags":["n"]},{"word":"poultry","score":51037,"tags":["n"]},{"word":"livestock","score":51036,"tags":["n"]},{"word":"dairy cattle","score":51034,"tags":["n"]},{"word":"cattle","score":51033,"tags":["n"]},{"word":"bovine","score":51031,"tags":["n"]},{"word":"sheep","score":51029,"tags":["n"]},{"word":"heifer","score":51028,"tags":["n"]},{"word":"feedlot","score":51027,"tags":["n"]},{"word":"ruminant","score":51026,"tags":["n"]},{"word":"fowl","score":51025,"tags":["n"]},{"word":"piggery","score":51023,"tags":["n"]},{"word":"animal husbandry","score":51022,"tags":["n"]},{"word":"herd","score":51021,"tags":["n"]},{"word":"black angus","score":51020,"tags":["n","prop"]},{"word":"oink","score":51018,"tags":["n"]},{"word":"beef cattle","score":51017,"tags":["n"]},{"word":"gargol","score":51016,"tags":["n"]},{"word":"swinesty","score":51015,"tags":["n"]},{"word":"coccidiosis","score":51014,"tags":["n"]},{"word":"cows","score":51013,"tags":["n"]},{"word":"porket","score":51012,"tags":["n"]},{"word":"chickens","score":51011,"tags":["n"]},{"word":"piglets","score":51010,"tags":["n"]},{"word":"chianina","score":51009,"tags":["n","prop"]},{"word":"pullet","score":51008,"tags":["n"]},{"word":"holstein","score":51007,"tags":["n","prop"]},{"word":"hogcote","score":51006,"tags":["n"]},{"word":"cavy","score":51005,"tags":["n"]},{"word":"shorthorn","score":51004,"tags":["n"]},{"word":"farrowing","score":51003,"tags":["n"]},{"word":"dairy cow","score":51002,"tags":["n"]},{"word":"cervid","score":51001,"tags":["n"]},{"word":"calves","score":51000,"tags":["n"]},{"word":"animal","score":50999,"tags":["n"]},{"word":"manure","score":50998,"tags":["n"]},{"word":"goat","score":50997,"tags":["n"]},{"word":"dairy","score":50996,"tags":["n"]},{"word":"porkling","score":50995,"tags":["n"]},{"word":"lambs","score":50994,"tags":["n"]},{"word":"ewe","score":50993,"tags":["n"]},{"word":"equine","score":50992,"tags":["n"]},{"word":"garget","score":50991,"tags":["n"]},{"word":"ovine","score":50990,"tags":["n"]},{"word":"sus scrofa","score":50989,"tags":["n"]},{"word":"swinepox","score":50988,"tags":["n"]},{"word":"anaplasmosis","score":50987,"tags":["n"]},{"word":"pig farm","score":50986,"tags":["n"]},{"word":"hens","score":50985,"tags":["n"]},{"word":"retrovaccination","score":50984,"tags":["n"]},{"word":"carcase","score":50983,"tags":["n"]},{"word":"hog cholera","score":50982,"tags":["n"]},{"word":"newcastle disease","score":50981,"tags":["n","prop"]},{"word":"coccidia","score":50980,"tags":["n"]},{"word":"llama","score":50979,"tags":["n"]},{"word":"trichinella","score":50978,"tags":["n"]},{"word":"turkey","score":50977,"tags":["n"]},{"word":"meat","score":50976,"tags":["n"]},{"word":"broiler","score":50975,"tags":["n"]},{"word":"gargil","score":50974,"tags":["n"]},{"word":"potale","score":50973,"tags":["n"]},{"word":"slaughterhouse","score":50972,"tags":["n"]},{"word":"barnyard","score":50971,"tags":["n"]},{"word":"domestic fowl","score":50970,"tags":["n"]},{"word":"asian influenza","score":50969,"tags":["n","prop"]},{"word":"herefords","score":50968,"tags":["n"]},{"word":"weaner","score":50967,"tags":["n"]},{"word":"baby beef","score":50966,"tags":["n"]},{"word":"flu","score":50965,"tags":["n"]},{"word":"husbandry","score":50964,"tags":["n"]},{"word":"hogringer","score":50963,"tags":["n"]},{"word":"duroc","score":50962,"tags":["n","prop"]},{"word":"sows","score":50961,"tags":["n"]},{"word":"toxoplasma","score":50960,"tags":["n"]},{"word":"cow","score":50959,"tags":["n"]},{"word":"influenza","score":50958,"tags":["n"]},{"word":"rearer","score":50957,"tags":["n"]},{"word":"agricultural","score":50956,"tags":["n"]}]