[{"word":"aberration","score":11991,"tags":["n"]},{"word":"ghost","score":11991,"tags":["n"]},{"word":"image","score":11991,"tags":["n"]},{"word":"imaging","score":11991,"tags":["n"]},{"word":"reflection","score":11991,"tags":["n"]},{"word":"reflective","score":11991,"tags":["adj"]},{"word":"symbol","score":11991,"tags":["n"]},{"word":"crack","score":11745,"tags":["n","v"]},{"word":"cracked","score":11745,"tags":["adj"]},{"word":"delusion","score":11745,"tags":["n"]},{"word":"dull","score":11745,"tags":["adj"]},{"word":"dulled","score":11745,"tags":["adj"]},{"word":"fog","score":11745,"tags":["n"]},{"word":"fogged","score":11745,"tags":["adj"]},{"word":"frame","score":11745,"tags":["n"]},{"word":"ghosting","score":11745,"tags":["v","n"]},{"word":"kook","score":11745,"tags":["n"]},{"word":"look","score":11745,"tags":["v","n"]},{"word":"looks","score":11745,"tags":["v"]},{"word":"power","score":11745,"tags":["n"]},{"word":"powered","score":11745,"tags":["adj"]},{"word":"psyche","score":11745,"tags":["n"]},{"word":"reflex","score":11745,"tags":["n"]},{"word":"self","score":11745,"tags":["n","adj"]},{"word":"shock","score":11745,"tags":["n"]},{"word":"shocked","score":11745,"tags":["adj"]},{"word":"shocks","score":11745,"tags":["n"]},{"word":"spectacle","score":11745,"tags":["n"]},{"word":"slant","score":11684,"tags":["n"]},{"word":"flash","score":10868,"tags":["n"]},{"word":"parity","score":10868,"tags":["n"]},{"word":"reflect","score":10868,"tags":["v"]},{"word":"reflecting","score":10868,"tags":["adj"]},{"word":"reflectively","score":10868,"tags":["adv"]},{"word":"age","score":10832,"tags":["n"]},{"word":"blind","score":10832,"tags":["adj","n"]},{"word":"blinds","score":10832,"tags":["n","v"]},{"word":"bright","score":10832,"tags":["adj"]},{"word":"chimera","score":10832,"tags":["n"]},{"word":"cognition","score":10832,"tags":["n"]},{"word":"conceit","score":10832,"tags":["n"]},{"word":"conceive","score":10832,"tags":["v"]},{"word":"conceiving","score":10832,"tags":["v"]},{"word":"conception","score":10832,"tags":["n"]},{"word":"delirious","score":10832,"tags":["adj"]},{"word":"description","score":10832,"tags":["n"]},{"word":"ego","score":10832,"tags":["n"]},{"word":"engram","score":10832,"tags":["n"]},{"word":"envisage","score":10832,"tags":["v"]},{"word":"envisaged","score":10832,"tags":["v"]},{"word":"envisioned","score":10832,"tags":["adj"]},{"word":"etch","score":10832,"tags":["v"]},{"word":"exercise","score":10832,"tags":["n","v"]},{"word":"exercising","score":10832,"tags":["n"]},{"word":"fancy","score":10832,"tags":["n","adj","v"]},{"word":"fantasy","score":10832,"tags":["n"]},{"word":"feeble","score":10832,"tags":["adj"]},{"word":"fire","score":10832,"tags":["n"]},{"word":"fixation","score":10832,"tags":["n"]},{"word":"flashback","score":10832,"tags":["n"]},{"word":"form","score":10832,"tags":["n","v"]},{"word":"gymnastics","score":10832,"tags":["n"]},{"word":"hysteria","score":10832,"tags":["n"]},{"word":"idea","score":10832,"tags":["n"]},{"word":"ideal","score":10832,"tags":["adj","n"]},{"word":"ideate","score":10832,"tags":["v"]},{"word":"ideation","score":10832,"tags":["n"]},{"word":"identification","score":10832,"tags":["n"]},{"word":"idol","score":10832,"tags":["n"]},{"word":"illumination","score":10832,"tags":["n"]},{"word":"illusion","score":10832,"tags":["n"]},{"word":"imagination","score":10832,"tags":["n"]},{"word":"imagine","score":10832,"tags":["v"]},{"word":"imagining","score":10832,"tags":["v"]},{"word":"imago","score":10832,"tags":["n"]},{"word":"impression","score":10832,"tags":["n"]},{"word":"impulse","score":10832,"tags":["n"]},{"word":"inner","score":10832,"tags":["adj"]},{"word":"introspection","score":10832,"tags":["n"]},{"word":"lobotomy","score":10832,"tags":["n"]},{"word":"marble","score":10832,"tags":["n"]},{"word":"matter","score":10832,"tags":["n"]},{"word":"meditated","score":10832,"tags":["v"]},{"word":"meditation","score":10832,"tags":["n"]},{"word":"morality","score":10832,"tags":["n"]},{"word":"motivation","score":10832,"tags":["n"]},{"word":"notion","score":10832,"tags":["n"]},{"word":"obsession","score":10832,"tags":["n"]},{"word":"parallelism","score":10832,"tags":["n"]},{"word":"perception","score":10832,"tags":["n"]},{"word":"phantasm","score":10832,"tags":["n"]},{"word":"phantom","score":10832,"tags":["n"]},{"word":"picture","score":10832,"tags":["n"]},{"word":"pictured","score":10832,"tags":["adj"]},{"word":"pictures","score":10832,"tags":["n"]},{"word":"picturing","score":10832,"tags":["n"]},{"word":"piracy","score":10832,"tags":["n"]},{"word":"preconception","score":10832,"tags":["n"]},{"word":"projection","score":10832,"tags":["n"]},{"word":"psychogram","score":10832,"tags":["n"]}]