[{"word":"died","score":48434,"tags":["syn","v"]},{"word":"kill","score":48434,"tags":["syn","v"]},{"word":"killed","score":48434,"tags":["syn","v"]},{"word":"killing","score":48434,"tags":["syn","n"]},{"word":"murder","score":48434,"tags":["syn","n"]},{"word":"murdered","score":48434,"tags":["syn","adj"]},{"word":"deadeye","score":48364,"tags":["syn","n"]},{"word":"crushed","score":48034,"tags":["syn","adj"]},{"word":"culled","score":48034,"tags":["syn","v"]},{"word":"cut","score":48034,"tags":["syn","v","n"]},{"word":"depressed","score":48034,"tags":["syn","adj"]},{"word":"destroyed","score":48034,"tags":["syn","adj"]},{"word":"done","score":48034,"tags":["syn","adj"]},{"word":"felled","score":48034,"tags":["syn","adj"]},{"word":"fired","score":48034,"tags":["syn","adj"]},{"word":"harvested","score":48034,"tags":["syn","v"]},{"word":"shoot","score":48034,"tags":["syn","v","n"]},{"word":"slain","score":48034,"tags":["syn","n"]},{"word":"slaughtered","score":48034,"tags":["syn","v"]},{"word":"struck","score":48034,"tags":["syn","adj"]},{"word":"beaten","score":48013,"tags":["syn","adj"]},{"word":"kills","score":48013,"tags":["syn","v"]},{"word":"murdering","score":48013,"tags":["syn","v"]},{"word":"lorca","score":28344,"tags":["n","prop"]},{"word":"bonney","score":28013,"tags":["n","prop"]},{"word":"frederico garcia lorca","score":27944,"tags":["n","prop"]},{"word":"garcia lorca","score":27944,"tags":["n","prop"]},{"word":"ace","score":11634,"tags":["n"]},{"word":"beat","score":11634,"tags":["v","n"]},{"word":"blank","score":11634,"tags":["adj","n"]},{"word":"bury","score":11634,"tags":["v"]},{"word":"center","score":11634,"tags":["n"]},{"word":"cuts","score":11634,"tags":["n","v"]},{"word":"deadly","score":11634,"tags":["adj"]},{"word":"death","score":11634,"tags":["n"]},{"word":"descend","score":11634,"tags":["v"]},{"word":"did","score":11634,"tags":["v"]},{"word":"discharged","score":11634,"tags":["adj"]},{"word":"draw","score":11634,"tags":["v"]},{"word":"drop","score":11634,"tags":["n","v"]},{"word":"dropped","score":11634,"tags":["adj"]},{"word":"end","score":11634,"tags":["n"]},{"word":"eye","score":11634,"tags":["n"]},{"word":"finish","score":11634,"tags":["v","n"]},{"word":"for","score":11634},{"word":"freeze","score":11634,"tags":["n","v"]},{"word":"hook","score":11634,"tags":["n"]},{"word":"hooking","score":11634,"tags":["n"]},{"word":"hooks","score":11634,"tags":["n"]},{"word":"irons","score":11634,"tags":["n"]},{"word":"jook","score":11634,"tags":["n"]},{"word":"lay","score":11634,"tags":["v"]},{"word":"live","score":11634,"tags":["v"]},{"word":"load","score":11634,"tags":["n"]},{"word":"long","score":11634,"tags":["adj","adv"]},{"word":"nail","score":11634,"tags":["n"]},{"word":"peel","score":11634,"tags":["n","v"]},{"word":"push","score":11634,"tags":["v","n"]},{"word":"screwed","score":11634,"tags":["v"]},{"word":"set","score":11634,"tags":["v","n"]},{"word":"slay","score":11634,"tags":["v"]},{"word":"stoned","score":11634,"tags":["adj"]},{"word":"stuff","score":11634,"tags":["n"]},{"word":"stuffed","score":11634,"tags":["adj"]},{"word":"swing","score":11634,"tags":["n","v"]},{"word":"tsar","score":11634,"tags":["n"]},{"word":"unloaded","score":11634,"tags":["adj"]},{"word":"vaccine","score":11634,"tags":["n"]},{"word":"ringer","score":11564,"tags":["n"]},{"word":"blind","score":11551,"tags":["adj","n"]},{"word":"blinds","score":11551,"tags":["n","v"]},{"word":"choke","score":11551,"tags":["v"]},{"word":"raise","score":11551,"tags":["v"]},{"word":"ruined","score":11551,"tags":["adj"]},{"word":"salt","score":11551,"tags":["n"]},{"word":"pan","score":11531,"tags":["n"]},{"word":"right","score":11531,"tags":["adj","n","adv"]},{"word":"spent","score":11531,"tags":["adj"]},{"word":"still","score":11531,"tags":["adv"]},{"word":"toast","score":11531,"tags":["n"]},{"word":"tree","score":11531,"tags":["n"]},{"word":"was","score":11531,"tags":["v"]},{"word":"guess","score":11482,"tags":["v","n"]},{"word":"play","score":11482,"tags":["v","n"]},{"word":"sinker","score":11482,"tags":["n"]},{"word":"matte","score":11461,"tags":["n"]},{"word":"abandoned","score":10592,"tags":["adj"]},{"word":"abortion","score":10592,"tags":["n"]},{"word":"act","score":10592,"tags":["n","v"]},{"word":"amort","score":10592,"tags":["adj"]},{"word":"anatomy","score":10592,"tags":["n"]},{"word":"animate","score":10592,"tags":["v"]},{"word":"anti","score":10592,"tags":["adj"]},{"word":"apoptosis","score":10592,"tags":["n"]},{"word":"autopsy","score":10592,"tags":["n"]},{"word":"back","score":10592,"tags":["adv"]},{"word":"backfire","score":10592,"tags":["v","n"]},{"word":"bang","score":10592,"tags":["n"]},{"word":"beard","score":10592,"tags":["n"]},{"word":"beats","score":10592,"tags":["n"]}]