[{"word":"hud","score":61109,"tags":["n","prop"]},{"word":"tid","score":59799,"tags":["n"]},{"word":"hood","score":58161,"tags":["n"]},{"word":"scuttle","score":53343,"tags":["v"]},{"word":"shovel","score":51328,"tags":["n"]},{"word":"wheelbarrow","score":51327,"tags":["n"]},{"word":"waggon","score":51326,"tags":["n"]},{"word":"mattock","score":51325,"tags":["n"]},{"word":"awls","score":51324,"tags":["n"]},{"word":"adz","score":51323,"tags":["n"]},{"word":"handsaws","score":51322,"tags":["n"]},{"word":"lopper","score":51321,"tags":["n"]},{"word":"gunny sack","score":51320,"tags":["n"]},{"word":"peavey","score":51319,"tags":["n"]},{"word":"gunnysacks","score":51318,"tags":["n"]},{"word":"oakum","score":51317,"tags":["n"]},{"word":"concrete mixer","score":51316,"tags":["n"]},{"word":"capstan","score":51315,"tags":["n"]},{"word":"sheaves","score":51314,"tags":["n"]},{"word":"cods","score":51313,"tags":["n"]},{"word":"posthole","score":51312,"tags":["n"]},{"word":"pitchfork","score":51311,"tags":["n"]},{"word":"posthole digger","score":51310,"tags":["n"]},{"word":"cants","score":51309,"tags":["n"]},{"word":"lathed","score":51308,"tags":["n"]},{"word":"pickaxe","score":51307,"tags":["n"]},{"word":"menders","score":51306,"tags":["n"]},{"word":"fishhooks","score":51305,"tags":["n"]},{"word":"buss","score":51304,"tags":["n","prop"]},{"word":"rustbucket","score":51303,"tags":["n"]},{"word":"harrow","score":51302,"tags":["n"]},{"word":"spearlike","score":51301,"tags":["n"]},{"word":"dowels","score":51300,"tags":["n"]},{"word":"winepress","score":51299,"tags":["n"]},{"word":"rototiller","score":51298,"tags":["n"]},{"word":"tare","score":51297,"tags":["n"]},{"word":"fletching","score":51296,"tags":["n"]},{"word":"hatpin","score":51295,"tags":["n"]},{"word":"dishpan","score":51294,"tags":["n"]},{"word":"hawser","score":51293,"tags":["n"]},{"word":"vulcanizer","score":51292,"tags":["n"]},{"word":"toecap","score":51291,"tags":["n"]},{"word":"trowel","score":51290,"tags":["n"]},{"word":"fulla","score":51289,"tags":["n"]},{"word":"emery","score":51288,"tags":["n"]},{"word":"dingle","score":51287,"tags":["n"]},{"word":"axle grease","score":51286,"tags":["n"]},{"word":"pepper grinder","score":51285,"tags":["n"]},{"word":"piton","score":51284,"tags":["n"]},{"word":"coalman","score":51283,"tags":["n"]},{"word":"anvils","score":51282,"tags":["n"]},{"word":"neath","score":51281,"tags":["n","prop"]},{"word":"skat","score":51280,"tags":["n"]},{"word":"fasces","score":51279,"tags":["n"]},{"word":"drays","score":51278,"tags":["n"]},{"word":"teethed","score":51277,"tags":["n"]},{"word":"scow","score":51276,"tags":["n"]},{"word":"sealing wax","score":51275,"tags":["n"]},{"word":"sickles","score":51274,"tags":["n"]},{"word":"broom","score":51273,"tags":["n"]},{"word":"coulter","score":51272,"tags":["n"]},{"word":"shoveler","score":51271,"tags":["n"]},{"word":"pog","score":51270,"tags":["n"]},{"word":"truc","score":51269,"tags":["n"]},{"word":"gat","score":51268,"tags":["n"]},{"word":"chisel","score":51267,"tags":["n"]},{"word":"tig","score":51266,"tags":["n"]},{"word":"conveyer","score":51265,"tags":["n"]},{"word":"dacron","score":51264,"tags":["n"]},{"word":"adze","score":51263,"tags":["n"]},{"word":"jointer","score":51262,"tags":["n"]},{"word":"yokes","score":51261,"tags":["n"]},{"word":"slabbing","score":51260,"tags":["n"]},{"word":"lota","score":51259,"tags":["n"]},{"word":"washerwomen","score":51258,"tags":["n"]},{"word":"bic","score":51257,"tags":["n","prop"]},{"word":"sanders","score":51256,"tags":["n"]},{"word":"whetstone","score":51255,"tags":["n"]},{"word":"windlass","score":51254,"tags":["n"]},{"word":"hoe","score":51253,"tags":["n"]},{"word":"clove hitch","score":51252,"tags":["n"]},{"word":"bassett","score":51251,"tags":["n","prop"]},{"word":"davits","score":51250,"tags":["n"]},{"word":"flatcar","score":51249,"tags":["n"]},{"word":"collier","score":51248,"tags":["n","prop"]},{"word":"lowboy","score":51247,"tags":["n"]},{"word":"spinning jenny","score":51246,"tags":["n"]},{"word":"lug wrench","score":51245,"tags":["n"]},{"word":"squeezer","score":51244,"tags":["n"]},{"word":"woodman","score":51243,"tags":["n"]},{"word":"squirter","score":51242,"tags":["n"]},{"word":"gunwale","score":51241,"tags":["n"]},{"word":"pok","score":51240,"tags":["n"]},{"word":"trow","score":51239,"tags":["n","prop"]},{"word":"brogans","score":51238,"tags":["n"]},{"word":"sellotape","score":51237,"tags":["n"]},{"word":"ploughshare","score":51236,"tags":["n"]},{"word":"manila rope","score":51235,"tags":["n","prop"]},{"word":"tined","score":51234,"tags":["n"]},{"word":"sluff","score":51233,"tags":["n"]}]