[{"word":"flank","score":85578,"tags":["syn","n"]},{"word":"fly","score":75532,"tags":["syn","n","v"]},{"word":"annexe","score":75044,"tags":["syn","n"]},{"word":"fender","score":73704,"tags":["syn","n"]},{"word":"annex","score":71490,"tags":["syn","n"]},{"word":"extension","score":70688,"tags":["syn","n"]},{"word":"offstage","score":68826,"tags":["syn","n"]},{"word":"backstage","score":68697,"tags":["syn","n"]},{"word":"feathers","score":66290,"tags":["n"]},{"word":"vanes","score":61668,"tags":["n"]},{"word":"fins","score":61440,"tags":["n"]},{"word":"squadrons","score":60779,"tags":["n"]},{"word":"flutter","score":60708,"tags":["n","v"]},{"word":"sails","score":59674,"tags":["n"]},{"word":"flanges","score":59539,"tags":["n"]},{"word":"raptors","score":59468,"tags":["n"]},{"word":"insignias","score":58990,"tags":["n"]},{"word":"arms","score":58896,"tags":["n"]},{"word":"fenders","score":58769,"tags":["n"]},{"word":"ears","score":58745,"tags":["n"]},{"word":"branches","score":57516,"tags":["n"]},{"word":"flags","score":57434,"tags":["n"]},{"word":"factions","score":57426,"tags":["n"]},{"word":"feet","score":57095,"tags":["n"]},{"word":"tabs","score":56891,"tags":["n"]},{"word":"sections","score":56599,"tags":["n"]},{"word":"shadows","score":56439,"tags":["n"]},{"word":"badges","score":56346,"tags":["n"]},{"word":"suites","score":56186,"tags":["n"]},{"word":"sides","score":56167,"tags":["n"]},{"word":"lodges","score":55916,"tags":["n"]},{"word":"modules","score":55762,"tags":["n"]},{"word":"warblers","score":55422,"tags":["n"]},{"word":"alas","score":55211,"tags":["adv"]},{"word":"daphne","score":55067,"tags":["n","prop"]},{"word":"ells","score":54875,"tags":["n"]},{"word":"scenes","score":54835,"tags":["n"]},{"word":"quarters","score":54561,"tags":["n"]},{"word":"wards","score":54352,"tags":["n"]},{"word":"sidelines","score":54090,"tags":["n"]},{"word":"handles","score":53659,"tags":["n"]},{"word":"pavilions","score":53620,"tags":["n"]},{"word":"slides","score":53617,"tags":["n"]},{"word":"booths","score":52570,"tags":["n"]},{"word":"ailes","score":52080,"tags":["n"]},{"word":"aile","score":52025,"tags":["n"]},{"word":"ted","score":51462,"tags":["n","prop"]},{"word":"alae","score":50764,"tags":["n"]},{"word":"neighbourhoods","score":50764,"tags":["n"]},{"word":"trainsets","score":50764,"tags":["n"]},{"word":"tailplane","score":50762,"tags":["n"]},{"word":"dihedral","score":50761,"tags":["n"]},{"word":"airfoils","score":50760,"tags":["n"]},{"word":"beak","score":50759,"tags":["n"]},{"word":"flaps","score":50758,"tags":["n","v"]},{"word":"talons","score":50757,"tags":["n"]},{"word":"tail","score":50756,"tags":["n"]},{"word":"fuselage","score":50755,"tags":["n"]},{"word":"ailerons","score":50754,"tags":["n"]},{"word":"empennage","score":50753,"tags":["n"]},{"word":"underwing","score":50752,"tags":["n"]},{"word":"forewings","score":50751,"tags":["n"]},{"word":"appendages","score":50750,"tags":["n"]},{"word":"manduca sexta","score":50749,"tags":["n","prop"]},{"word":"chrysalides","score":50748,"tags":["n"]},{"word":"pincers","score":50747,"tags":["n"]},{"word":"wingtips","score":50746,"tags":["n"]},{"word":"cowling","score":50745,"tags":["n"]},{"word":"windsock","score":50744,"tags":["n"]},{"word":"aerofoils","score":50743,"tags":["n"]},{"word":"airframe","score":50742,"tags":["n"]},{"word":"perches","score":50741,"tags":["n"]},{"word":"sparrow hawk","score":50740,"tags":["n"]},{"word":"cocks","score":50739,"tags":["n"]},{"word":"wingspread","score":50738,"tags":["n"]},{"word":"belly","score":50737,"tags":["n"]},{"word":"riblet","score":50736,"tags":["n"]},{"word":"monoplanes","score":50735,"tags":["n"]},{"word":"hotdog bun","score":50734,"tags":["n"]},{"word":"pileated","score":50733,"tags":["n"]},{"word":"tail feather","score":50732,"tags":["n"]},{"word":"legs","score":50731,"tags":["n"]},{"word":"rotors","score":50730,"tags":["n"]},{"word":"hatches","score":50729,"tags":["n"]},{"word":"claws","score":50728,"tags":["n"]},{"word":"underparts","score":50727,"tags":["n"]},{"word":"propellers","score":50726,"tags":["n"]},{"word":"swallowtails","score":50725,"tags":["n"]},{"word":"june bug","score":50724,"tags":["n","prop"]},{"word":"pteranodon","score":50723,"tags":["n"]},{"word":"sponsons","score":50722,"tags":["n"]},{"word":"microlite","score":50721,"tags":["n"]},{"word":"cumulus cloud","score":50720,"tags":["n"]},{"word":"linnet","score":50719,"tags":["n"]},{"word":"canopies","score":50718,"tags":["n"]},{"word":"wingspan","score":50717,"tags":["n"]},{"word":"nest","score":50716,"tags":["n"]},{"word":"treetops","score":50715,"tags":["n"]},{"word":"heavenwards","score":50714,"tags":["n"]},{"word":"winglet","score":50713,"tags":["n"]}]