[{"word":"aba transit number","score":67346,"tags":["syn","n","prop"]},{"word":"bank identification number","score":67346,"tags":["syn","n"]},{"word":"binful","score":67346,"tags":["syn","n"]},{"word":"rubbish","score":67345,"tags":["n","adj"]},{"word":"dumpster","score":66997,"tags":["n"]},{"word":"garbage","score":66111,"tags":["n"]},{"word":"dustbin","score":65916,"tags":["n"]},{"word":"container","score":65763,"tags":["n"]},{"word":"tray","score":65594,"tags":["n"]},{"word":"drawer","score":65049,"tags":["n"]},{"word":"receptacle","score":64998,"tags":["n"]},{"word":"trash","score":64996,"tags":["n"]},{"word":"box","score":63430,"tags":["n"]},{"word":"wastebasket","score":63276,"tags":["n"]},{"word":"silo","score":62782,"tags":["n"]},{"word":"hopper","score":62515,"tags":["n"]},{"word":"cage","score":61570,"tags":["n"]},{"word":"cassette","score":61101,"tags":["n"]},{"word":"compartment","score":60900,"tags":["n"]},{"word":"locker","score":60428,"tags":["n"]},{"word":"rack","score":60143,"tags":["n"]},{"word":"ibn","score":60099,"tags":["n","prop"]},{"word":"cube","score":60077,"tags":["n"]},{"word":"ben","score":59742,"tags":["n","prop"]},{"word":"inbox","score":59477,"tags":["n"]},{"word":"shelf","score":59277,"tags":["n"]},{"word":"tank","score":58133,"tags":["n"]},{"word":"hong","score":57790,"tags":["n","prop"]},{"word":"junk","score":57790,"tags":["n"]},{"word":"pen","score":57533,"tags":["n"]},{"word":"platter","score":57462,"tags":["n"]},{"word":"roadside","score":57440,"tags":["n"]},{"word":"muhammad","score":57141,"tags":["n","prop"]},{"word":"basket","score":56934,"tags":["n"]},{"word":"pin","score":56755,"tags":["n"]},{"word":"ich","score":56628,"tags":["n","v","adj"]},{"word":"cgi","score":56285,"tags":["n"]},{"word":"coffer","score":56275,"tags":["n"]},{"word":"cell","score":56237,"tags":["n"]},{"word":"milk","score":56233,"tags":["n"]},{"word":"suleiman","score":56149,"tags":["n"]},{"word":"laden","score":56118,"tags":["adj","v","n"]},{"word":"pun","score":56113,"tags":["n"]},{"word":"foreshore","score":56041,"tags":["n"]},{"word":"deposit","score":55029,"tags":["n","v"]},{"word":"looney","score":54970,"tags":["n","adj","prop"]},{"word":"laban","score":54670,"tags":["n","prop"]},{"word":"reservoir","score":54372,"tags":["n"]},{"word":"lac","score":53890,"tags":["n"]},{"word":"loony","score":53726,"tags":["n","adj"]},{"word":"rabin","score":53674,"tags":["n","prop"]},{"word":"bee","score":53643,"tags":["n"]},{"word":"this","score":53440,"tags":["n"]},{"word":"son","score":53350,"tags":["n"]},{"word":"coffee","score":52668,"tags":["n"]},{"word":"look","score":52242,"tags":["n"]},{"word":"well","score":52162,"tags":["adv"]},{"word":"papen","score":51804,"tags":["n","prop"]},{"word":"share","score":51418,"tags":["n"]},{"word":"have","score":51233,"tags":["v"]},{"word":"abn","score":51118,"tags":["n","prop"]},{"word":"benn","score":51118,"tags":["n","prop"]},{"word":"jetzt","score":51118,"tags":["n","adj"]},{"word":"nbi","score":51118,"tags":["n","prop"]},{"word":"traurig","score":51118,"tags":["n","adj"]},{"word":"agree","score":51117,"tags":["v"]},{"word":"feel","score":51117,"tags":["v"]},{"word":"take","score":51117,"tags":["v"]},{"word":"wastepaper basket","score":51115,"tags":["n"]},{"word":"trash bin","score":51113,"tags":["n"]},{"word":"bag","score":51109,"tags":["n"]},{"word":"recyclables","score":51108,"tags":["n"]},{"word":"rubbish heap","score":51107,"tags":["n"]},{"word":"pail","score":51106,"tags":["n"]},{"word":"compost","score":51102,"tags":["n"]},{"word":"crate","score":51101,"tags":["n"]},{"word":"carton","score":51100,"tags":["n"]},{"word":"suitcase","score":51099,"tags":["n"]},{"word":"compactor","score":51098,"tags":["n"]},{"word":"litter","score":51097,"tags":["n"]},{"word":"cigarette butt","score":51096,"tags":["n"]},{"word":"recycling bin","score":51095,"tags":["n"]},{"word":"compost heap","score":51094,"tags":["n"]},{"word":"plastic bag","score":51093,"tags":["n"]},{"word":"compacter","score":51092,"tags":["n"]},{"word":"potato peelings","score":51091,"tags":["n"]},{"word":"toter","score":51090,"tags":["n"]},{"word":"dustcart","score":51089,"tags":["n"]},{"word":"fridge","score":51088,"tags":["n"]},{"word":"circular file","score":51086,"tags":["n"]},{"word":"storeroom","score":51085,"tags":["n"]},{"word":"round file","score":51084,"tags":["n"]},{"word":"boxes","score":51083,"tags":["n"]},{"word":"tins","score":51082,"tags":["n"]},{"word":"shoebox","score":51081,"tags":["n"]},{"word":"ziplock","score":51080,"tags":["n"]},{"word":"tumble drier","score":51079,"tags":["n"]},{"word":"postbox","score":51078,"tags":["n"]},{"word":"dustmen","score":51077,"tags":["n"]},{"word":"cart","score":51076,"tags":["n"]}]