[{"word":"ovipositor","score":51347,"tags":["n"]},{"word":"umbilicus","score":51346,"tags":["n"]},{"word":"epididymis","score":51345,"tags":["n"]},{"word":"caudal","score":51344,"tags":["n"]},{"word":"pelvic girdle","score":51343,"tags":["n"]},{"word":"hairlike","score":51342,"tags":["n"]},{"word":"spermatic cord","score":51341,"tags":["n"]},{"word":"meshwork","score":51340,"tags":["n"]},{"word":"pelvic cavity","score":51339,"tags":["n"]},{"word":"axilla","score":51338,"tags":["n"]},{"word":"uterine cavity","score":51337,"tags":["n"]},{"word":"rootlets","score":51336,"tags":["n"]},{"word":"lymphatics","score":51335,"tags":["n"]},{"word":"oviducts","score":51334,"tags":["n"]},{"word":"tubercles","score":51333,"tags":["n"]},{"word":"inguinal canal","score":51332,"tags":["n"]},{"word":"superior mesenteric artery","score":51331,"tags":["n"]},{"word":"ureters","score":51330,"tags":["n"]},{"word":"antrum","score":51329,"tags":["n"]},{"word":"femoral vein","score":51328,"tags":["n"]},{"word":"somites","score":51327,"tags":["n"]},{"word":"reticulum","score":51326,"tags":["n"]},{"word":"ovules","score":51325,"tags":["n"]},{"word":"pectoralis minor","score":51324,"tags":["n"]},{"word":"tarsal","score":51323,"tags":["n"]},{"word":"anal canal","score":51322,"tags":["n","prop"]},{"word":"bursae","score":51321,"tags":["n"]},{"word":"coracoid","score":51320,"tags":["n"]},{"word":"myxoma","score":51319,"tags":["n"]},{"word":"hyphae","score":51318,"tags":["n"]},{"word":"palps","score":51317,"tags":["n"]},{"word":"tubule","score":51316,"tags":["n"]},{"word":"shoulder girdle","score":51315,"tags":["n"]},{"word":"hamartoma","score":51314,"tags":["n"]},{"word":"varicosities","score":51313,"tags":["n"]},{"word":"sacral nerve","score":51312,"tags":["n"]},{"word":"eccrine","score":51311,"tags":["n"]},{"word":"alimentary tract","score":51310,"tags":["n"]},{"word":"yolk sac","score":51309,"tags":["n"]},{"word":"papilla","score":51308,"tags":["n"]},{"word":"tracheae","score":51307,"tags":["n"]},{"word":"trabeculae","score":51306,"tags":["n"]},{"word":"condyle","score":51305,"tags":["n"]},{"word":"parenchyma","score":51304,"tags":["n"]},{"word":"spiracles","score":51303,"tags":["n"]},{"word":"thrombi","score":51302,"tags":["n"]},{"word":"radula","score":51301,"tags":["n"]},{"word":"lobules","score":51300,"tags":["n"]},{"word":"jejunum","score":51299,"tags":["n"]},{"word":"mouthparts","score":51298,"tags":["n"]},{"word":"endocrine gland","score":51297,"tags":["n"]},{"word":"thoracic cavity","score":51296,"tags":["n"]},{"word":"lamina","score":51295,"tags":["n"]},{"word":"periosteum","score":51294,"tags":["n"]},{"word":"dural","score":51293,"tags":["n"]},{"word":"proteinaceous","score":51292,"tags":["n"]},{"word":"plastron","score":51291,"tags":["n"]},{"word":"ganglion","score":51290,"tags":["n"]},{"word":"notochord","score":51289,"tags":["n"]},{"word":"microelectrode","score":51288,"tags":["n"]},{"word":"erectile tissue","score":51287,"tags":["n"]},{"word":"wefts","score":51286,"tags":["n"]},{"word":"peritoneal cavity","score":51285,"tags":["n"]},{"word":"inferior vena cava","score":51284,"tags":["n"]},{"word":"lordosis","score":51283,"tags":["n"]},{"word":"dorsi","score":51282,"tags":["n"]},{"word":"fascial","score":51281,"tags":["n"]},{"word":"bleb","score":51280,"tags":["n"]},{"word":"obturator","score":51279,"tags":["n"]},{"word":"ileal","score":51278,"tags":["n"]},{"word":"plexus","score":51277,"tags":["n"]},{"word":"cotyledons","score":51276,"tags":["n"]},{"word":"airfoils","score":51275,"tags":["n"]},{"word":"exostosis","score":51274,"tags":["n"]},{"word":"lacrimal gland","score":51273,"tags":["n"]},{"word":"hemolymph","score":51272,"tags":["n"]},{"word":"gluteus minimus","score":51271,"tags":["n"]},{"word":"fibroid tumor","score":51270,"tags":["n"]},{"word":"hemolysin","score":51269,"tags":["n"]},{"word":"bronchial tube","score":51268,"tags":["n"]},{"word":"interdigital","score":51267,"tags":["n"]},{"word":"papule","score":51266,"tags":["n"]},{"word":"vitreous humor","score":51265,"tags":["n"]},{"word":"humeral","score":51264,"tags":["n"]},{"word":"ciliary body","score":51263,"tags":["n"]},{"word":"mesial","score":51262,"tags":["n"]},{"word":"auditory canal","score":51261,"tags":["n"]},{"word":"common bile duct","score":51260,"tags":["n"]},{"word":"acromion","score":51259,"tags":["n"]},{"word":"meningeal","score":51258,"tags":["n"]},{"word":"sulci","score":51257,"tags":["n"]},{"word":"kinking","score":51256,"tags":["n"]},{"word":"intima","score":51255,"tags":["n"]},{"word":"awns","score":51254,"tags":["n"]},{"word":"corium","score":51253,"tags":["n"]},{"word":"morphogenesis","score":51252,"tags":["n"]},{"word":"semicircular canal","score":51251,"tags":["n"]},{"word":"neurofibromas","score":51250,"tags":["n"]},{"word":"truncal","score":51249,"tags":["n"]},{"word":"vas deferens","score":51248,"tags":["n"]}]