[{"word":"strength","score":17931,"tags":["n"]},{"word":"raise","score":17882,"tags":["v"]},{"word":"point","score":17860,"tags":["n"]},{"word":"better","score":17858,"tags":["adj","adv"]},{"word":"improving","score":17858,"tags":["adj"]},{"word":"progressive","score":17858,"tags":["adj"]},{"word":"reform","score":17858,"tags":["n"]},{"word":"reforming","score":17858,"tags":["v"]},{"word":"reformism","score":17858,"tags":["n"]},{"word":"regenerate","score":17858,"tags":["v"]},{"word":"regenerating","score":17858,"tags":["adj"]},{"word":"tenure","score":17858,"tags":["n"]},{"word":"vetter","score":17858,"tags":["n","prop"]},{"word":"squeeze","score":17853,"tags":["v","n"]},{"word":"relation","score":17836,"tags":["n"]},{"word":"square","score":17836,"tags":["n","adj"]},{"word":"abetting","score":17805,"tags":["v"]},{"word":"adduction","score":17805,"tags":["n"]},{"word":"advantage","score":17805,"tags":["n"]},{"word":"apperception","score":17805,"tags":["n"]},{"word":"armageddon","score":17805,"tags":["n","prop"]},{"word":"assertion","score":17805,"tags":["n"]},{"word":"bad","score":17805,"tags":["adj"]},{"word":"base","score":17805,"tags":["n"]},{"word":"bau","score":17805,"tags":["n"]},{"word":"bay","score":17805,"tags":["n"]},{"word":"baying","score":17805,"tags":["v","n"]},{"word":"beachhead","score":17805,"tags":["n"]},{"word":"berlin","score":17805,"tags":["n","prop"]},{"word":"big","score":17805,"tags":["adj"]},{"word":"boost","score":17805,"tags":["n","v"]},{"word":"caruso","score":17805,"tags":["n","prop"]},{"word":"cgi","score":17805,"tags":["n"]},{"word":"chi","score":17805,"tags":["n"]},{"word":"chirpy","score":17805,"tags":["adj"]},{"word":"climactic","score":17805,"tags":["adj"]},{"word":"climax","score":17805,"tags":["n"]},{"word":"concentrate","score":17805,"tags":["v","n"]},{"word":"confidence","score":17805,"tags":["n"]},{"word":"conservatism","score":17805,"tags":["n"]},{"word":"conservativism","score":17805,"tags":["n"]},{"word":"continuous improvement","score":17805},{"word":"culminate","score":17805,"tags":["v"]},{"word":"culmination","score":17805,"tags":["n"]},{"word":"cure","score":17805,"tags":["n","v"]},{"word":"cured","score":17805,"tags":["adj"]},{"word":"cutback","score":17805,"tags":["n"]},{"word":"cuts","score":17805,"tags":["n","v"]},{"word":"cytoblast","score":17805,"tags":["n"]},{"word":"ecstasy","score":17805,"tags":["n"]},{"word":"experimentalism","score":17805,"tags":["n"]},{"word":"extremity","score":17805,"tags":["n"]},{"word":"eyesore","score":17805,"tags":["n"]},{"word":"fixture","score":17805,"tags":["n"]},{"word":"foothold","score":17805,"tags":["n"]},{"word":"forsake","score":17805,"tags":["v"]},{"word":"forsaken","score":17805,"tags":["adj"]},{"word":"forsaking","score":17805,"tags":["n"]},{"word":"fort","score":17805,"tags":["n"]},{"word":"forward","score":17805,"tags":["adv"]},{"word":"fugue","score":17805,"tags":["n"]},{"word":"glaucoma","score":17805,"tags":["n"]},{"word":"hellenism","score":17805,"tags":["n"]},{"word":"high","score":17805,"tags":["adj"]},{"word":"incentive","score":17805,"tags":["n"]},{"word":"indelicate","score":17805,"tags":["adj"]},{"word":"intensively","score":17805,"tags":["adv"]},{"word":"irradiation","score":17805,"tags":["n"]},{"word":"isometric","score":17805,"tags":["adj","n"]},{"word":"isotonic","score":17805,"tags":["adj"]},{"word":"lampoon","score":17805,"tags":["n","v"]},{"word":"lighthouse","score":17805,"tags":["n"]},{"word":"low","score":17805,"tags":["adj"]},{"word":"macaw","score":17805,"tags":["n"]},{"word":"manful","score":17805,"tags":["adj"]},{"word":"meet","score":17805,"tags":["v"]},{"word":"meets","score":17805,"tags":["v"]},{"word":"moderate","score":17805,"tags":["adj"]},{"word":"name","score":17805,"tags":["n"]},{"word":"overlay","score":17805,"tags":["n","v"]},{"word":"parkinsonism","score":17805,"tags":["n"]},{"word":"peremptorily","score":17805,"tags":["adv"]},{"word":"philanthropist","score":17805,"tags":["n"]},{"word":"radix","score":17805,"tags":["n"]},{"word":"railhead","score":17805,"tags":["n"]},{"word":"ray","score":17805,"tags":["n"]},{"word":"record","score":17805,"tags":["n"]},{"word":"recorded","score":17805,"tags":["adj"]},{"word":"seminal","score":17805,"tags":["adj"]},{"word":"seminar","score":17805,"tags":["n"]},{"word":"sport","score":17805,"tags":["n"]},{"word":"stability","score":17805,"tags":["n"]},{"word":"superficies","score":17805,"tags":["n"]},{"word":"superlative","score":17805,"tags":["adj"]},{"word":"surge","score":17805,"tags":["n"]},{"word":"switch","score":17805,"tags":["n","v"]},{"word":"tendon","score":17805,"tags":["n"]},{"word":"thoroughbred","score":17805,"tags":["adj","n"]},{"word":"tibia","score":17805,"tags":["n"]},{"word":"tide","score":17805,"tags":["n"]}]