[{"word":"flatulent","score":26176,"tags":["adj"]},{"word":"electroluminescence","score":26083,"tags":["n"]},{"word":"gasogen","score":26083},{"word":"emission","score":18778,"tags":["n"]},{"word":"raise","score":18245,"tags":["v"]},{"word":"power","score":18151,"tags":["n"]},{"word":"powered","score":18151,"tags":["adj"]},{"word":"dead","score":18094,"tags":["adj"]},{"word":"sound","score":18094,"tags":["n","adj"]},{"word":"age","score":18082,"tags":["n"]},{"word":"energy","score":18082,"tags":["n"]},{"word":"break","score":18076,"tags":["v","n"]},{"word":"lay","score":18076,"tags":["v"]},{"word":"bef","score":18059,"tags":["n"]},{"word":"brd","score":18059,"tags":["n","prop"]},{"word":"cot","score":18059,"tags":["n"]},{"word":"dream","score":18059,"tags":["n"]},{"word":"lullaby","score":18059,"tags":["n"]},{"word":"sing","score":18059,"tags":["v"]},{"word":"stand","score":18059,"tags":["v","n"]},{"word":"tight","score":18059,"tags":["adj"]},{"word":"effervescence","score":17999,"tags":["n"]},{"word":"evolve","score":17999,"tags":["v"]},{"word":"gain","score":17999,"tags":["v","n"]},{"word":"smoke","score":17999,"tags":["n","v"]},{"word":"smoked","score":17999,"tags":["adj"]},{"word":"steam","score":17999,"tags":["n"]},{"word":"colic","score":17995,"tags":["n"]},{"word":"atoms","score":17965,"tags":["n"]},{"word":"brush","score":17965,"tags":["n"]},{"word":"corn","score":17965,"tags":["n"]},{"word":"disconnect","score":17965,"tags":["v","n"]},{"word":"display","score":17965,"tags":["n","v"]},{"word":"doff","score":17965,"tags":["v"]},{"word":"draft","score":17965,"tags":["n"]},{"word":"effervescency","score":17965},{"word":"estrogen","score":17965,"tags":["n"]},{"word":"landscape","score":17965,"tags":["n"]},{"word":"ore","score":17965,"tags":["n"]},{"word":"ote","score":17965,"tags":["n","prop"]},{"word":"piracy","score":17965,"tags":["n"]},{"word":"rake","score":17965,"tags":["n"]},{"word":"raked","score":17965,"tags":["v"]},{"word":"shear","score":17965,"tags":["n"]},{"word":"stamina","score":17965,"tags":["n"]},{"word":"stifle","score":17965,"tags":["v"]},{"word":"strangle","score":17965,"tags":["v"]},{"word":"strangled","score":17965,"tags":["adj"]},{"word":"strangling","score":17965,"tags":["n"]},{"word":"stratum","score":17965,"tags":["n"]},{"word":"suffocate","score":17965,"tags":["v"]},{"word":"suffocated","score":17965,"tags":["v"]},{"word":"uranium","score":17965,"tags":["n"]},{"word":"vigor","score":17965,"tags":["n"]},{"word":"bag","score":17930,"tags":["n"]},{"word":"chimney","score":17930,"tags":["n"]},{"word":"combustion","score":17930,"tags":["n"]},{"word":"cycle","score":17930,"tags":["n"]},{"word":"dry","score":17930,"tags":["adj"]},{"word":"gaining","score":17930,"tags":["v"]},{"word":"head","score":17930,"tags":["n"]},{"word":"heads","score":17930,"tags":["n"]},{"word":"iff","score":17930,"tags":["n"]},{"word":"landfill","score":17930,"tags":["n"]},{"word":"mixture","score":17930,"tags":["n"]},{"word":"pff","score":17930,"tags":["n"]},{"word":"piping","score":17930,"tags":["n"]},{"word":"release","score":17930,"tags":["n","v"]},{"word":"run","score":17930,"tags":["v","n"]},{"word":"spark","score":17930,"tags":["n"]},{"word":"stop","score":17930,"tags":["v","n"]},{"word":"bar","score":17913,"tags":["n"]},{"word":"barred","score":17913,"tags":["adj"]},{"word":"bars","score":17913,"tags":["n"]},{"word":"flush","score":17913,"tags":["n","adj","v"]},{"word":"idle","score":17913,"tags":["adj"]},{"word":"inert","score":17913,"tags":["adj"]},{"word":"inertness","score":17913,"tags":["n"]},{"word":"ooze","score":17913,"tags":["n","v"]},{"word":"sparking","score":17913,"tags":["v","n"]},{"word":"sponge","score":17913,"tags":["n"]},{"word":"stick","score":17913,"tags":["n","v"]},{"word":"sticks","score":17913,"tags":["n"]},{"word":"tear","score":17913,"tags":["v"]},{"word":"turn","score":17913,"tags":["v","n"]},{"word":"turned","score":17913,"tags":["adj"]},{"word":"var","score":17913,"tags":["n"]},{"word":"action","score":17895,"tags":["n"]},{"word":"arcade","score":17895,"tags":["n"]},{"word":"bath","score":17895,"tags":["n"]},{"word":"bmr","score":17895,"tags":["n","prop"]},{"word":"bottom","score":17895,"tags":["n","adj"]},{"word":"bottoms","score":17895,"tags":["n"]},{"word":"bounce","score":17895,"tags":["n","v"]},{"word":"cage","score":17895,"tags":["n"]},{"word":"canopy","score":17895,"tags":["n"]},{"word":"coin","score":17895,"tags":["n"]},{"word":"corridor","score":17895,"tags":["n"]},{"word":"cribbing","score":17895,"tags":["n","v"]},{"word":"daydream","score":17895,"tags":["n","v"]}]