[{"word":"twinkle","score":10605,"tags":["n","v"]},{"word":"twinkling","score":10605,"tags":["n"]},{"word":"twitch","score":10493,"tags":["n","v"]},{"word":"flutter","score":10458,"tags":["n","v"]},{"word":"instant","score":10458,"tags":["n","adj"]},{"word":"moment","score":10458,"tags":["n"]},{"word":"start","score":10458,"tags":["v","n"]},{"word":"strat","score":10458,"tags":["n"]},{"word":"assembly","score":10423,"tags":["n"]},{"word":"spasm","score":10423,"tags":["n"]},{"word":"jitter","score":10406,"tags":["n"]},{"word":"jittering","score":10406,"tags":["adj"]},{"word":"ache","score":10388,"tags":["n","v"]},{"word":"anger","score":10388,"tags":["n"]},{"word":"asa","score":10388,"tags":["n","prop"]},{"word":"beat","score":10388,"tags":["v","n"]},{"word":"blepharospasm","score":10388,"tags":["n"]},{"word":"bump","score":10388,"tags":["n","v"]},{"word":"call","score":10388,"tags":["v","n"]},{"word":"drum","score":10388,"tags":["n"]},{"word":"eea","score":10388,"tags":["n","prop"]},{"word":"era","score":10388,"tags":["n"]},{"word":"fad","score":10388,"tags":["n"]},{"word":"fit","score":10388,"tags":["v","n"]},{"word":"fitted","score":10388,"tags":["v"]},{"word":"flap","score":10388,"tags":["n"]},{"word":"flaps","score":10388,"tags":["n"]},{"word":"flick","score":10388,"tags":["n","v"]},{"word":"flicking","score":10388,"tags":["v"]},{"word":"gridlock","score":10388,"tags":["n"]},{"word":"input","score":10388,"tags":["n"]},{"word":"jump","score":10388,"tags":["v","n"]},{"word":"mark","score":10388,"tags":["n","v"]},{"word":"mary","score":10388,"tags":["n","prop"]},{"word":"message","score":10388,"tags":["n"]},{"word":"move","score":10388,"tags":["v","n"]},{"word":"page","score":10388,"tags":["n"]},{"word":"pang","score":10388,"tags":["n"]},{"word":"pass","score":10388,"tags":["v","n"]},{"word":"passive","score":10388,"tags":["adj"]},{"word":"pendulum","score":10388,"tags":["n"]},{"word":"pick","score":10388,"tags":["v"]},{"word":"piss","score":10388,"tags":["v","n"]},{"word":"pst","score":10388,"tags":["n"]},{"word":"saccade","score":10388,"tags":["n","adj"]},{"word":"scotland","score":10388,"tags":["n","prop"]},{"word":"sec","score":10388,"tags":["n"]},{"word":"serve","score":10388,"tags":["v"]},{"word":"shake","score":10388,"tags":["v","n"]},{"word":"sign","score":10388,"tags":["n","v"]},{"word":"signed","score":10388,"tags":["adj"]},{"word":"spasmodic","score":10388,"tags":["adj"]},{"word":"tee","score":10388,"tags":["n"]},{"word":"tetany","score":10388,"tags":["n"]},{"word":"tick","score":10388,"tags":["n","v"]},{"word":"understand","score":10388,"tags":["v"]},{"word":"unit","score":10388,"tags":["n"]},{"word":"clicking","score":10164,"tags":["v"]},{"word":"twitching","score":10164,"tags":["n"]},{"word":"blink","score":4518,"tags":["v","n"]},{"word":"blinker","score":4518,"tags":["n"]},{"word":"blinks","score":4518,"tags":["n"]},{"word":"cursor","score":4518,"tags":["n"]},{"word":"eyes","score":4518,"tags":["n"]},{"word":"flash","score":4518,"tags":["n"]},{"word":"flashes","score":4518,"tags":["n"]},{"word":"flashing","score":4518,"tags":["n"]},{"word":"palpebration","score":4518,"tags":["n"]},{"word":"pinky","score":4518,"tags":["n"]},{"word":"reflex","score":4518,"tags":["n"]},{"word":"stare","score":4518,"tags":["v","n"]},{"word":"trafficator","score":4518,"tags":["n"]},{"word":"warning","score":4518,"tags":["n"]},{"word":"wink","score":4518,"tags":["n","v"]},{"word":"blink away","score":4444,"tags":["v"]},{"word":"caret","score":4444,"tags":["n"]},{"word":"goggle","score":4444,"tags":["v"]},{"word":"goggles","score":4444,"tags":["n"]},{"word":"turn indicator","score":4444,"tags":["n"]},{"word":"turn signal","score":4444,"tags":["n"]},{"word":"ufo","score":4444,"tags":["n","prop"]},{"word":"unblinking","score":4444,"tags":["adj"]},{"word":"unblinkingly","score":4444,"tags":["adv"]},{"word":"aas","score":4371,"tags":["n"]},{"word":"ablaze","score":4371,"tags":["adj"]},{"word":"absurd","score":4371,"tags":["adj"]},{"word":"abysmal","score":4371,"tags":["adj"]},{"word":"acetylene","score":4371,"tags":["n"]},{"word":"acheron","score":4371,"tags":["n","prop"]},{"word":"ack","score":4371,"tags":["n","adj"]},{"word":"actionscript","score":4371,"tags":["n"]},{"word":"active","score":4371,"tags":["adj"]},{"word":"adieu","score":4371,"tags":["n"]},{"word":"adobe","score":4371,"tags":["n"]},{"word":"advance","score":4371,"tags":["n","v"]},{"word":"advancing","score":4371,"tags":["adj"]},{"word":"aeon","score":4371,"tags":["n"]},{"word":"aerial","score":4371,"tags":["adj","n"]},{"word":"affirmative","score":4371,"tags":["adj","n"]},{"word":"afire","score":4371,"tags":["adv"]}]