[{"word":"heart","score":18102,"tags":["n"]},{"word":"brave","score":17862,"tags":["adj"]},{"word":"indifferent","score":17148,"tags":["adj"]},{"word":"pass","score":17148,"tags":["v","n"]},{"word":"black","score":16908,"tags":["adj","n"]},{"word":"block","score":16908,"tags":["n"]},{"word":"half","score":16908,"tags":["n","adj"]},{"word":"hole","score":16908,"tags":["n"]},{"word":"kind","score":16908,"tags":["n"]},{"word":"mean","score":16908,"tags":["v","adj","n"]},{"word":"men","score":16908,"tags":["n"]},{"word":"play","score":16908,"tags":["v","n"]},{"word":"rib","score":16908,"tags":["n"]},{"word":"soft","score":16908,"tags":["adj"]},{"word":"vamp","score":16848,"tags":["n"]},{"word":"avid","score":16028,"tags":["adj"]},{"word":"carefree","score":16028,"tags":["adj"]},{"word":"cocktail","score":16028,"tags":["n"]},{"word":"grudge","score":16028,"tags":["n","v"]},{"word":"half-heartedly","score":16028,"tags":["adv"]},{"word":"halfhearted","score":16028,"tags":["adj"]},{"word":"laodicean","score":16028,"tags":["n","adj"]},{"word":"otiose","score":16028,"tags":["adj"]},{"word":"perfunctorily","score":16028,"tags":["adv"]},{"word":"perfunctory","score":16028,"tags":["adj"]},{"word":"tentative","score":16028,"tags":["adj"]},{"word":"tepid","score":16028,"tags":["adj"]},{"word":"wan","score":16028,"tags":["n"]},{"word":"brick","score":15788,"tags":["n"]},{"word":"chaff","score":15788,"tags":["n"]},{"word":"cold","score":15788,"tags":["adj","n"]},{"word":"evil","score":15788,"tags":["n","adj"]},{"word":"feeling","score":15788,"tags":["n"]},{"word":"folk","score":15788,"tags":["n"]},{"word":"footloose","score":15788,"tags":["adj"]},{"word":"gay","score":15788,"tags":["adj","n"]},{"word":"liberal","score":15788,"tags":["adj","n"]},{"word":"mellow","score":15788,"tags":["adj"]},{"word":"nice","score":15788,"tags":["adj"]},{"word":"saint","score":15788,"tags":["n"]},{"word":"silly","score":15788,"tags":["adj"]},{"word":"sincere","score":15788,"tags":["adj"]},{"word":"sunshine","score":15788,"tags":["n"]},{"word":"valiant","score":15788,"tags":["adj"]},{"word":"wild","score":15788,"tags":["adj"]},{"word":"worse","score":15788,"tags":["adj"]},{"word":"breast","score":11378,"tags":["n"]},{"word":"hand","score":11378,"tags":["n"]},{"word":"hearts","score":11378,"tags":["n"]},{"word":"puff","score":11378,"tags":["n"]},{"word":"hands","score":11258,"tags":["n"]},{"word":"inside","score":11258,"tags":["adv","n"]},{"word":"minded","score":11258,"tags":["adj"]},{"word":"outside","score":11258,"tags":["adj","n"]},{"word":"amiable","score":10682,"tags":["adj"]},{"word":"heartless","score":10682,"tags":["adj"]},{"word":"timid","score":10682,"tags":["adj"]},{"word":"abdul","score":9728,"tags":["n","prop"]},{"word":"adamant","score":9728,"tags":["adj"]},{"word":"affectionate","score":9728,"tags":["adj"]},{"word":"afraid","score":9728,"tags":["adj"]},{"word":"airy","score":9728,"tags":["adj"]},{"word":"appal","score":9728,"tags":["v"]},{"word":"beauty","score":9728,"tags":["n"]},{"word":"beggar","score":9728,"tags":["n"]},{"word":"benign","score":9728,"tags":["adj"]},{"word":"blithe","score":9728,"tags":["adj"]},{"word":"bloodless","score":9728,"tags":["adj"]},{"word":"bogart","score":9728,"tags":["n","prop"]},{"word":"breezy","score":9728,"tags":["adj"]},{"word":"brutal","score":9728,"tags":["adj"]},{"word":"buoyant","score":9728,"tags":["adj"]},{"word":"callous","score":9728,"tags":["adj"]},{"word":"caper","score":9728,"tags":["n"]},{"word":"careless","score":9728,"tags":["adj"]},{"word":"cold-blooded","score":9728,"tags":["adj"]},{"word":"coldhearted","score":9728,"tags":["adj"]},{"word":"compassionate","score":9728,"tags":["adj"]},{"word":"coward","score":9728,"tags":["n"]},{"word":"cowardly","score":9728,"tags":["adj"]},{"word":"craven","score":9728,"tags":["n","prop"]},{"word":"cruel","score":9728,"tags":["adj"]},{"word":"dauntless","score":9728,"tags":["adj"]},{"word":"debonair","score":9728,"tags":["adj"]},{"word":"dejected","score":9728,"tags":["adj"]},{"word":"earthen-hearted","score":9728},{"word":"epithet","score":9728,"tags":["n"]},{"word":"faint","score":9728,"tags":["adj"]},{"word":"false-heart","score":9728},{"word":"fearful","score":9728,"tags":["adj"]},{"word":"flint-hearted","score":9728},{"word":"free-hearted","score":9728},{"word":"frolic","score":9728,"tags":["n"]},{"word":"frozen","score":9728,"tags":["adj"]},{"word":"fun","score":9728,"tags":["n"]},{"word":"gambol","score":9728,"tags":["n","v"]},{"word":"generous","score":9728,"tags":["adj"]},{"word":"gentle","score":9728,"tags":["adj"]},{"word":"gladsome","score":9728,"tags":["adj"]},{"word":"grieve","score":9728,"tags":["v"]}]