[{"word":"hydrogen chloride","score":27737,"tags":["n"]},{"word":"fluorine","score":27350,"tags":["n"]},{"word":"hydrogen iodide","score":27350,"tags":["n"]},{"word":"hydrogen fluoride","score":27337,"tags":["n"]},{"word":"flatulent","score":25959,"tags":["adj"]},{"word":"electroluminescence","score":25892,"tags":["n"]},{"word":"gasogen","score":25892},{"word":"alkali","score":19260,"tags":["n"]},{"word":"formic acid","score":19260,"tags":["n"]},{"word":"nitric acid","score":19260,"tags":["n"]},{"word":"phenol","score":19260,"tags":["n"]},{"word":"sulphuric acid","score":19210,"tags":["n"]},{"word":"hydrazine","score":19017,"tags":["n"]},{"word":"ozone","score":19017,"tags":["n"]},{"word":"rot","score":18992,"tags":["n","v"]},{"word":"rust","score":18992,"tags":["n"]},{"word":"gaa","score":18887,"tags":["n"]},{"word":"atomic age","score":18862,"tags":["prop"]},{"word":"blast","score":18753,"tags":["n"]},{"word":"burn","score":18753,"tags":["v","n"]},{"word":"carbonate","score":18753,"tags":["n"]},{"word":"ethane","score":18753,"tags":["n"]},{"word":"fire","score":18753,"tags":["n"]},{"word":"gasify","score":18753,"tags":["v"]},{"word":"generator","score":18753,"tags":["n"]},{"word":"hydrogen cyanide","score":18753,"tags":["n"]},{"word":"radon","score":18753,"tags":["n"]},{"word":"smear","score":18753,"tags":["n"]},{"word":"strength","score":18753,"tags":["n"]},{"word":"sulfur dioxide","score":18753,"tags":["n"]},{"word":"sulphur dioxide","score":18753,"tags":["n"]},{"word":"bromine","score":18751,"tags":["n"]},{"word":"aerobacter aerogenes","score":18741,"tags":["n","prop"]},{"word":"succinimide","score":18741,"tags":["n","adj"]},{"word":"animal","score":18728,"tags":["n"]},{"word":"aqua fortis","score":18728,"tags":["n"]},{"word":"atomic bomb","score":18728,"tags":["n","prop"]},{"word":"benzene","score":18728,"tags":["n"]},{"word":"benzoyl","score":18728,"tags":["n"]},{"word":"bergamot","score":18728,"tags":["n"]},{"word":"bower-barff process","score":18728},{"word":"carboxylate","score":18728,"tags":["v"]},{"word":"carob","score":18728,"tags":["n"]},{"word":"carrot","score":18728,"tags":["n"]},{"word":"coralline","score":18728,"tags":["adj","n"]},{"word":"crocein","score":18728,"tags":["n","adj"]},{"word":"diazotize","score":18728,"tags":["v","n"]},{"word":"effervescency","score":18728},{"word":"ester","score":18728,"tags":["n"]},{"word":"eupione","score":18728},{"word":"fermentation","score":18728,"tags":["n"]},{"word":"fumatorium","score":18728},{"word":"glycolysis","score":18728,"tags":["n"]},{"word":"gumtree","score":18728,"tags":["n"]},{"word":"h-bomb","score":18728,"tags":["n"]},{"word":"incense","score":18728,"tags":["n"]},{"word":"isoprene","score":18728,"tags":["n"]},{"word":"mesitylene","score":18728,"tags":["n"]},{"word":"metalloid","score":18728,"tags":["adj"]},{"word":"missile","score":18728,"tags":["n"]},{"word":"nitranilic","score":18728},{"word":"nitrify","score":18728,"tags":["v"]},{"word":"nitrobenzene","score":18728,"tags":["n"]},{"word":"oleic","score":18728,"tags":["adj"]},{"word":"ore","score":18728,"tags":["n"]},{"word":"ornithine","score":18728,"tags":["n"]},{"word":"ote","score":18728,"tags":["n","prop"]},{"word":"palmitic","score":18728,"tags":["adj","n"]},{"word":"pile","score":18728,"tags":["n"]},{"word":"pyrite","score":18728,"tags":["n"]},{"word":"quartenylic","score":18728},{"word":"quindecylic","score":18728},{"word":"saponification","score":18728,"tags":["n"]},{"word":"scar","score":18728,"tags":["n"]},{"word":"scarred","score":18728,"tags":["adj"]},{"word":"sinapoleic","score":18728},{"word":"sodium carbonate","score":18728,"tags":["n"]},{"word":"sodium hydroxide","score":18728,"tags":["n"]},{"word":"stethal","score":18728},{"word":"sulphonic","score":18728,"tags":["adj"]},{"word":"sulphurous acid","score":18728},{"word":"tar","score":18728,"tags":["n"]},{"word":"terephthalic","score":18728,"tags":["adj","n"]},{"word":"tropaeolin","score":18728,"tags":["n"]},{"word":"turkish","score":18728,"tags":["adj"]},{"word":"viscose","score":18728,"tags":["n"]},{"word":"carbonation","score":18704,"tags":["n"]},{"word":"stove","score":18704,"tags":["n"]},{"word":"sulphur","score":18704,"tags":["n"]},{"word":"pyrogallol","score":18691,"tags":["n"]},{"word":"acetone","score":18679,"tags":["n"]},{"word":"albumin","score":18679,"tags":["n"]},{"word":"angelica","score":18679,"tags":["n","prop"]},{"word":"awe","score":18679,"tags":["n"]},{"word":"base","score":18679,"tags":["n"]},{"word":"battery","score":18679,"tags":["n"]},{"word":"burning","score":18679,"tags":["n"]},{"word":"buttermilk","score":18679,"tags":["n"]},{"word":"caesar","score":18679,"tags":["n","prop"]},{"word":"calcination","score":18679,"tags":["n"]}]