[{"word":"unspeakable","score":90500,"tags":["syn","adj"]},{"word":"inexpressible","score":87996,"tags":["syn","adj"]},{"word":"indefinable","score":86291,"tags":["syn","adj"]},{"word":"ineffable","score":85271,"tags":["syn","adj"]},{"word":"unutterable","score":84955,"tags":["syn","adj"]},{"word":"unexpressible","score":71966,"tags":["syn","adj"]},{"word":"untellable","score":71966,"tags":["syn","adj"]},{"word":"unbelievable","score":71965,"tags":["adj"]},{"word":"unimaginable","score":71265,"tags":["adj"]},{"word":"extreme","score":62408,"tags":["adj"]},{"word":"untold","score":61400,"tags":["adj"]},{"word":"barbaric","score":61202,"tags":["adj"]},{"word":"disgraceful","score":60870,"tags":["adj"]},{"word":"fearful","score":57059,"tags":["adj"]},{"word":"unfathomable","score":51109,"tags":["adj"]},{"word":"unbearable","score":51107,"tags":["adj"]},{"word":"incredible","score":51106,"tags":["adj"]},{"word":"unexplainable","score":51104,"tags":["adj"]},{"word":"incomprehensible","score":51103,"tags":["adj"]},{"word":"immeasurable","score":51102,"tags":["adj"]},{"word":"surreal","score":51100,"tags":["adj"]},{"word":"terrible","score":51099,"tags":["adj"]},{"word":"unforgettable","score":51098,"tags":["adj"]},{"word":"horrible","score":51096,"tags":["adj"]},{"word":"heartbreaking","score":51095,"tags":["adj"]},{"word":"intolerable","score":51094,"tags":["adj"]},{"word":"unendurable","score":51093,"tags":["adj"]},{"word":"palpable","score":51092,"tags":["adj"]},{"word":"wondrous","score":51091,"tags":["adj"]},{"word":"inconceivable","score":51090,"tags":["adj"]},{"word":"horrific","score":51089,"tags":["adj"]},{"word":"otherworldly","score":51088,"tags":["adj"]},{"word":"inexplicable","score":51087,"tags":["adj"]},{"word":"extraordinary","score":51086,"tags":["adj"]},{"word":"incomparable","score":51085,"tags":["adj"]},{"word":"unthinkable","score":51084,"tags":["adj"]},{"word":"transcendent","score":51083,"tags":["adj"]},{"word":"awful","score":51082,"tags":["adj"]},{"word":"breathtaking","score":51081,"tags":["adj"]},{"word":"horrendous","score":51080,"tags":["adj"]},{"word":"incalculable","score":51079,"tags":["adj"]},{"word":"hellish","score":51078,"tags":["adj"]},{"word":"ecstatic","score":51077,"tags":["adj"]},{"word":"unreal","score":51076,"tags":["adj"]},{"word":"amazing","score":51075,"tags":["adj"]},{"word":"awesome","score":51074,"tags":["adj"]},{"word":"excruciating","score":51073,"tags":["adj"]},{"word":"speechless","score":51072,"tags":["adj"]},{"word":"bittersweet","score":51071,"tags":["adj"]},{"word":"unnumerable","score":51070,"tags":["adj"]},{"word":"wonderful","score":51069,"tags":["adj"]},{"word":"emotional","score":51068,"tags":["adj"]},{"word":"immense","score":51067,"tags":["adj"]},{"word":"horrifying","score":51066,"tags":["adj"]},{"word":"eerie","score":51065,"tags":["adj"]},{"word":"joyful","score":51064,"tags":["adj"]},{"word":"humbling","score":51063,"tags":["adj"]},{"word":"nefandous","score":51062,"tags":["adj"]},{"word":"exhilarating","score":51061,"tags":["adj"]},{"word":"terrifying","score":51060,"tags":["adj"]},{"word":"joyous","score":51059,"tags":["adj"]},{"word":"primal","score":51058,"tags":["adj"]},{"word":"marvelous","score":51057,"tags":["adj"]},{"word":"utter","score":51056,"tags":["adj"]},{"word":"numb","score":51055,"tags":["adj"]},{"word":"sorrowful","score":51054,"tags":["adj"]},{"word":"great","score":51053,"tags":["adj"]},{"word":"everlasting","score":51052,"tags":["adj"]},{"word":"petrifying","score":51051,"tags":["adj"]},{"word":"exquisite","score":51050,"tags":["adj"]},{"word":"mesmerizing","score":51049,"tags":["adj"]},{"word":"incogitable","score":51048,"tags":["adj"]},{"word":"unforgivable","score":51047,"tags":["adj"]},{"word":"awestruck","score":51046,"tags":["adj"]},{"word":"helpless","score":51045,"tags":["adj"]},{"word":"absolute","score":51044,"tags":["adj","n"]},{"word":"inconsolable","score":51043,"tags":["adj"]},{"word":"uncontainable","score":51042,"tags":["adj"]},{"word":"magical","score":51041,"tags":["adj"]},{"word":"heartsore","score":51039,"tags":["adj"]},{"word":"dreamlike","score":51038,"tags":["adj"]},{"word":"beautiful","score":51037,"tags":["adj"]},{"word":"visceral","score":51036,"tags":["adj"]},{"word":"agonizing","score":51035,"tags":["adj"]},{"word":"tragic","score":51034,"tags":["adj"]},{"word":"cathartic","score":51033,"tags":["adj"]},{"word":"overwhelming","score":51032,"tags":["adj"]},{"word":"sad","score":51031,"tags":["adj"]},{"word":"weird","score":51030,"tags":["adj"]},{"word":"strange","score":51029,"tags":["adj"]},{"word":"tremendous","score":51028,"tags":["adj"]},{"word":"unnatural","score":51027,"tags":["adj"]},{"word":"incommunicable","score":51026,"tags":["adj"]},{"word":"enormous","score":51025,"tags":["adj"]},{"word":"unrelieved","score":51024,"tags":["adj"]},{"word":"heartwarming","score":51023,"tags":["adj"]},{"word":"exultant","score":51022,"tags":["adj"]},{"word":"astounding","score":51021,"tags":["adj"]},{"word":"profound","score":51020,"tags":["adj"]},{"word":"fantastic","score":51019,"tags":["adj"]}]