[{"word":"leg","score":11732,"tags":["n"]},{"word":"leh","score":11732,"tags":["n","prop"]},{"word":"pike","score":11732,"tags":["n"]},{"word":"spider","score":11732,"tags":["n"]},{"word":"shire","score":11719,"tags":["n"]},{"word":"chain","score":11679,"tags":["n"]},{"word":"parachute","score":11666,"tags":["n"]},{"word":"relay","score":11666,"tags":["n"]},{"word":"feet","score":11588,"tags":["n"]},{"word":"arthropod","score":11575,"tags":["n"]},{"word":"acre","score":10705,"tags":["n"]},{"word":"compound","score":10705,"tags":["n"]},{"word":"dissociation","score":10705,"tags":["n"]},{"word":"dual","score":10705,"tags":["adj"]},{"word":"heterogeneous","score":10705,"tags":["adj"]},{"word":"mandala","score":10705,"tags":["n"]},{"word":"many","score":10705,"tags":["adj"]},{"word":"multangular","score":10705,"tags":["adj","n"]},{"word":"multifaceted","score":10705,"tags":["adj"]},{"word":"multipartite","score":10705,"tags":["adj"]},{"word":"multiphase","score":10705,"tags":["adj"]},{"word":"pleomorphism","score":10705,"tags":["n"]},{"word":"polyhedral","score":10705,"tags":["adj"]},{"word":"polyphase","score":10705,"tags":["adj"]},{"word":"sectors","score":10705,"tags":["n"]},{"word":"tree","score":10705,"tags":["n"]},{"word":"treed","score":10705,"tags":["adj"]},{"word":"instalments","score":10653,"tags":["n"]},{"word":"beriberi","score":10615,"tags":["n"]},{"word":"polyostotic fibrous dysplasia","score":10615,"tags":["n"]},{"word":"airedale","score":10550,"tags":["n"]},{"word":"allosaurus","score":10550,"tags":["n"]},{"word":"annelida","score":10550,"tags":["n","prop"]},{"word":"arm","score":10550,"tags":["n"]},{"word":"astride","score":10550,"tags":["adv"]},{"word":"avocet","score":10550,"tags":["n"]},{"word":"badger","score":10550,"tags":["n"]},{"word":"bernese mountain dog","score":10550,"tags":["n","prop"]},{"word":"bowlegged","score":10550,"tags":["adj"]},{"word":"brahma","score":10550,"tags":["n","prop"]},{"word":"bullfrog","score":10550,"tags":["n"]},{"word":"bustard","score":10550,"tags":["n"]},{"word":"caracara","score":10550,"tags":["n"]},{"word":"cartwheel","score":10550,"tags":["n"]},{"word":"centipede","score":10550,"tags":["n"]},{"word":"chap","score":10550,"tags":["n"]},{"word":"chapped","score":10550,"tags":["adj"]},{"word":"chaps","score":10550,"tags":["n"]},{"word":"chilognatha","score":10550,"tags":["n","prop"]},{"word":"ciconiiformes","score":10550,"tags":["n"]},{"word":"cob","score":10550,"tags":["n"]},{"word":"cochin","score":10550,"tags":["n","prop"]},{"word":"console table","score":10550,"tags":["n"]},{"word":"coverall","score":10550,"tags":["n"]},{"word":"crab","score":10550,"tags":["n"]},{"word":"crane","score":10550,"tags":["n"]},{"word":"crane fly","score":10550,"tags":["n"]},{"word":"cross-buttock","score":10550},{"word":"cross-legged","score":10550,"tags":["adv"]},{"word":"crus","score":10550,"tags":["n"]},{"word":"culottes","score":10550,"tags":["n"]},{"word":"curassow","score":10550,"tags":["n"]},{"word":"daddy longlegs","score":10550,"tags":["n"]},{"word":"decapod","score":10550,"tags":["n"]},{"word":"dib","score":10550,"tags":["n"]},{"word":"draw","score":10550,"tags":["v"]},{"word":"dressage","score":10550,"tags":["n"]},{"word":"duck","score":10550,"tags":["n"]},{"word":"ducks","score":10550,"tags":["n"]},{"word":"fascia","score":10550,"tags":["n"]},{"word":"flamingo","score":10550,"tags":["n"]},{"word":"flesh","score":10550,"tags":["n"]},{"word":"fold","score":10550,"tags":["n","v"]},{"word":"foot","score":10550,"tags":["n"]},{"word":"forefoot","score":10550,"tags":["n"]},{"word":"foreleg","score":10550,"tags":["n"]},{"word":"frog","score":10550,"tags":["n"]},{"word":"goose","score":10550,"tags":["n"]},{"word":"grouse","score":10550,"tags":["n"]},{"word":"guenon","score":10550,"tags":["n"]},{"word":"hanger","score":10550,"tags":["n"]},{"word":"hollow","score":10550,"tags":["adj","n"]},{"word":"horse","score":10550,"tags":["n"]},{"word":"hose","score":10550,"tags":["n"]},{"word":"hosed","score":10550,"tags":["v"]},{"word":"hyrax","score":10550,"tags":["n"]},{"word":"iguanodon","score":10550,"tags":["n"]},{"word":"insecta","score":10550,"tags":["n","prop"]},{"word":"isopod","score":10550,"tags":["n"]},{"word":"iulus","score":10550,"tags":["n","prop"]},{"word":"jacana","score":10550,"tags":["n"]},{"word":"jackal","score":10550,"tags":["n"]},{"word":"jerboa","score":10550,"tags":["n"]},{"word":"kangaroo","score":10550,"tags":["n"]},{"word":"kip","score":10550,"tags":["n"]},{"word":"leapfrog","score":10550,"tags":["n","v"]},{"word":"legged","score":10550,"tags":["adj"]},{"word":"lobster","score":10550,"tags":["n"]},{"word":"mantis","score":10550,"tags":["n"]},{"word":"marmot","score":10550,"tags":["n"]}]