[{"word":"regenerating","score":74898,"tags":["adj"]},{"word":"revitalization","score":69496,"tags":["n"]},{"word":"redevelopment","score":69310,"tags":["n"]},{"word":"refurbishment","score":68138,"tags":["n"]},{"word":"rejuvenation","score":67375,"tags":["n"]},{"word":"regenerative","score":65501,"tags":["adj"]},{"word":"revitalizing","score":65230,"tags":["adj"]},{"word":"revitalize","score":64447,"tags":["v"]},{"word":"regrowth","score":64428,"tags":["n"]},{"word":"restoration","score":64390,"tags":["n"]},{"word":"revitalisation","score":63422,"tags":["n"]},{"word":"reconstruction","score":62684,"tags":["n"]},{"word":"rebirth","score":62663,"tags":["n"]},{"word":"repopulation","score":62453,"tags":["n"]},{"word":"reinvigoration","score":62114,"tags":["n"]},{"word":"renaissance","score":62051,"tags":["n"]},{"word":"rebuilding","score":61913,"tags":["n"]},{"word":"healing","score":61546,"tags":["n","v"]},{"word":"recovery","score":61332,"tags":["n"]},{"word":"revival","score":61329,"tags":["n"]},{"word":"rehabilitation","score":61003,"tags":["n"]},{"word":"renovation","score":60989,"tags":["n"]},{"word":"reclamation","score":60913,"tags":["n"]},{"word":"renewal","score":60383,"tags":["n"]},{"word":"rebuild","score":60162,"tags":["v"]},{"word":"innovation","score":60064,"tags":["n"]},{"word":"reforestation","score":59891,"tags":["n"]},{"word":"invigoration","score":59741,"tags":["n"]},{"word":"repair","score":59267,"tags":["n"]},{"word":"reactivation","score":59212,"tags":["n"]},{"word":"rehabilitating","score":59101,"tags":["v"]},{"word":"reuse","score":59086,"tags":["v"]},{"word":"relaunch","score":59002,"tags":["n"]},{"word":"renovations","score":58949,"tags":["n"]},{"word":"remediation","score":58917,"tags":["n"]},{"word":"recuperation","score":58786,"tags":["n"]},{"word":"replenishment","score":58719,"tags":["n"]},{"word":"stimulus","score":58542,"tags":["n"]},{"word":"restructuring","score":58518,"tags":["n"]},{"word":"renovate","score":58401,"tags":["v"]},{"word":"upturn","score":58341,"tags":["n"]},{"word":"reproduction","score":58177,"tags":["n"]},{"word":"resuscitation","score":57773,"tags":["n"]},{"word":"upgrading","score":57599,"tags":["n"]},{"word":"conversion","score":57484,"tags":["n"]},{"word":"retrofit","score":57419,"tags":["n"]},{"word":"reorganisation","score":57297,"tags":["n"]},{"word":"reconversion","score":57166,"tags":["n"]},{"word":"retraining","score":57142,"tags":["n"]},{"word":"refresh","score":57030,"tags":["v"]},{"word":"reprocessing","score":56827,"tags":["n"]},{"word":"resurgence","score":56469,"tags":["n"]},{"word":"rehabilitative","score":56459,"tags":["adj"]},{"word":"renovated","score":55744,"tags":["adj"]},{"word":"renewable","score":55735,"tags":["adj"]},{"word":"renewing","score":55263,"tags":["adj","v"]},{"word":"resumption","score":54711,"tags":["n"]},{"word":"updating","score":53762,"tags":["n"]},{"word":"reset","score":53716,"tags":["n"]},{"word":"update","score":53507,"tags":["n"]},{"word":"pardon","score":52726,"tags":["n"]},{"word":"re-enactment","score":50988,"tags":["n"]},{"word":"re-establishment","score":50988,"tags":["n"]},{"word":"rebuildable","score":50988,"tags":["adj"]},{"word":"reconstitution","score":50988,"tags":["n"]},{"word":"refurbishing","score":50988,"tags":["n"]},{"word":"regen","score":50988,"tags":["n"]},{"word":"reskilling","score":50988,"tags":["n"]},{"word":"restocking","score":50988,"tags":["n"]},{"word":"revegetation","score":50988,"tags":["n"]},{"word":"development","score":50980,"tags":["n"]},{"word":"transformation","score":50979,"tags":["n"]},{"word":"preservation","score":50978,"tags":["n"]},{"word":"regenerator","score":50977,"tags":["n"]},{"word":"morphallaxis","score":50976,"tags":["n"]},{"word":"masterplan","score":50975,"tags":["n"]},{"word":"dockland","score":50974,"tags":["n"]},{"word":"regenerate","score":50973,"tags":["n"]},{"word":"quintain","score":50972,"tags":["n"]},{"word":"sandwell","score":50971,"tags":["n","prop"]},{"word":"tower hamlets","score":50970,"tags":["n"]},{"word":"hillingdon","score":50969,"tags":["n","prop"]},{"word":"crossness","score":50968,"tags":["n"]},{"word":"emda","score":50967,"tags":["n","prop"]},{"word":"southwark","score":50966,"tags":["n","prop"]},{"word":"raploch","score":50965,"tags":["n","prop"]},{"word":"townscape","score":50964,"tags":["n"]},{"word":"urban renewal","score":50963,"tags":["n","prop"]},{"word":"councillors","score":50962,"tags":["n"]},{"word":"heathland","score":50961,"tags":["n"]},{"word":"hounslow","score":50960,"tags":["n","prop"]},{"word":"conurbation","score":50959,"tags":["n"]},{"word":"gasworks","score":50958,"tags":["n"]},{"word":"cllr","score":50957,"tags":["n"]},{"word":"fosseway","score":50956,"tags":["n"]},{"word":"newhaven","score":50955,"tags":["n","prop"]},{"word":"pedestrianized","score":50954,"tags":["n"]},{"word":"planaria","score":50953,"tags":["n"]},{"word":"seafront","score":50952,"tags":["n"]},{"word":"etruria","score":50951,"tags":["n","prop"]}]