[{"word":"cross","score":10498,"tags":["n","adj","v"]},{"word":"bugged","score":10374,"tags":["adj"]},{"word":"equable","score":10374,"tags":["adj"]},{"word":"predisposed","score":10370,"tags":["adj"]},{"word":"atrabilious","score":4437,"tags":["adj"]},{"word":"bad-tempered","score":4437,"tags":["adj"]},{"word":"bilious","score":4437,"tags":["adj"]},{"word":"cantankerous","score":4437,"tags":["adj"]},{"word":"choler","score":4437,"tags":["n"]},{"word":"choleric","score":4437,"tags":["adj"]},{"word":"crab","score":4437,"tags":["n"]},{"word":"crabbed","score":4437,"tags":["adj"]},{"word":"crabby","score":4437,"tags":["adj"]},{"word":"cranky","score":4437,"tags":["adj"]},{"word":"crossness","score":4437,"tags":["n"]},{"word":"crosspatch","score":4437,"tags":["n"]},{"word":"crotchety","score":4437,"tags":["adj"]},{"word":"crusty","score":4437,"tags":["adj"]},{"word":"dyspeptic","score":4437,"tags":["adj"]},{"word":"edge","score":4437,"tags":["n"]},{"word":"edgier","score":4437,"tags":["adj","n","adv"]},{"word":"edgy","score":4437,"tags":["adj"]},{"word":"feisty","score":4437,"tags":["adj"]},{"word":"fiery","score":4437,"tags":["adj"]},{"word":"fractious","score":4437,"tags":["adj"]},{"word":"fretful","score":4437,"tags":["adj"]},{"word":"fretfulness","score":4437,"tags":["n"]},{"word":"fume","score":4437,"tags":["n"]},{"word":"fumes","score":4437,"tags":["n"]},{"word":"fussiness","score":4437,"tags":["n"]},{"word":"fussy","score":4437,"tags":["adj"]},{"word":"grouch","score":4437,"tags":["n"]},{"word":"grouchy","score":4437,"tags":["adj","prop"]},{"word":"grumpy","score":4437,"tags":["adj"]},{"word":"hot-blooded","score":4437,"tags":["adj"]},{"word":"hot-livered","score":4437},{"word":"ill-natured","score":4437,"tags":["adj"]},{"word":"ill-tempered","score":4437,"tags":["adj"]},{"word":"impatient","score":4437,"tags":["adj"]},{"word":"inflammable","score":4437,"tags":["adj"]},{"word":"irascible","score":4437,"tags":["adj"]},{"word":"irritability","score":4437,"tags":["n"]},{"word":"irritably","score":4437,"tags":["adv"]},{"word":"liverish","score":4437,"tags":["adj"]},{"word":"miffy","score":4437,"tags":["n","adv"]},{"word":"nappy","score":4437,"tags":["adj","n"]},{"word":"ornery","score":4437,"tags":["adj"]},{"word":"peckish","score":4437,"tags":["adj"]},{"word":"peevish","score":4437,"tags":["adj"]},{"word":"peevishness","score":4437,"tags":["n"]},{"word":"perverse","score":4437,"tags":["adj"]},{"word":"pet","score":4437,"tags":["n"]},{"word":"petulance","score":4437,"tags":["n"]},{"word":"petulant","score":4437,"tags":["adj"]},{"word":"prickly","score":4437,"tags":["adj"]},{"word":"quick","score":4437,"tags":["adj"]},{"word":"ratty","score":4437,"tags":["adj"]},{"word":"shirty","score":4437,"tags":["adj"]},{"word":"snap","score":4437,"tags":["n","v"]},{"word":"snappish","score":4437,"tags":["adj"]},{"word":"snappy","score":4437,"tags":["adj"]},{"word":"snarly","score":4437,"tags":["adj"]},{"word":"snit","score":4437,"tags":["n"]},{"word":"sore","score":4437,"tags":["adj"]},{"word":"spleeny","score":4437,"tags":["adj"]},{"word":"splenetic","score":4437,"tags":["adj"]},{"word":"techy","score":4437,"tags":["adj"]},{"word":"temper","score":4437,"tags":["n"]},{"word":"temperament","score":4437,"tags":["n"]},{"word":"temperamental","score":4437,"tags":["adj"]},{"word":"testy","score":4437,"tags":["adj"]},{"word":"tetchy","score":4437,"tags":["adj"]},{"word":"tetty","score":4437,"tags":["n","prop"]},{"word":"touchy","score":4437,"tags":["adj"]},{"word":"upset","score":4437,"tags":["v","n"]},{"word":"warm","score":4437,"tags":["adj"]},{"word":"waspish","score":4437,"tags":["adj"]},{"word":"xanthippe","score":4437,"tags":["n"]},{"word":"codon","score":4430,"tags":["n"]},{"word":"conjugation","score":4430,"tags":["n"]},{"word":"craig ventner","score":4430,"tags":["n","prop"]},{"word":"dna","score":4430,"tags":["n"]},{"word":"frameshift","score":4430,"tags":["n","adj"]},{"word":"genomes","score":4430,"tags":["n"]},{"word":"genomic","score":4430,"tags":["adj","n"]},{"word":"genotype","score":4430,"tags":["n"]},{"word":"heredity","score":4430,"tags":["n"]},{"word":"induce","score":4430,"tags":["v"]},{"word":"inducing","score":4430,"tags":["n"]},{"word":"inversion","score":4430,"tags":["n"]},{"word":"j. craig ventner","score":4430,"tags":["n","prop"]},{"word":"knockout","score":4430,"tags":["n"]},{"word":"library","score":4430,"tags":["n"]},{"word":"linkage","score":4430,"tags":["n"]},{"word":"mitosis","score":4430,"tags":["n"]},{"word":"plastid","score":4430,"tags":["n"]},{"word":"proteome","score":4430,"tags":["n"]},{"word":"provirus","score":4430,"tags":["n"]},{"word":"replication","score":4430,"tags":["n"]},{"word":"retrovirus","score":4430,"tags":["n"]}]