[{"word":"antimatter","score":28222,"tags":["n"]},{"word":"abel","score":10835,"tags":["n","prop"]},{"word":"ares","score":10835,"tags":["n"]},{"word":"eris","score":10835,"tags":["n"]},{"word":"freemartin","score":10835,"tags":["n","adj"]},{"word":"match","score":10835,"tags":["n","v"]},{"word":"oriole","score":10835,"tags":["n"]},{"word":"siamese","score":10835,"tags":["adj","n"]},{"word":"albigensianism","score":10809,"tags":["n"]},{"word":"catharism","score":10809,"tags":["n","prop"]},{"word":"conspiracy","score":10809,"tags":["n"]},{"word":"contrary","score":10809,"tags":["n","adj"]},{"word":"ditheism","score":10809,"tags":["n"]},{"word":"dualism","score":10809,"tags":["n"]},{"word":"fedora","score":10809,"tags":["n"]},{"word":"injury","score":10809,"tags":["n"]},{"word":"jekyll and hyde","score":10809,"tags":["n"]},{"word":"lesser","score":10809,"tags":["adj"]},{"word":"marcionite","score":10809,"tags":["n","adj","prop"]},{"word":"run","score":10809,"tags":["v","n"]},{"word":"set","score":10809,"tags":["v","n"]},{"word":"touch","score":10809,"tags":["n","v"]},{"word":"bob","score":10760,"tags":["n","prop"]},{"word":"bournonite","score":10760,"tags":["n"]},{"word":"twinling","score":10760},{"word":"beware","score":10747,"tags":["v"]},{"word":"hyde","score":10747,"tags":["n","prop"]},{"word":"seth","score":10747,"tags":["n","prop"]},{"word":"acacia catechu","score":10685,"tags":["n"]},{"word":"acocanthera oblongifolia","score":10685,"tags":["n","prop"]},{"word":"acocanthera spectabilis","score":10685,"tags":["n","prop"]},{"word":"amble","score":10685,"tags":["v","n"]},{"word":"ambling","score":10685,"tags":["v"]},{"word":"ambs-ace","score":10685},{"word":"ambsace","score":10685},{"word":"antibiosis","score":10685,"tags":["n"]},{"word":"aphorism","score":10685,"tags":["n"]},{"word":"arson","score":10685,"tags":["n"]},{"word":"asperula","score":10685,"tags":["n"]},{"word":"assort","score":10685,"tags":["v"]},{"word":"asura","score":10685,"tags":["n"]},{"word":"atahualpa","score":10685,"tags":["n","prop"]},{"word":"atavism","score":10685,"tags":["n"]},{"word":"attempt","score":10685,"tags":["n","v"]},{"word":"augean stables","score":10685,"tags":["n"]},{"word":"autosomal recessive defect","score":10685,"tags":["n"]},{"word":"autosomal recessive disease","score":10685,"tags":["n"]},{"word":"baas","score":10685,"tags":["n"]},{"word":"basa","score":10685,"tags":["n"]},{"word":"bass","score":10685,"tags":["n"]},{"word":"beetle","score":10685,"tags":["n"]},{"word":"beetling","score":10685,"tags":["adj"]},{"word":"berthierite","score":10685,"tags":["n"]},{"word":"better","score":10685,"tags":["adj","adv"]},{"word":"bicallous","score":10685},{"word":"bile","score":10685,"tags":["n"]},{"word":"bilevel","score":10685,"tags":["adj","n"]},{"word":"bindweed","score":10685,"tags":["n"]},{"word":"biracial","score":10685,"tags":["adj"]},{"word":"birefringence","score":10685,"tags":["n"]},{"word":"black-backed gull","score":10685,"tags":["n"]},{"word":"black widow","score":10685,"tags":["n","prop"]},{"word":"blackball","score":10685,"tags":["n","v"]},{"word":"blacksmith","score":10685,"tags":["n"]},{"word":"blacksnake","score":10685,"tags":["n"]},{"word":"blue point","score":10685,"tags":["n"]},{"word":"blue point siamese","score":10685,"tags":["n"]},{"word":"bomb","score":10685,"tags":["n"]},{"word":"boomerang","score":10685,"tags":["n"]},{"word":"bosporus","score":10685,"tags":["n","prop"]},{"word":"box","score":10685,"tags":["n"]},{"word":"brahma","score":10685,"tags":["n","prop"]},{"word":"brazing","score":10685,"tags":["n","v"]},{"word":"burmese cat","score":10685,"tags":["n"]},{"word":"business","score":10685,"tags":["n"]},{"word":"byword","score":10685,"tags":["n"]},{"word":"cain","score":10685,"tags":["n","prop"]},{"word":"calorimeter","score":10685,"tags":["n"]},{"word":"cameo","score":10685,"tags":["n"]},{"word":"carbon","score":10685,"tags":["n"]},{"word":"carbon paper","score":10685,"tags":["n"]},{"word":"castanet","score":10685,"tags":["n"]},{"word":"castanets","score":10685,"tags":["n"]},{"word":"catbird","score":10685,"tags":["n"]},{"word":"catechu","score":10685,"tags":["n"]},{"word":"checkerboard","score":10685,"tags":["n"]},{"word":"chela","score":10685,"tags":["n"]},{"word":"chelicera","score":10685,"tags":["n"]},{"word":"choose","score":10685,"tags":["v"]},{"word":"chum","score":10685,"tags":["n"]},{"word":"civet","score":10685,"tags":["n"]},{"word":"clack","score":10685,"tags":["n"]},{"word":"clap","score":10685,"tags":["n","v"]},{"word":"clash","score":10685,"tags":["n"]},{"word":"clashing","score":10685,"tags":["adj"]},{"word":"coleoptera","score":10685,"tags":["n"]},{"word":"collared lizard","score":10685,"tags":["n"]},{"word":"collision","score":10685,"tags":["n"]},{"word":"combination","score":10685,"tags":["n"]},{"word":"commensalism","score":10685,"tags":["n"]}]