[{"word":"brown","score":15264,"tags":["n","adj"]},{"word":"strip","score":15264,"tags":["n"]},{"word":"edible","score":11104,"tags":["adj"]},{"word":"boil","score":10304,"tags":["n","v"]},{"word":"corncrib","score":10304,"tags":["n"]},{"word":"shirr","score":10304,"tags":["v"]},{"word":"adult","score":9254,"tags":["n","adj"]},{"word":"aflatoxin","score":9254,"tags":["n"]},{"word":"ageless","score":9254,"tags":["adj"]},{"word":"albany","score":9254,"tags":["n","prop"]},{"word":"amphicarpa bracteata","score":9254,"tags":["n"]},{"word":"amphicarpaea bracteata","score":9254,"tags":["n","prop"]},{"word":"ate","score":9254,"tags":["n"]},{"word":"beagle","score":9254,"tags":["n"]},{"word":"bit","score":9254,"tags":["n"]},{"word":"bonk","score":9254,"tags":["v"]},{"word":"cartoon","score":9254,"tags":["n"]},{"word":"carver","score":9254,"tags":["n"]},{"word":"charlie brown","score":9254,"tags":["prop"]},{"word":"cheap","score":9254,"tags":["adj"]},{"word":"comic","score":9254,"tags":["adj"]},{"word":"frankliniella fusca","score":9254,"tags":["n","prop"]},{"word":"george washington carver","score":9254,"tags":["n","prop"]},{"word":"goobers","score":9254,"tags":["n"]},{"word":"groundnut oil","score":9254,"tags":["n"]},{"word":"hog peanut","score":9254,"tags":["n"]},{"word":"hostel","score":9254,"tags":["n"]},{"word":"hull","score":9254,"tags":["n"]},{"word":"legumes","score":9254,"tags":["n"]},{"word":"linus","score":9254,"tags":["n","prop"]},{"word":"lucy","score":9254,"tags":["n","prop"]},{"word":"manis","score":9254,"tags":["n"]},{"word":"niger","score":9254,"tags":["n"]},{"word":"nosh","score":9254,"tags":["n"]},{"word":"oily","score":9254,"tags":["adj"]},{"word":"peanut","score":9254,"tags":["n"]},{"word":"peanut bar","score":9254,"tags":["n"]},{"word":"peanut brittle","score":9254,"tags":["n"]},{"word":"peanut butter","score":9254,"tags":["n"]},{"word":"peanut gallery","score":9254,"tags":["n"]},{"word":"peanut oil","score":9254,"tags":["n"]},{"word":"peppermint","score":9254,"tags":["n"]},{"word":"pigpen","score":9254,"tags":["n"]},{"word":"rats","score":9254,"tags":["n"]},{"word":"rerun","score":9254,"tags":["v","n"]},{"word":"resveratrol","score":9254,"tags":["n"]},{"word":"roast","score":9254,"tags":["n","v"]},{"word":"roasted","score":9254,"tags":["adj"]},{"word":"salted","score":9254,"tags":["adj"]},{"word":"salty","score":9254,"tags":["adj"]},{"word":"schulz","score":9254,"tags":["n","prop"]},{"word":"scorch","score":9254,"tags":["v","n"]},{"word":"scorched","score":9254,"tags":["adj"]},{"word":"slob","score":9254,"tags":["n"]},{"word":"snack","score":9254,"tags":["n"]},{"word":"snoopy","score":9254,"tags":["n","adj","prop"]},{"word":"styrofoam","score":9254,"tags":["n"]},{"word":"tobacco thrips","score":9254,"tags":["n"]},{"word":"unsalted","score":9254,"tags":["adj"]},{"word":"violet","score":9254,"tags":["n"]},{"word":"wild peanut","score":9254,"tags":["n"]},{"word":"blanched","score":5050,"tags":["adj"]},{"word":"boiled","score":5050,"tags":["adj"]},{"word":"creamed","score":5050,"tags":["v","n"]},{"word":"decorticated","score":5050,"tags":["adj","v"]},{"word":"germinated","score":5050,"tags":["v"]},{"word":"groundnuts","score":5050,"tags":["n"]},{"word":"harvested","score":5050,"tags":["v"]},{"word":"hulled","score":5050,"tags":["adj","v"]},{"word":"husked","score":5050,"tags":["v","adj"]},{"word":"moldy","score":5050,"tags":["adj"]},{"word":"peanuts","score":5050,"tags":["n"]},{"word":"pickled","score":5050,"tags":["adj"]},{"word":"ripe","score":5050,"tags":["adj"]},{"word":"ripened","score":5050,"tags":["adj"]},{"word":"shelled","score":5050,"tags":["v","adj"]},{"word":"toasted","score":5050,"tags":["adj"]},{"word":"uncooked","score":5050,"tags":["adj"]},{"word":"unhusked","score":5050,"tags":["adj"]},{"word":"unripe","score":5050,"tags":["adj"]},{"word":"adaptive radiation","score":4074,"tags":["n"]},{"word":"agama","score":4074,"tags":["n"]},{"word":"allantoid","score":4074,"tags":["adj"]},{"word":"allantoidea","score":4074},{"word":"allantois","score":4074,"tags":["n"]},{"word":"alligator","score":4074,"tags":["n"]},{"word":"amnion","score":4074,"tags":["n"]},{"word":"amnios","score":4074,"tags":["n"]},{"word":"amniota","score":4074,"tags":["n"]},{"word":"amniote","score":4074,"tags":["n"]},{"word":"amniotic sac","score":4074,"tags":["n"]},{"word":"amphibian","score":4074,"tags":["adj","n"]},{"word":"angular","score":4074,"tags":["adj"]},{"word":"archaeopteryx","score":4074,"tags":["n","prop"]},{"word":"archosaur","score":4074,"tags":["n"]},{"word":"archosaurian","score":4074,"tags":["adj","n"]},{"word":"articular","score":4074,"tags":["adj"]},{"word":"articulary","score":4074,"tags":["adj"]},{"word":"basiliscus","score":4074,"tags":["n"]},{"word":"batrachia","score":4074,"tags":["n"]}]