[{"word":"otter","score":48466,"tags":["syn","n"]},{"word":"fisher","score":29266,"tags":["n","prop"]},{"word":"underfur","score":28866,"tags":["n"]},{"word":"cat","score":28466,"tags":["n"]},{"word":"douroucouli","score":28466,"tags":["n"]},{"word":"moleskin","score":28466,"tags":["n"]},{"word":"indri","score":28437,"tags":["n"]},{"word":"indris","score":28437,"tags":["n"]},{"word":"ounce","score":28437,"tags":["n"]},{"word":"sea otter","score":28437,"tags":["n"]},{"word":"tamandua","score":28437,"tags":["n"]},{"word":"undercoat","score":28401,"tags":["n"]},{"word":"beaver","score":28066,"tags":["n"]},{"word":"chinchilla","score":28066,"tags":["n"]},{"word":"marmot","score":28066,"tags":["n"]},{"word":"mat","score":28066,"tags":["n"]},{"word":"ruf","score":28066,"tags":["n","prop"]},{"word":"rug","score":28066,"tags":["n"]},{"word":"shaggy","score":28066,"tags":["adj"]},{"word":"aotus trivirgatus","score":28037,"tags":["n","prop"]},{"word":"cuscus","score":28037,"tags":["n"]},{"word":"enhydra lutris","score":28037,"tags":["n","prop"]},{"word":"fossa","score":28037,"tags":["n"]},{"word":"indri brevicaudatus","score":28037,"tags":["n"]},{"word":"indri indri","score":28037,"tags":["n"]},{"word":"koala","score":28037,"tags":["n"]},{"word":"lynx","score":28037,"tags":["n"]},{"word":"panthera uncia","score":28037,"tags":["n"]},{"word":"snow leopard","score":28037,"tags":["n"]},{"word":"wolverine","score":28037,"tags":["n"]},{"word":"linsang","score":28001,"tags":["n"]},{"word":"mink","score":28001,"tags":["n"]},{"word":"avahi laniger","score":27972,"tags":["n","prop"]},{"word":"black bear","score":27972,"tags":["n","prop"]},{"word":"muff","score":27972,"tags":["n"]},{"word":"raccoon dog","score":27972,"tags":["n"]},{"word":"true cat","score":27972,"tags":["n"]},{"word":"woolly indris","score":27972,"tags":["n"]},{"word":"afghan","score":11666,"tags":["adj","n"]},{"word":"badger","score":11666,"tags":["n"]},{"word":"felt","score":11666,"tags":["v"]},{"word":"felted","score":11666,"tags":["adj"]},{"word":"furred","score":11666,"tags":["adj"]},{"word":"hide","score":11666,"tags":["v","n"]},{"word":"himalayan","score":11666,"tags":["adj","prop"]},{"word":"pile","score":11666,"tags":["n"]},{"word":"poodle","score":11666,"tags":["n"]},{"word":"shag","score":11666,"tags":["n"]},{"word":"skin","score":11666,"tags":["n"]},{"word":"skinned","score":11666,"tags":["adj"]},{"word":"tomentose","score":11666,"tags":["adj"]},{"word":"trunk","score":11666,"tags":["n"]},{"word":"velvet","score":11666,"tags":["n"]},{"word":"wool","score":11666,"tags":["n"]},{"word":"tayra","score":11637,"tags":["n"]},{"word":"coat","score":11601,"tags":["n"]},{"word":"opossum","score":11601,"tags":["n"]},{"word":"zibeline","score":11601,"tags":["n"]},{"word":"ginger","score":11548,"tags":["n"]},{"word":"cast","score":11518,"tags":["v","n"]},{"word":"civet","score":11518,"tags":["n"]},{"word":"fur seal","score":11518,"tags":["n"]},{"word":"plate","score":11518,"tags":["n"]},{"word":"genet","score":11483,"tags":["n","prop"]},{"word":"indumentum","score":11483,"tags":["n"]},{"word":"afro","score":10607,"tags":["n"]},{"word":"armor","score":10607,"tags":["n"]},{"word":"axminster","score":10607,"tags":["n","prop"]},{"word":"banana","score":10607,"tags":["n"]},{"word":"bed","score":10607,"tags":["n"]},{"word":"bedlington terrier","score":10607,"tags":["n","prop"]},{"word":"bef","score":10607,"tags":["n"]},{"word":"blubber","score":10607,"tags":["n"]},{"word":"bob","score":10607,"tags":["n","prop"]},{"word":"brd","score":10607,"tags":["n","prop"]},{"word":"bristle","score":10607,"tags":["n","v"]},{"word":"bristled","score":10607,"tags":["adj"]},{"word":"brogue","score":10607,"tags":["n"]},{"word":"buck","score":10607,"tags":["n"]},{"word":"butt","score":10607,"tags":["n"]},{"word":"butted","score":10607,"tags":["v"]},{"word":"cake","score":10607,"tags":["n"]},{"word":"callous","score":10607,"tags":["adj"]},{"word":"capuchin","score":10607,"tags":["n"]},{"word":"card","score":10607,"tags":["n"]},{"word":"cards","score":10607,"tags":["n"]},{"word":"carpet","score":10607,"tags":["n"]},{"word":"carpeting","score":10607,"tags":["n"]},{"word":"chow","score":10607,"tags":["n"]},{"word":"clump","score":10607,"tags":["n"]},{"word":"clumping","score":10607,"tags":["n","v"]},{"word":"coarse","score":10607,"tags":["adj"]},{"word":"collie","score":10607,"tags":["n"]},{"word":"cord","score":10607,"tags":["n"]},{"word":"corduroy","score":10607,"tags":["n"]},{"word":"cowhide","score":10607,"tags":["n"]},{"word":"cream","score":10607,"tags":["n"]},{"word":"crip","score":10607,"tags":["n"]},{"word":"crocodile","score":10607,"tags":["n"]},{"word":"down","score":10607,"tags":["adv"]}]