[{"word":"coup","score":17820,"tags":["n"]},{"word":"dramatic","score":17820,"tags":["adj"]},{"word":"stupendous","score":17820,"tags":["adj"]},{"word":"rout","score":17780,"tags":["n"]},{"word":"awe","score":16800,"tags":["n"]},{"word":"awesome","score":16800,"tags":["adj"]},{"word":"beautiful","score":16800,"tags":["adj"]},{"word":"bombshell","score":16800,"tags":["n"]},{"word":"brilliant","score":16800,"tags":["adj"]},{"word":"charming","score":16800,"tags":["adj"]},{"word":"foudroyant","score":16800,"tags":["n"]},{"word":"gorgeous","score":16800,"tags":["adj"]},{"word":"impressive","score":16800,"tags":["adj"]},{"word":"magnificent","score":16800,"tags":["adj"]},{"word":"marvelous","score":16800,"tags":["adj"]},{"word":"notable","score":16800,"tags":["adj"]},{"word":"pretty","score":16800,"tags":["adv","adj"]},{"word":"remarkable","score":16800,"tags":["adj"]},{"word":"shock","score":16800,"tags":["n"]},{"word":"spanking","score":16800,"tags":["n","adj"]},{"word":"spanky","score":16800,"tags":["n"]},{"word":"spectacular","score":16800,"tags":["adj"]},{"word":"striking","score":16800,"tags":["adj"]},{"word":"stun","score":16800,"tags":["v"]},{"word":"stunned","score":16800,"tags":["adj"]},{"word":"stunner","score":16800,"tags":["n"]},{"word":"stunningly","score":16800,"tags":["adv"]},{"word":"superb","score":16800,"tags":["adj"]},{"word":"terrific","score":16800,"tags":["adj"]},{"word":"exciting","score":16759,"tags":["adj"]},{"word":"fantastic","score":16759,"tags":["adj"]},{"word":"concussion","score":15836,"tags":["n"]},{"word":"able","score":14893,"tags":["adj"]},{"word":"abundance","score":14893,"tags":["n"]},{"word":"accessions","score":14893,"tags":["n"]},{"word":"accident","score":14893,"tags":["n"]},{"word":"accidental","score":14893,"tags":["adj"]},{"word":"ace","score":14893,"tags":["n"]},{"word":"act","score":14893,"tags":["n","v"]},{"word":"action","score":14893,"tags":["n"]},{"word":"acy","score":14893,"tags":["n"]},{"word":"affinity","score":14893,"tags":["n"]},{"word":"afflatus","score":14893,"tags":["n"]},{"word":"agent","score":14893,"tags":["n"]},{"word":"agitate","score":14893,"tags":["v"]},{"word":"amain","score":14893,"tags":["adv"]},{"word":"ambition","score":14893,"tags":["n"]},{"word":"appeal","score":14893,"tags":["n","v"]},{"word":"arm","score":14893,"tags":["n"]},{"word":"array","score":14893,"tags":["n"]},{"word":"art","score":14893,"tags":["n"]},{"word":"assault","score":14893,"tags":["n"]},{"word":"atm","score":14893,"tags":["n"]},{"word":"atrocity","score":14893,"tags":["n"]},{"word":"attack","score":14893,"tags":["n","v"]},{"word":"attacking","score":14893,"tags":["v"]},{"word":"attacks","score":14893,"tags":["n"]},{"word":"attract","score":14893,"tags":["v"]},{"word":"attraction","score":14893,"tags":["n"]},{"word":"aut","score":14893},{"word":"authority","score":14893,"tags":["n"]},{"word":"bale","score":14893,"tags":["n"]},{"word":"bang","score":14893,"tags":["n"]},{"word":"battery","score":14893,"tags":["n"]},{"word":"bear down","score":14893,"tags":["v"]},{"word":"beat","score":14893,"tags":["v","n"]},{"word":"beats","score":14893,"tags":["n"]},{"word":"bend","score":14893,"tags":["n","v"]},{"word":"big","score":14893,"tags":["adj"]},{"word":"blast","score":14893,"tags":["n"]},{"word":"blockbuster","score":14893,"tags":["n"]},{"word":"blockbusting","score":14893,"tags":["n","v"]},{"word":"blood","score":14893,"tags":["n"]},{"word":"bloods","score":14893,"tags":["n"]},{"word":"blow","score":14893,"tags":["n","v"]},{"word":"blow up","score":14893,"tags":["v"]},{"word":"bluster","score":14893,"tags":["n"]},{"word":"bolt","score":14893,"tags":["n"]},{"word":"bombproof","score":14893,"tags":["adj","n"]},{"word":"bond","score":14893,"tags":["n"]},{"word":"boom","score":14893,"tags":["n"]},{"word":"bore","score":14893,"tags":["v"]},{"word":"bounce","score":14893,"tags":["n","v"]},{"word":"bowl","score":14893,"tags":["n"]},{"word":"bowled","score":14893,"tags":["v"]},{"word":"brave","score":14893,"tags":["adj"]},{"word":"bravura","score":14893,"tags":["n"]},{"word":"break","score":14893,"tags":["v","n"]},{"word":"brick","score":14893,"tags":["n"]},{"word":"brute","score":14893,"tags":["n"]},{"word":"buck","score":14893,"tags":["n"]},{"word":"bulky","score":14893,"tags":["adj"]},{"word":"bump","score":14893,"tags":["n","v"]},{"word":"buran","score":14893,"tags":["n","prop"]},{"word":"burst","score":14893,"tags":["v","n"]},{"word":"bursting","score":14893,"tags":["adj"]},{"word":"bust","score":14893,"tags":["n"]},{"word":"cable","score":14893,"tags":["n"]},{"word":"call","score":14893,"tags":["v","n"]},{"word":"cannon","score":14893,"tags":["n"]}]