[{"word":"ruminate","score":90673,"tags":["syn","v"]},{"word":"ponder","score":87461,"tags":["syn","v"]},{"word":"contemplate","score":86905,"tags":["syn","v"]},{"word":"muse","score":86303,"tags":["syn","n","v"]},{"word":"reflect","score":83126,"tags":["syn","v"]},{"word":"mull","score":82482,"tags":["syn","v","prop"]},{"word":"study","score":81959,"tags":["syn","n","v"]},{"word":"speculate","score":79505,"tags":["syn","v"]},{"word":"chew over","score":75707,"tags":["syn","v"]},{"word":"mull over","score":75707,"tags":["syn","v"]},{"word":"think over","score":75707,"tags":["syn","v"]},{"word":"pore","score":58386,"tags":["n"]},{"word":"think","score":56111,"tags":["v"]},{"word":"consider","score":55848,"tags":["v"]},{"word":"pray","score":51180,"tags":["v","adv"]},{"word":"relax","score":51179,"tags":["v"]},{"word":"sleep","score":51177,"tags":["v"]},{"word":"destress","score":51176,"tags":["v"]},{"word":"cogitate","score":51175,"tags":["v"]},{"word":"awaken","score":51174,"tags":["v"]},{"word":"doze","score":51173,"tags":["v"]},{"word":"memorize","score":51172,"tags":["v"]},{"word":"recite","score":51171,"tags":["v"]},{"word":"bathe","score":51170,"tags":["v"]},{"word":"circumambulate","score":51169,"tags":["v"]},{"word":"daven","score":51168,"tags":["v"]},{"word":"transcendental meditation","score":51167,"tags":["v"]},{"word":"spiritualize","score":51165,"tags":["v"]},{"word":"laze","score":51164,"tags":["v"]},{"word":"philosophize","score":51163,"tags":["v"]},{"word":"sanctify","score":51162,"tags":["v"]},{"word":"illumine","score":51161,"tags":["v"]},{"word":"fasting","score":51160,"tags":["v"]},{"word":"lotus position","score":51159,"tags":["v"]},{"word":"philosophise","score":51158,"tags":["v"]},{"word":"communing","score":51157,"tags":["v"]},{"word":"vegetate","score":51156,"tags":["v"]},{"word":"sunbathe","score":51155,"tags":["v"]},{"word":"perspire","score":51154,"tags":["v"]},{"word":"worship","score":51153,"tags":["v","n"]},{"word":"dwell","score":51152,"tags":["v"]},{"word":"go to sleep","score":51151,"tags":["v"]},{"word":"confabulate","score":51150,"tags":["v"]},{"word":"ritualize","score":51149,"tags":["v"]},{"word":"edify","score":51148,"tags":["v"]},{"word":"teach","score":51147,"tags":["v"]},{"word":"observe","score":51146,"tags":["v"]},{"word":"seclude","score":51145,"tags":["v"]},{"word":"zen buddhist","score":51144,"tags":["v","prop"]},{"word":"nourish","score":51143,"tags":["v"]},{"word":"sculpt","score":51142,"tags":["v"]},{"word":"imbibe","score":51140,"tags":["v"]},{"word":"woolgathering","score":51139,"tags":["v"]},{"word":"unrefreshed","score":51138,"tags":["v"]},{"word":"grieve","score":51137,"tags":["v"]},{"word":"introspect","score":51136,"tags":["v"]},{"word":"inhale","score":51135,"tags":["v"]},{"word":"enkindled","score":51134,"tags":["v"]},{"word":"eat","score":51133,"tags":["v"]},{"word":"go to bed","score":51132,"tags":["v"]},{"word":"rehearse","score":51131,"tags":["v"]},{"word":"proselytise","score":51130,"tags":["v"]},{"word":"masturbate","score":51129,"tags":["v"]},{"word":"loll","score":51128,"tags":["v"]},{"word":"catechizing","score":51127,"tags":["v"]},{"word":"verbalise","score":51126,"tags":["v"]},{"word":"socialize","score":51125,"tags":["v"]},{"word":"kneel","score":51124,"tags":["v"]},{"word":"wakening","score":51123,"tags":["v"]},{"word":"listen","score":51122,"tags":["v"]},{"word":"transfiguring","score":51121,"tags":["v"]},{"word":"vivify","score":51120,"tags":["v"]},{"word":"decompress","score":51119,"tags":["v"]},{"word":"sermonise","score":51118,"tags":["v"]},{"word":"unwind","score":51117,"tags":["v"]},{"word":"consopite","score":51116,"tags":["v"]},{"word":"moisturise","score":51115,"tags":["v"]},{"word":"quietage","score":51114,"tags":["v"]},{"word":"attune","score":51113,"tags":["v"]},{"word":"overexert","score":51112,"tags":["v"]},{"word":"sit","score":51111,"tags":["v"]},{"word":"jog","score":51110,"tags":["v"]},{"word":"brown study","score":51109,"tags":["v"]},{"word":"psychoanalyze","score":51108,"tags":["v"]},{"word":"inbreathe","score":51107,"tags":["v"]},{"word":"sip","score":51106,"tags":["v"]},{"word":"preach","score":51105,"tags":["v"]},{"word":"detoxify","score":51104,"tags":["v"]},{"word":"converse","score":51103,"tags":["v"]},{"word":"exfoliate","score":51102,"tags":["v"]},{"word":"drift off","score":51101,"tags":["v"]},{"word":"contextualize","score":51100,"tags":["v"]},{"word":"prayer wheel","score":51099,"tags":["v"]},{"word":"procrastinate","score":51098,"tags":["v"]},{"word":"resting","score":51097,"tags":["v"]},{"word":"unlearnt","score":51096,"tags":["v"]},{"word":"hallows","score":51095,"tags":["v"]},{"word":"prostrated","score":51094,"tags":["v"]},{"word":"indulge","score":51093,"tags":["v"]},{"word":"reprove","score":51092,"tags":["v"]}]