[{"word":"tomahawk","score":37875,"tags":["n"]},{"word":"knee","score":37424,"tags":["n"]},{"word":"battle","score":37333,"tags":["n"]},{"word":"bolas","score":36963,"tags":["n"]},{"word":"sword","score":36945,"tags":["n"]},{"word":"cockfight","score":36909,"tags":["n"]},{"word":"combat","score":36109,"tags":["n","v"]},{"word":"axe","score":34927,"tags":["n"]},{"word":"boomerang","score":34927,"tags":["n"]},{"word":"halberd","score":34927,"tags":["n"]},{"word":"hatchet","score":28443,"tags":["n"]},{"word":"affray","score":28335,"tags":["n"]},{"word":"fist","score":28240,"tags":["n"]},{"word":"combattant","score":27688,"tags":["n"]},{"word":"linesman","score":27688,"tags":["n"]},{"word":"bow","score":27418,"tags":["n","v"]},{"word":"nunchaku","score":26906,"tags":["n"]},{"word":"boe","score":26618,"tags":["n","prop"]},{"word":"dagger","score":26618,"tags":["n"]},{"word":"rapier","score":26618,"tags":["n"]},{"word":"bident","score":26557,"tags":["n"]},{"word":"bipod","score":26557,"tags":["n","adj"]},{"word":"bola","score":26557,"tags":["n"]},{"word":"couteau","score":26557,"tags":["n"]},{"word":"colter","score":26506,"tags":["n","prop"]},{"word":"axing","score":26444,"tags":["v","n"]},{"word":"beats","score":21381,"tags":["n"]},{"word":"round","score":21381,"tags":["adj","n","adv"]},{"word":"army","score":21320,"tags":["n"]},{"word":"arm","score":21136,"tags":["n"]},{"word":"beat","score":21136,"tags":["v","n"]},{"word":"charge","score":21136,"tags":["n"]},{"word":"charged","score":21136,"tags":["adj"]},{"word":"charging","score":21136,"tags":["v"]},{"word":"beating","score":21024,"tags":["n"]},{"word":"draw","score":20933,"tags":["v"]},{"word":"fire","score":20933,"tags":["n"]},{"word":"stop","score":20933,"tags":["v","n"]},{"word":"slashing","score":20765,"tags":["adj"]},{"word":"knuckle","score":20687,"tags":["n"]},{"word":"terror","score":20205,"tags":["n"]},{"word":"fight","score":20157,"tags":["v","n"]},{"word":"joust","score":20157,"tags":["n","v"]},{"word":"jousting","score":20157,"tags":["v","n"]},{"word":"spar","score":20157,"tags":["n"]},{"word":"war","score":20157,"tags":["n"]},{"word":"wrestling","score":20157,"tags":["n"]},{"word":"kick","score":20034,"tags":["v","n"]},{"word":"sparring","score":20034,"tags":["n"]},{"word":"trench knife","score":20034,"tags":["n"]},{"word":"arms","score":20013,"tags":["n"]},{"word":"atm","score":20013,"tags":["n"]},{"word":"shoot","score":20013,"tags":["v","n"]},{"word":"swordplay","score":20013,"tags":["n"]},{"word":"trident","score":19950,"tags":["n"]},{"word":"sector","score":19912,"tags":["n"]},{"word":"truce","score":19912,"tags":["n"]},{"word":"battle of ypres","score":19901,"tags":["n"]},{"word":"ypres","score":19901,"tags":["n"]},{"word":"infantry","score":19850,"tags":["n"]},{"word":"james","score":19850,"tags":["n","prop"]},{"word":"brigade","score":19848,"tags":["n"]},{"word":"firefighter","score":19789,"tags":["n"]},{"word":"infighting","score":19789,"tags":["n"]},{"word":"monitor","score":19789,"tags":["n","v"]},{"word":"clinch","score":19763,"tags":["n","v"]},{"word":"drum","score":19763,"tags":["n"]},{"word":"hit","score":19763,"tags":["v","n"]},{"word":"jit","score":19763,"tags":["n"]},{"word":"mirv","score":19763,"tags":["n"]},{"word":"pike","score":19763,"tags":["n"]},{"word":"ram","score":19763,"tags":["n"]},{"word":"strike","score":19763,"tags":["n","v"]},{"word":"tooth","score":19763,"tags":["n"]},{"word":"galleass","score":19725,"tags":["n"]},{"word":"reserve","score":19725,"tags":["n"]},{"word":"reserves","score":19725,"tags":["n"]},{"word":"argue","score":19709,"tags":["v"]},{"word":"bout","score":19709,"tags":["n"]},{"word":"counter","score":19709,"tags":["n","adj"]},{"word":"front","score":19709,"tags":["n"]},{"word":"punch","score":19709,"tags":["n","v"]},{"word":"second","score":19709,"tags":["adj","n"]},{"word":"shield","score":19704,"tags":["n"]},{"word":"abm","score":19641,"tags":["n","prop"]},{"word":"force 17","score":19641,"tags":["n"]},{"word":"harpoon","score":19641,"tags":["n"]},{"word":"javelin","score":19641,"tags":["n"]},{"word":"knife","score":19641,"tags":["n"]},{"word":"longbow","score":19641,"tags":["n"]},{"word":"passegarde","score":19641},{"word":"recoil","score":19641,"tags":["n","v"]},{"word":"recoiling","score":19641,"tags":["v","n"]},{"word":"rifle","score":19641,"tags":["n"]},{"word":"stab","score":19641,"tags":["n","v"]},{"word":"stabbing","score":19641,"tags":["adj"]},{"word":"uzi","score":19641,"tags":["n","prop"]},{"word":"company","score":19603,"tags":["n"]},{"word":"heel","score":19603,"tags":["n"]},{"word":"heeled","score":19603,"tags":["adj","v"]}]