[{"word":"extrasensory perception","score":81600,"tags":["syn","n"]},{"word":"second sight","score":73713,"tags":["syn","n"]},{"word":"esp","score":70738,"tags":["syn","n"]},{"word":"precognitive","score":65748,"tags":["adj"]},{"word":"clairvoyant","score":51300,"tags":["n"]},{"word":"precognition","score":51299,"tags":["n"]},{"word":"divination","score":51298,"tags":["n"]},{"word":"telepathy","score":51297,"tags":["n"]},{"word":"extrasensory","score":51296,"tags":["n"]},{"word":"intuition","score":51295,"tags":["n"]},{"word":"mediumship","score":51294,"tags":["n"]},{"word":"psychometry","score":51293,"tags":["n"]},{"word":"palmistry","score":51291,"tags":["n"]},{"word":"tarot","score":51290,"tags":["n"]},{"word":"soothsaying","score":51289,"tags":["n"]},{"word":"prescience","score":51288,"tags":["n"]},{"word":"necromancy","score":51287,"tags":["n"]},{"word":"parapsychology","score":51286,"tags":["n"]},{"word":"tarot card","score":51285,"tags":["n"]},{"word":"telekinesis","score":51284,"tags":["n"]},{"word":"spiritualist","score":51283,"tags":["n"]},{"word":"psychokinesis","score":51282,"tags":["n"]},{"word":"soothsayer","score":51281,"tags":["n"]},{"word":"fortune teller","score":51280,"tags":["n"]},{"word":"astrology","score":51279,"tags":["n"]},{"word":"magick","score":51278,"tags":["n"]},{"word":"intellect","score":51277,"tags":["n"]},{"word":"fortunetelling","score":51276,"tags":["n"]},{"word":"astral","score":51275,"tags":["n","adj"]},{"word":"perceptiveness","score":51274,"tags":["n"]},{"word":"clairaudience","score":51273,"tags":["n"]},{"word":"deductive reasoning","score":51272,"tags":["n"]},{"word":"mentalist","score":51271,"tags":["n"]},{"word":"omniscience","score":51270,"tags":["n"]},{"word":"mentalism","score":51269,"tags":["n"]},{"word":"prestidigitation","score":51268,"tags":["n"]},{"word":"psychic communication","score":51267,"tags":["n"]},{"word":"levitation","score":51266,"tags":["n"]},{"word":"psychics","score":51265,"tags":["n"]},{"word":"prognostication","score":51264,"tags":["n"]},{"word":"perspicacity","score":51263,"tags":["n"]},{"word":"mystic","score":51262,"tags":["n"]},{"word":"psychic phenomena","score":51261,"tags":["n"]},{"word":"mesmerism","score":51260,"tags":["n"]},{"word":"ratiocination","score":51259,"tags":["n"]},{"word":"divine","score":51258,"tags":["n","adj"]},{"word":"enoptromancy","score":51257,"tags":["n"]},{"word":"lucidity","score":51256,"tags":["n"]},{"word":"psychohistory","score":51255,"tags":["n"]},{"word":"psychic phenomenon","score":51254,"tags":["n"]},{"word":"dowsing","score":51253,"tags":["n"]},{"word":"mastery","score":51252,"tags":["n"]},{"word":"deviousness","score":51251,"tags":["n"]},{"word":"gullibility","score":51250,"tags":["n"]},{"word":"sagacity","score":51249,"tags":["n"]},{"word":"nostradamus","score":51248,"tags":["n","prop"]},{"word":"auras","score":51247,"tags":["n"]},{"word":"genius","score":51246,"tags":["n"]},{"word":"slyness","score":51245,"tags":["n"]},{"word":"erudition","score":51244,"tags":["n"]},{"word":"rhabdomancy","score":51243,"tags":["n"]},{"word":"perspicuity","score":51242,"tags":["n"]},{"word":"prophecy","score":51241,"tags":["n"]},{"word":"casuistry","score":51240,"tags":["n"]},{"word":"conjuration","score":51239,"tags":["n"]},{"word":"omnipotence","score":51238,"tags":["n"]},{"word":"catoptromancy","score":51237,"tags":["n"]},{"word":"premonitions","score":51236,"tags":["n"]},{"word":"divinator","score":51235,"tags":["n"]},{"word":"conjurers","score":51234,"tags":["n"]},{"word":"phrenology","score":51233,"tags":["n"]},{"word":"lithomancy","score":51232,"tags":["n"]},{"word":"pareidolia","score":51231,"tags":["n"]},{"word":"physic","score":51230,"tags":["n"]},{"word":"delphic","score":51229,"tags":["n","prop"]},{"word":"sureness","score":51228,"tags":["n"]},{"word":"crystallomancy","score":51227,"tags":["n"]},{"word":"palmists","score":51226,"tags":["n"]},{"word":"craftiness","score":51225,"tags":["n"]},{"word":"ventriloquism","score":51224,"tags":["n"]},{"word":"transcendental","score":51223,"tags":["n"]},{"word":"gnosis","score":51222,"tags":["n"]},{"word":"hypnotism","score":51221,"tags":["n"]},{"word":"ceraunomancy","score":51220,"tags":["n"]},{"word":"hallucination","score":51219,"tags":["n"]},{"word":"imposture","score":51218,"tags":["n"]},{"word":"disingenuity","score":51217,"tags":["n"]},{"word":"logicians","score":51216,"tags":["n"]},{"word":"synchronicity","score":51215,"tags":["n"]},{"word":"unlikeliness","score":51214,"tags":["n"]},{"word":"extispicy","score":51213,"tags":["n"]},{"word":"limitlessness","score":51212,"tags":["n"]},{"word":"boundlessness","score":51211,"tags":["n"]},{"word":"animal magnetism","score":51210,"tags":["n"]},{"word":"savant","score":51209,"tags":["n"]},{"word":"telegnosis","score":51208,"tags":["n"]},{"word":"cleverness","score":51207,"tags":["n"]},{"word":"alchemy","score":51206,"tags":["n"]},{"word":"psychoanalytic","score":51205,"tags":["n"]},{"word":"metaphysicians","score":51204,"tags":["n"]}]