[{"word":"quill pen","score":74281,"tags":["syn","n"]},{"word":"pinion","score":57545,"tags":["syn","n"]},{"word":"shaft","score":56414,"tags":["syn","n"]},{"word":"calamus","score":54457,"tags":["syn","n"]},{"word":"flight feather","score":51236,"tags":["syn","n"]},{"word":"quill feather","score":51236,"tags":["syn","n"]},{"word":"porcupine","score":47807,"tags":["n","adj"]},{"word":"nibs","score":46757,"tags":["n"]},{"word":"feathers","score":45753,"tags":["n"]},{"word":"plumes","score":40082,"tags":["n"]},{"word":"beaks","score":31270,"tags":["n"]},{"word":"mouthparts","score":31269,"tags":["n"]},{"word":"mandibles","score":31268,"tags":["n"]},{"word":"fletching","score":31267,"tags":["n"]},{"word":"talons","score":31266,"tags":["n"]},{"word":"darning needle","score":31265,"tags":["n"]},{"word":"palps","score":31264,"tags":["n"]},{"word":"whetstone","score":31262,"tags":["n"]},{"word":"ovipositor","score":31261,"tags":["n"]},{"word":"wattles","score":31260,"tags":["n"]},{"word":"swordlike","score":31258,"tags":["n"]},{"word":"bodkin","score":31257,"tags":["n"]},{"word":"fishhooks","score":31256,"tags":["n"]},{"word":"fangs","score":31255,"tags":["n"]},{"word":"nubs","score":31254,"tags":["n"]},{"word":"inkwells","score":31253,"tags":["n"]},{"word":"pinking shears","score":31252,"tags":["n"]},{"word":"spears","score":31251,"tags":["n"]},{"word":"claws","score":31250,"tags":["n"]},{"word":"flints","score":31249,"tags":["n"]},{"word":"awl","score":31248,"tags":["n"]},{"word":"ballpoints","score":31247,"tags":["n"]},{"word":"dewclaws","score":31246,"tags":["n"]},{"word":"baleen","score":31245,"tags":["n"]},{"word":"pinecone","score":31244,"tags":["n"]},{"word":"burrs","score":31243,"tags":["n"]},{"word":"forewings","score":31242,"tags":["n"]},{"word":"barbels","score":31241,"tags":["n"]},{"word":"foxtails","score":31240,"tags":["n"]},{"word":"blotting paper","score":31238,"tags":["n"]},{"word":"anuses","score":31237,"tags":["n"]},{"word":"knitting needle","score":31236,"tags":["n"]},{"word":"fantails","score":31235,"tags":["n"]},{"word":"serrations","score":31234,"tags":["n"]},{"word":"pen nib","score":31233,"tags":["n"]},{"word":"pens","score":31232,"tags":["n"]},{"word":"vellum","score":31231,"tags":["n"]},{"word":"blowpipe","score":31230,"tags":["n"]},{"word":"cloven hoof","score":31229,"tags":["n"]},{"word":"hairlike","score":31228,"tags":["n"]},{"word":"burs","score":31227,"tags":["n"]},{"word":"hickory nut","score":31226,"tags":["n"]},{"word":"forepaws","score":31225,"tags":["n"]},{"word":"trivets","score":31224,"tags":["n"]},{"word":"gorget","score":31223,"tags":["n"]},{"word":"rapiers","score":31222,"tags":["n"]},{"word":"mallets","score":31221,"tags":["n"]},{"word":"spines","score":31220,"tags":["n"]},{"word":"nematocysts","score":31219,"tags":["n"]},{"word":"scabbards","score":31218,"tags":["n"]},{"word":"chigger","score":31217,"tags":["n"]},{"word":"platypuses","score":31216,"tags":["n"]},{"word":"oxblood","score":31215,"tags":["n"]},{"word":"hilts","score":31214,"tags":["n"]},{"word":"avians","score":31213,"tags":["n"]},{"word":"vibrissae","score":31212,"tags":["n"]},{"word":"tillandsia","score":31211,"tags":["n"]},{"word":"marsh marigold","score":31210,"tags":["n"]},{"word":"scutes","score":31209,"tags":["n"]},{"word":"cuds","score":31208,"tags":["n"]},{"word":"prickles","score":31207,"tags":["n"]},{"word":"knobkerrie","score":31206,"tags":["n"]},{"word":"seedpods","score":31205,"tags":["n"]},{"word":"sphagnum","score":31204,"tags":["n"]},{"word":"sabots","score":31203,"tags":["n"]},{"word":"wrigglers","score":31202,"tags":["n"]},{"word":"forelimbs","score":31201,"tags":["n"]},{"word":"snout","score":31200,"tags":["n"]},{"word":"insectivore","score":31199,"tags":["n"]},{"word":"bushbuck","score":31198,"tags":["n"]},{"word":"buffleheads","score":31197,"tags":["n"]},{"word":"hackle","score":31196,"tags":["n"]},{"word":"crania","score":31195,"tags":["n"]},{"word":"lances","score":31194,"tags":["n"]},{"word":"incisors","score":31193,"tags":["n"]},{"word":"antlers","score":31192,"tags":["n"]},{"word":"tufts","score":31191,"tags":["n"]},{"word":"ballpoint pen","score":31190,"tags":["n"]},{"word":"nostrils","score":31189,"tags":["n"]},{"word":"skulls","score":31188,"tags":["n"]},{"word":"dewlap","score":31187,"tags":["n"]},{"word":"noggins","score":31186,"tags":["n"]},{"word":"pencil","score":31184,"tags":["n"]},{"word":"twigs","score":31183,"tags":["n"]},{"word":"reed warbler","score":31182,"tags":["n"]},{"word":"woodlice","score":31181,"tags":["n"]},{"word":"lopper","score":31180,"tags":["n"]},{"word":"hornworm","score":31179,"tags":["n"]},{"word":"daddy longlegs","score":31178,"tags":["n"]},{"word":"pileated","score":31177,"tags":["n"]}]