[{"word":"loaf","score":28038,"tags":["n"]},{"word":"amount","score":11638,"tags":["n"]},{"word":"attend","score":11638,"tags":["v"]},{"word":"balance","score":11638,"tags":["n"]},{"word":"balancing","score":11638,"tags":["n"]},{"word":"bear","score":11638,"tags":["v","n"]},{"word":"bein","score":11638,"tags":["v"]},{"word":"blow","score":11638,"tags":["n","v"]},{"word":"bodily","score":11638,"tags":["adj","adv"]},{"word":"bond","score":11638,"tags":["n"]},{"word":"brain","score":11638,"tags":["n"]},{"word":"brains","score":11638,"tags":["n"]},{"word":"carry","score":11638,"tags":["v"]},{"word":"certain","score":11638,"tags":["adj"]},{"word":"coin","score":11638,"tags":["n"]},{"word":"composition","score":11638,"tags":["n"]},{"word":"confusedly","score":11638,"tags":["adv"]},{"word":"cross","score":11638,"tags":["n","adj","v"]},{"word":"depression","score":11638,"tags":["n"]},{"word":"determination","score":11638,"tags":["n"]},{"word":"drop","score":11638,"tags":["n","v"]},{"word":"dump","score":11638,"tags":["n","v"]},{"word":"dumping","score":11638,"tags":["n"]},{"word":"elevate","score":11638,"tags":["v"]},{"word":"energy","score":11638,"tags":["n"]},{"word":"equilibrium","score":11638,"tags":["n"]},{"word":"est","score":11638,"tags":["n"]},{"word":"eye","score":11638,"tags":["n"]},{"word":"face","score":11638,"tags":["n","v"]},{"word":"flash","score":11638,"tags":["n"]},{"word":"float","score":11638,"tags":["n","v"]},{"word":"fog","score":11638,"tags":["n"]},{"word":"force","score":11638,"tags":["n"]},{"word":"forces","score":11638,"tags":["n"]},{"word":"head","score":11638,"tags":["n"]},{"word":"heads","score":11638,"tags":["n"]},{"word":"heat","score":11638,"tags":["n"]},{"word":"het","score":11638,"tags":["adj"]},{"word":"image","score":11638,"tags":["n"]},{"word":"imagery","score":11638,"tags":["n"]},{"word":"imaging","score":11638,"tags":["n"]},{"word":"incorporate","score":11638,"tags":["v"]},{"word":"intention","score":11638,"tags":["n"]},{"word":"lead","score":11638,"tags":["v","n"]},{"word":"least","score":11638,"tags":["adj"]},{"word":"link","score":11638,"tags":["n","v"]},{"word":"little","score":11638,"tags":["adj","adv"]},{"word":"load","score":11638,"tags":["n"]},{"word":"low","score":11638,"tags":["adj"]},{"word":"make","score":11638,"tags":["v"]},{"word":"matter","score":11638,"tags":["n"]},{"word":"mit","score":11638,"tags":["n","prop"]},{"word":"opinion","score":11638,"tags":["n"]},{"word":"poise","score":11638,"tags":["n"]},{"word":"press","score":11638,"tags":["n"]},{"word":"pressure","score":11638,"tags":["n"]},{"word":"raise","score":11638,"tags":["v"]},{"word":"reason","score":11638,"tags":["n"]},{"word":"reasoned","score":11638,"tags":["adj"]},{"word":"relativity","score":11638,"tags":["n"]},{"word":"roll","score":11638,"tags":["n","v"]},{"word":"rolled","score":11638,"tags":["adj"]},{"word":"sensible","score":11638,"tags":["adj"]},{"word":"shock","score":11638,"tags":["n"]},{"word":"shocked","score":11638,"tags":["adj"]},{"word":"shocks","score":11638,"tags":["n"]},{"word":"shoot","score":11638,"tags":["v","n"]},{"word":"sit","score":11638,"tags":["v"]},{"word":"somatic","score":11638,"tags":["adj"]},{"word":"stoned","score":11638,"tags":["adj"]},{"word":"strain","score":11638,"tags":["n"]},{"word":"strike","score":11638,"tags":["n","v"]},{"word":"stuff","score":11638,"tags":["n"]},{"word":"stuffed","score":11638,"tags":["adj"]},{"word":"tumble","score":11638,"tags":["v","n"]},{"word":"turn","score":11638,"tags":["v","n"]},{"word":"vein","score":11638,"tags":["n"]},{"word":"veining","score":11638,"tags":["n"]},{"word":"void","score":11638,"tags":["n","adj"]},{"word":"cachexia","score":11620,"tags":["n"]},{"word":"elevation","score":11620,"tags":["n"]},{"word":"piece","score":11620,"tags":["n"]},{"word":"alarm","score":11566,"tags":["n"]},{"word":"ballast","score":11566,"tags":["n"]},{"word":"base","score":11566,"tags":["n"]},{"word":"bell","score":11566,"tags":["n"]},{"word":"cast","score":11566,"tags":["v","n"]},{"word":"casted","score":11566,"tags":["v","adj"]},{"word":"confusion","score":11566,"tags":["n"]},{"word":"grave","score":11566,"tags":["adj","n"]},{"word":"means","score":11566,"tags":["n"]},{"word":"plain","score":11566,"tags":["adj","n"]},{"word":"plastic","score":11566,"tags":["adj","n"]},{"word":"spring","score":11566,"tags":["n"]},{"word":"weigh","score":11566,"tags":["v"]},{"word":"discern","score":11565,"tags":["v"]},{"word":"draw","score":11548,"tags":["v"]},{"word":"gap","score":11548,"tags":["n"]},{"word":"mill","score":11548,"tags":["n"]},{"word":"shaped","score":11548,"tags":["adj"]}]