[{"word":"stamina","score":26424,"tags":["n"]},{"word":"durance","score":26364,"tags":["n"]},{"word":"endurement","score":26364},{"word":"indurance","score":26364,"tags":["n"]},{"word":"legs","score":26364,"tags":["n"]},{"word":"stayer","score":26364,"tags":["n"]},{"word":"tether","score":26364,"tags":["n"]},{"word":"trial","score":26364,"tags":["n"]},{"word":"fatigue","score":6424,"tags":["n"]},{"word":"fortitude","score":6424,"tags":["n"]},{"word":"hardihood","score":6424,"tags":["n"]},{"word":"long-sufferance","score":6424,"tags":["n"]},{"word":"long-suffering","score":6424,"tags":["n","adj"]},{"word":"patience","score":6424,"tags":["n"]},{"word":"staying power","score":6424,"tags":["n"]},{"word":"strength","score":6424,"tags":["n"]},{"word":"sufferance","score":6424,"tags":["n"]},{"word":"tolerance","score":6424,"tags":["n"]},{"word":"active","score":6364,"tags":["adj"]},{"word":"arab","score":6364,"tags":["n","prop"]},{"word":"arduous","score":6364,"tags":["adj"]},{"word":"athlete","score":6364,"tags":["n"]},{"word":"back","score":6364,"tags":["adv"]},{"word":"barb","score":6364,"tags":["n"]},{"word":"bearing","score":6364,"tags":["n"]},{"word":"bent","score":6364,"tags":["adj","n"]},{"word":"bionic","score":6364,"tags":["adj","prop"]},{"word":"bonk","score":6364,"tags":["v"]},{"word":"bonking","score":6364,"tags":["v","n"]},{"word":"bottom","score":6364,"tags":["n","adj"]},{"word":"bottoms","score":6364,"tags":["n"]},{"word":"brace","score":6364,"tags":["n"]},{"word":"braces","score":6364,"tags":["n"]},{"word":"brevet","score":6364,"tags":["n"]},{"word":"build","score":6364,"tags":["v"]},{"word":"drive","score":6364,"tags":["n","v"]},{"word":"end","score":6364,"tags":["n"]},{"word":"endurable","score":6364,"tags":["adj"]},{"word":"enduro","score":6364,"tags":["n","v"]},{"word":"erythropoietin","score":6364,"tags":["n"]},{"word":"fabulous","score":6364,"tags":["adj"]},{"word":"fail","score":6364,"tags":["v"]},{"word":"fakir","score":6364,"tags":["n"]},{"word":"famish","score":6364,"tags":["v"]},{"word":"famished","score":6364,"tags":["adj"]},{"word":"fatigued","score":6364,"tags":["adj"]},{"word":"fatigues","score":6364,"tags":["n"]},{"word":"feat","score":6364,"tags":["n"]},{"word":"flaccid","score":6364,"tags":["adj"]},{"word":"force","score":6364,"tags":["n"]},{"word":"forces","score":6364,"tags":["n"]},{"word":"fortified","score":6364,"tags":["adj"]},{"word":"fortify","score":6364,"tags":["v"]},{"word":"gain","score":6364,"tags":["v","n"]},{"word":"gaining","score":6364,"tags":["v"]},{"word":"galloway","score":6364,"tags":["n","prop"]},{"word":"game","score":6364,"tags":["n"]},{"word":"gameness","score":6364,"tags":["n"]},{"word":"granite","score":6364,"tags":["n"]},{"word":"grit","score":6364,"tags":["n"]},{"word":"hard","score":6364,"tags":["adj"]},{"word":"hardiness","score":6364,"tags":["n"]},{"word":"hardness","score":6364,"tags":["n"]},{"word":"hardy","score":6364,"tags":["n","adj","prop"]},{"word":"heart","score":6364,"tags":["n"]},{"word":"hearts","score":6364,"tags":["n"]},{"word":"impatience","score":6364,"tags":["n"]},{"word":"insufferable","score":6364,"tags":["adj"]},{"word":"insufferably","score":6364,"tags":["adv"]},{"word":"intolerably","score":6364,"tags":["adv"]},{"word":"intolerance","score":6364,"tags":["n"]},{"word":"intrepid","score":6364,"tags":["adj"]},{"word":"iron","score":6364,"tags":["n"]},{"word":"iron man","score":6364,"tags":["n"]},{"word":"ironed","score":6364,"tags":["adj"]},{"word":"ironman","score":6364,"tags":["n"]},{"word":"irons","score":6364,"tags":["n"]},{"word":"ironside","score":6364,"tags":["n","prop"]},{"word":"kast","score":6364,"tags":["n","prop"]},{"word":"last","score":6364,"tags":["adj"]},{"word":"last out","score":6364,"tags":["v"]},{"word":"last straw","score":6364,"tags":["n"]},{"word":"lasting","score":6364,"tags":["adj"]},{"word":"longest","score":6364,"tags":["adj"]},{"word":"marathon","score":6364,"tags":["n"]},{"word":"marathoner","score":6364,"tags":["n"]},{"word":"mettle","score":6364,"tags":["n"]},{"word":"monumental","score":6364,"tags":["adj"]},{"word":"morgan","score":6364,"tags":["n","prop"]},{"word":"msx","score":6364,"tags":["n","prop"]},{"word":"nerve","score":6364,"tags":["n"]},{"word":"nerves","score":6364,"tags":["n"]},{"word":"nervy","score":6364,"tags":["adj"]},{"word":"ordeal","score":6364,"tags":["n"]},{"word":"outdistance","score":6364,"tags":["v"]},{"word":"outride","score":6364,"tags":["v"]},{"word":"outstay","score":6364,"tags":["v"]},{"word":"patient","score":6364,"tags":["n"]},{"word":"patient of","score":6364,"tags":["adj"]},{"word":"perpession","score":6364}]