[{"word":"flammable","score":53075,"tags":["n"]},{"word":"arson","score":53074,"tags":["n"]},{"word":"blaze","score":53073,"tags":["n"]},{"word":"flashover","score":53072,"tags":["n"]},{"word":"conflagration","score":53071,"tags":["n"]},{"word":"fire marshal","score":53070,"tags":["n"]},{"word":"inflammable","score":53069,"tags":["n"]},{"word":"wildfire","score":53068,"tags":["n"]},{"word":"explosion","score":53067,"tags":["n"]},{"word":"ignition","score":53066,"tags":["n"]},{"word":"pyrophoric","score":53065,"tags":["n"]},{"word":"combusting","score":53064,"tags":["n"]},{"word":"fires","score":53063,"tags":["n"]},{"word":"combusted","score":53062,"tags":["n"]},{"word":"comburent","score":53061,"tags":["n"]},{"word":"deflagrate","score":53060,"tags":["n"]},{"word":"ignited","score":53059,"tags":["n"]},{"word":"backdraft","score":53058,"tags":["n"]},{"word":"deflagrable","score":53057,"tags":["n"]},{"word":"scarefire","score":53056,"tags":["n"]},{"word":"ignifluous","score":53055,"tags":["n"]},{"word":"grassfire","score":53054,"tags":["n"]},{"word":"arsonists","score":53053,"tags":["n"]},{"word":"vapors","score":53052,"tags":["n"]},{"word":"combustibles","score":53051,"tags":["n"]},{"word":"deflagrator","score":53050,"tags":["n"]},{"word":"fumes","score":53049,"tags":["n"]},{"word":"firedamp","score":53048,"tags":["n"]},{"word":"accendible","score":53047,"tags":["n"]},{"word":"fire","score":53046,"tags":["n"]},{"word":"accelerants","score":53045,"tags":["n"]},{"word":"electric fire","score":53044,"tags":["n","prop"]},{"word":"combustible","score":53043,"tags":["n"]},{"word":"thermite","score":53042,"tags":["n"]},{"word":"reignition","score":53041,"tags":["n"]},{"word":"accidental","score":53040,"tags":["n"]},{"word":"ignigenous","score":53039,"tags":["n"]},{"word":"fire marshall","score":53038,"tags":["n","prop"]},{"word":"extinguished","score":53037,"tags":["n"]},{"word":"smouldering","score":53036,"tags":["n"]},{"word":"monoxide","score":53035,"tags":["n"]},{"word":"hot bulb","score":53034,"tags":["n"]},{"word":"pyrogenous","score":53033,"tags":["n"]},{"word":"accelerant","score":53032,"tags":["n"]},{"word":"combustion","score":53031,"tags":["n"]},{"word":"overfilling","score":53030,"tags":["n"]},{"word":"firebug","score":53029,"tags":["n"]},{"word":"pyromaniacs","score":53028,"tags":["n"]},{"word":"fire ship","score":53027,"tags":["n"]},{"word":"oxidization","score":53026,"tags":["n"]},{"word":"inferno","score":53025,"tags":["n"]},{"word":"sawdust","score":53024,"tags":["n"]},{"word":"embers","score":53023,"tags":["n"]},{"word":"fireward","score":53022,"tags":["n"]},{"word":"boutefeu","score":53021,"tags":["n"]},{"word":"flue pipe","score":53020,"tags":["n"]},{"word":"unburnt","score":53019,"tags":["n"]},{"word":"phlogiston","score":53018,"tags":["n"]},{"word":"greek fire","score":53017,"tags":["n","prop"]},{"word":"combust","score":53016,"tags":["n","prop"]},{"word":"condensation","score":53015,"tags":["n"]},{"word":"ignipotent","score":53014,"tags":["n"]},{"word":"burning","score":53013,"tags":["n"]},{"word":"malfunction","score":53012,"tags":["n"]},{"word":"flagrate","score":53011,"tags":["n"]},{"word":"exothermic reaction","score":53010,"tags":["n"]},{"word":"overheated","score":53009,"tags":["n"]},{"word":"ignite","score":53008,"tags":["n"]},{"word":"firewarden","score":53007,"tags":["n"]},{"word":"firestarter","score":53006,"tags":["n"]},{"word":"accend","score":53005,"tags":["n"]},{"word":"lightning","score":53004,"tags":["n"]},{"word":"leak","score":53003,"tags":["n"]},{"word":"adustion","score":53002,"tags":["n"]},{"word":"tomato blight","score":53001,"tags":["n"]},{"word":"unvented","score":53000,"tags":["n"]},{"word":"cockloft","score":52999,"tags":["n"]},{"word":"overinflation","score":52998,"tags":["n"]},{"word":"spillage","score":52997,"tags":["n"]},{"word":"detonize","score":52996,"tags":["n"]},{"word":"woodstove","score":52995,"tags":["n"]},{"word":"slow match","score":52994,"tags":["n"]},{"word":"cookfire","score":52993,"tags":["n"]},{"word":"toxicosis","score":52992,"tags":["n"]},{"word":"dryer","score":52991,"tags":["n"]},{"word":"sweal","score":52990,"tags":["n"]},{"word":"volatilized","score":52989,"tags":["n"]},{"word":"ustion","score":52988,"tags":["n"]},{"word":"flames","score":52987,"tags":["n"]},{"word":"carelessness","score":52986,"tags":["n"]},{"word":"dampness","score":52985,"tags":["n"]},{"word":"flame","score":52984,"tags":["n"]},{"word":"thinners","score":52983,"tags":["n"]},{"word":"penicillium","score":52982,"tags":["n"]},{"word":"flammeous","score":52981,"tags":["n"]},{"word":"accension","score":52980,"tags":["n"]},{"word":"poisoning","score":52979,"tags":["n"]},{"word":"burn","score":52978,"tags":["n"]},{"word":"stinkweed","score":52977,"tags":["n"]},{"word":"sparks","score":52976,"tags":["n"]}]