[{"word":"clubhead","score":31318,"tags":["n"]},{"word":"downswing","score":31317,"tags":["n"]},{"word":"backspin","score":31316,"tags":["n"]},{"word":"putter","score":31315,"tags":["n"]},{"word":"swing","score":31314,"tags":["n"]},{"word":"fairway","score":31313,"tags":["n"]},{"word":"hosel","score":31312,"tags":["n"]},{"word":"sand wedge","score":31311,"tags":["n"]},{"word":"sidespin","score":31310,"tags":["n"]},{"word":"supination","score":31309,"tags":["n"]},{"word":"ball","score":31308,"tags":["n"]},{"word":"pronation","score":31307,"tags":["n"]},{"word":"waggle","score":31306,"tags":["n"]},{"word":"downstroke","score":31305,"tags":["n"]},{"word":"footwork","score":31304,"tags":["n"]},{"word":"upstroke","score":31303,"tags":["n"]},{"word":"racquet","score":31302,"tags":["n"]},{"word":"shaft","score":31301,"tags":["n"]},{"word":"flagstick","score":31300,"tags":["n"]},{"word":"tee","score":31299,"tags":["n"]},{"word":"caddy","score":31298,"tags":["n"]},{"word":"divot","score":31297,"tags":["n"]},{"word":"pitching wedge","score":31296,"tags":["n"]},{"word":"putts","score":31295,"tags":["n"]},{"word":"backbend","score":31294,"tags":["n"]},{"word":"greenside","score":31293,"tags":["n","prop"]},{"word":"windup","score":31292,"tags":["n"]},{"word":"hips","score":31291,"tags":["n"]},{"word":"trapezius muscle","score":31290,"tags":["n"]},{"word":"looper","score":31289,"tags":["n"]},{"word":"embouchure","score":31288,"tags":["n"]},{"word":"fungo","score":31287,"tags":["n"]},{"word":"niblick","score":31286,"tags":["n"]},{"word":"undulation","score":31285,"tags":["n"]},{"word":"diaphragm","score":31284,"tags":["n"]},{"word":"sidehill","score":31283,"tags":["n"]},{"word":"raker","score":31282,"tags":["n"]},{"word":"golfer","score":31281,"tags":["n"]},{"word":"irons","score":31280,"tags":["n"]},{"word":"straighter","score":31279,"tags":["n"]},{"word":"glute","score":31278,"tags":["n"]},{"word":"double bogey","score":31277,"tags":["n"]},{"word":"headpin","score":31276,"tags":["n"]},{"word":"frontwards","score":31275,"tags":["n"]},{"word":"instep","score":31274,"tags":["n"]},{"word":"dogleg","score":31273,"tags":["n"]},{"word":"dimple","score":31272,"tags":["n"]},{"word":"rhomboids","score":31271,"tags":["n"]},{"word":"curvature","score":31270,"tags":["n"]},{"word":"mashie","score":31269,"tags":["n"]},{"word":"plumb bob","score":31268,"tags":["n","prop"]},{"word":"tway","score":31267,"tags":["n"]},{"word":"rosin bag","score":31266,"tags":["n"]},{"word":"bending","score":31265,"tags":["n"]},{"word":"scapula","score":31264,"tags":["n"]},{"word":"hamate","score":31263,"tags":["n"]},{"word":"lipping","score":31262,"tags":["n"]},{"word":"overhand knot","score":31261,"tags":["n"]},{"word":"rib cage","score":31260,"tags":["n"]},{"word":"sand trap","score":31259,"tags":["n"]},{"word":"overspin","score":31258,"tags":["n"]},{"word":"monopod","score":31257,"tags":["n"]},{"word":"glenoid","score":31256,"tags":["n"]},{"word":"usga","score":31255,"tags":["n","prop"]},{"word":"gait","score":31254,"tags":["n"]},{"word":"allen wrench","score":31253,"tags":["n","prop"]},{"word":"bogeys","score":31252,"tags":["n"]},{"word":"angular velocity","score":31251,"tags":["n"]},{"word":"peripheral vision","score":31250,"tags":["n"]},{"word":"greens","score":31249,"tags":["n"]},{"word":"abdominals","score":31248,"tags":["n"]},{"word":"clove hitch","score":31247,"tags":["n"]},{"word":"knob","score":31246,"tags":["n"]},{"word":"asana","score":31245,"tags":["n"]},{"word":"grounders","score":31244,"tags":["n"]},{"word":"balata","score":31243,"tags":["n"]},{"word":"psoas","score":31242,"tags":["n"]},{"word":"ben hogan","score":31241,"tags":["n","prop"]},{"word":"yaw","score":31240,"tags":["n"]},{"word":"velocity","score":31239,"tags":["n"]},{"word":"golf stroke","score":31238,"tags":["n"]},{"word":"detents","score":31237,"tags":["n"]},{"word":"pingpong paddle","score":31236,"tags":["n"]},{"word":"knuckleball","score":31235,"tags":["n"]},{"word":"dribbler","score":31234,"tags":["n"]},{"word":"fastball","score":31233,"tags":["n"]},{"word":"ulnar","score":31232,"tags":["n"]},{"word":"lateral epicondyle","score":31231,"tags":["n"]},{"word":"backspace key","score":31230,"tags":["n"]},{"word":"reticule","score":31229,"tags":["n"]},{"word":"cocking","score":31228,"tags":["n"]},{"word":"crouch","score":31227,"tags":["n"]},{"word":"mashie niblick","score":31226,"tags":["n"]},{"word":"proprioception","score":31225,"tags":["n"]},{"word":"parabola","score":31224,"tags":["n"]},{"word":"clevis","score":31223,"tags":["n"]},{"word":"uvula","score":31222,"tags":["n"]},{"word":"gear lever","score":31221,"tags":["n"]},{"word":"uncoiling","score":31220,"tags":["n"]},{"word":"groundball","score":31219,"tags":["n"]}]