[{"word":"footwork","score":51362,"tags":["n"]},{"word":"shimmy","score":51361,"tags":["n"]},{"word":"dribble","score":51360,"tags":["n"]},{"word":"dart","score":51359,"tags":["n"]},{"word":"quickness","score":51358,"tags":["n"]},{"word":"stomp","score":51357,"tags":["n"]},{"word":"bop","score":51356,"tags":["n"]},{"word":"breakdance","score":51355,"tags":["n"]},{"word":"blitzer","score":51354,"tags":["n","prop"]},{"word":"scatback","score":51353,"tags":["n"]},{"word":"downfield","score":51352,"tags":["n"]},{"word":"deke","score":51351,"tags":["n"]},{"word":"outleap","score":51350,"tags":["n"]},{"word":"tacklers","score":51349,"tags":["n"]},{"word":"crossover dribble","score":51348,"tags":["n"]},{"word":"upfield","score":51347,"tags":["n"]},{"word":"strider","score":51346,"tags":["n"]},{"word":"blitzing","score":51345,"tags":["n"]},{"word":"hashmark","score":51344,"tags":["n"]},{"word":"ballcarrier","score":51343,"tags":["n"]},{"word":"buttonhook","score":51342,"tags":["n"]},{"word":"elusiveness","score":51341,"tags":["n"]},{"word":"runback","score":51340,"tags":["n"]},{"word":"jitterbugs","score":51339,"tags":["n"]},{"word":"scamper","score":51338,"tags":["n"]},{"word":"backfield","score":51337,"tags":["n"]},{"word":"slants","score":51336,"tags":["n"]},{"word":"placekick","score":51335,"tags":["n"]},{"word":"blockers","score":51334,"tags":["n"]},{"word":"explosiveness","score":51333,"tags":["n"]},{"word":"bootlegs","score":51332,"tags":["n"]},{"word":"shiftiness","score":51331,"tags":["n"]},{"word":"weakside","score":51330,"tags":["n"]},{"word":"returner","score":51329,"tags":["n"]},{"word":"summersault","score":51328,"tags":["n"]},{"word":"pirouette","score":51327,"tags":["n"]},{"word":"jink","score":51326,"tags":["n"]},{"word":"handoff","score":51325,"tags":["n"]},{"word":"kickoffs","score":51324,"tags":["n"]},{"word":"whomp","score":51323,"tags":["n"]},{"word":"fadeaway","score":51322,"tags":["n"]},{"word":"ball","score":51321,"tags":["n"]},{"word":"wide receiver","score":51320,"tags":["n"]},{"word":"scrambler","score":51319,"tags":["n"]},{"word":"safeties","score":51318,"tags":["n"]},{"word":"dink","score":51317,"tags":["n"]},{"word":"skelly","score":51316,"tags":["n","prop"]},{"word":"leaper","score":51315,"tags":["n"]},{"word":"jackknifing","score":51314,"tags":["n"]},{"word":"athleticism","score":51313,"tags":["n"]},{"word":"dunks","score":51312,"tags":["n"]},{"word":"lateraling","score":51311,"tags":["n"]},{"word":"whizzer","score":51310,"tags":["n"]},{"word":"yardage","score":51309,"tags":["n"]},{"word":"stickum","score":51308,"tags":["n"]},{"word":"funking","score":51307,"tags":["n"]},{"word":"okie","score":51306,"tags":["n","prop"]},{"word":"cornerback","score":51305,"tags":["n"]},{"word":"hurdling","score":51304,"tags":["n"]},{"word":"misdirection","score":51303,"tags":["n"]},{"word":"pilon","score":51302,"tags":["n"]},{"word":"ollie","score":51301,"tags":["n","prop"]},{"word":"scrimmage","score":51300,"tags":["n"]},{"word":"tailback","score":51299,"tags":["n"]},{"word":"waggle","score":51298,"tags":["n"]},{"word":"flip","score":51297,"tags":["n"]},{"word":"looping","score":51296,"tags":["n"]},{"word":"incompletion","score":51295,"tags":["n"]},{"word":"lindy hop","score":51294,"tags":["n","prop"]},{"word":"tailslide","score":51293,"tags":["n"]},{"word":"moog","score":51292,"tags":["n","prop"]},{"word":"syncopation","score":51291,"tags":["n"]},{"word":"pickoff","score":51290,"tags":["n"]},{"word":"hail mary","score":51289,"tags":["n","prop"]},{"word":"lindy","score":51288,"tags":["n","prop"]},{"word":"scat singing","score":51287,"tags":["n"]},{"word":"fittin","score":51286,"tags":["n"]},{"word":"lunges","score":51285,"tags":["n"]},{"word":"progressions","score":51284,"tags":["n"]},{"word":"topes","score":51283,"tags":["n"]},{"word":"spinny","score":51282,"tags":["n"]},{"word":"scat","score":51281,"tags":["n"]},{"word":"stutter","score":51280,"tags":["n"]},{"word":"deked","score":51279,"tags":["n"]},{"word":"twitch","score":51278,"tags":["n"]},{"word":"hop","score":51277,"tags":["n"]},{"word":"wideout","score":51276,"tags":["n"]},{"word":"pogo","score":51275,"tags":["n"]},{"word":"lope","score":51274,"tags":["n"]},{"word":"rushin","score":51273,"tags":["n"]},{"word":"hoop","score":51272,"tags":["n"]},{"word":"combo","score":51271,"tags":["n"]},{"word":"bullrush","score":51270,"tags":["n"]},{"word":"dipsy","score":51269,"tags":["n"]},{"word":"wham","score":51268,"tags":["n"]},{"word":"dropkick","score":51267,"tags":["n"]},{"word":"umph","score":51266,"tags":["n"]},{"word":"wiggle","score":51265,"tags":["n"]},{"word":"skanking","score":51264,"tags":["n"]},{"word":"backcheck","score":51263,"tags":["n"]}]