[{"word":"counter","score":11673,"tags":["n","adj"]},{"word":"division","score":11519,"tags":["n"]},{"word":"backlash","score":10612,"tags":["n"]},{"word":"cone","score":10612,"tags":["n"]},{"word":"countdown","score":10612,"tags":["n"]},{"word":"gear","score":10612,"tags":["n"]},{"word":"pile","score":10612,"tags":["n"]},{"word":"pounce","score":10612,"tags":["v","n"]},{"word":"register","score":10612,"tags":["n","v"]},{"word":"registered","score":10612,"tags":["adj"]},{"word":"retrorocket","score":10612,"tags":["n"]},{"word":"tail","score":10612,"tags":["n"]},{"word":"tails","score":10612,"tags":["n"]},{"word":"transit","score":10612,"tags":["n"]},{"word":"trap","score":10612,"tags":["n"]},{"word":"turn","score":10612,"tags":["v","n"]},{"word":"turned","score":10612,"tags":["adj"]},{"word":"exergue","score":10547,"tags":["n"]},{"word":"playing card","score":10547,"tags":["n"]},{"word":"rheocrat","score":10547},{"word":"crew","score":10544,"tags":["n"]},{"word":"engineered","score":10544,"tags":["v"]},{"word":"sapper","score":10544,"tags":["n"]},{"word":"technician","score":10544,"tags":["n"]},{"word":"a. e. kennelly","score":10513,"tags":["n","prop"]},{"word":"arthur edwin kennelly","score":10513,"tags":["n","prop"]},{"word":"casey jones","score":10513,"tags":["n","prop"]},{"word":"chaser","score":10513,"tags":["n"]},{"word":"dolby","score":10513,"tags":["n","prop"]},{"word":"heaviside","score":10513,"tags":["n","prop"]},{"word":"john luther jones","score":10513,"tags":["n","prop"]},{"word":"jones","score":10513,"tags":["n","prop"]},{"word":"kennelly","score":10513,"tags":["n","prop"]},{"word":"oliver heaviside","score":10513,"tags":["n","prop"]},{"word":"ray m. dolby","score":10513,"tags":["n","prop"]},{"word":"accent","score":10482,"tags":["n"]},{"word":"accomplish","score":10482,"tags":["v"]},{"word":"aileron","score":10482,"tags":["n"]},{"word":"aim","score":10482,"tags":["n","v"]},{"word":"alembic","score":10482,"tags":["n"]},{"word":"anchor","score":10482,"tags":["n"]},{"word":"anchoring","score":10482,"tags":["v","n"]},{"word":"appliance","score":10482,"tags":["n"]},{"word":"arming","score":10482,"tags":["n"]},{"word":"armored car","score":10482,"tags":["n","prop"]},{"word":"armoured car","score":10482,"tags":["n","prop"]},{"word":"arrange","score":10482,"tags":["v"]},{"word":"backhoe","score":10482,"tags":["n"]},{"word":"barouche","score":10482,"tags":["n"]},{"word":"bascule","score":10482,"tags":["n"]},{"word":"billabong","score":10482,"tags":["n"]},{"word":"bite","score":10482,"tags":["n","v"]},{"word":"blind spot","score":10482,"tags":["n"]},{"word":"blindside","score":10482,"tags":["v"]},{"word":"block","score":10482,"tags":["n"]},{"word":"blower","score":10482,"tags":["n"]},{"word":"bolt","score":10482,"tags":["n"]},{"word":"bombardier","score":10482,"tags":["n"]},{"word":"boxing","score":10482,"tags":["n"]},{"word":"brainwash","score":10482,"tags":["v"]},{"word":"brake","score":10482,"tags":["n"]},{"word":"break","score":10482,"tags":["v","n"]},{"word":"broach","score":10482,"tags":["v","n"]},{"word":"broached","score":10482,"tags":["adj"]},{"word":"burn out","score":10482,"tags":["v"]},{"word":"burnout","score":10482,"tags":["n"]},{"word":"bustle","score":10482,"tags":["n"]},{"word":"butterfly","score":10482,"tags":["n"]},{"word":"cae","score":10482,"tags":["n","prop"]},{"word":"came","score":10482,"tags":["v"]},{"word":"censor","score":10482,"tags":["n","v"]},{"word":"chaste","score":10482,"tags":["adj"]},{"word":"chippendale","score":10482,"tags":["n","prop"]},{"word":"choking coil","score":10482,"tags":["n"]},{"word":"classic","score":10482,"tags":["adj","n"]},{"word":"clearance","score":10482,"tags":["n"]},{"word":"clerk","score":10482,"tags":["n"]},{"word":"clerking","score":10482,"tags":["n"]},{"word":"coach","score":10482,"tags":["n"]},{"word":"coffin","score":10482,"tags":["n"]},{"word":"combustion","score":10482,"tags":["n"]},{"word":"complete","score":10482,"tags":["adj","v"]},{"word":"conspire","score":10482,"tags":["v"]},{"word":"contributory","score":10482,"tags":["adj"]},{"word":"copper","score":10482,"tags":["n"]},{"word":"correctness","score":10482,"tags":["n"]},{"word":"count","score":10482,"tags":["n","v"]},{"word":"countermine","score":10482,"tags":["n","v"]},{"word":"counterterrorist","score":10482,"tags":["adj","n"]},{"word":"counting","score":10482,"tags":["n"]},{"word":"course","score":10482,"tags":["n"]},{"word":"couturier","score":10482,"tags":["n"]},{"word":"cover","score":10482,"tags":["v","n"]},{"word":"covers","score":10482,"tags":["v","n"]},{"word":"creeper","score":10482,"tags":["n"]},{"word":"crossbow","score":10482,"tags":["n"]},{"word":"deckle","score":10482,"tags":["n"]},{"word":"designed","score":10482,"tags":["adj"]},{"word":"desk","score":10482,"tags":["n"]},{"word":"destination","score":10482,"tags":["n"]}]