[{"word":"albina","score":51342,"tags":["n","prop"]},{"word":"albinism","score":51341,"tags":["n"]},{"word":"elephant shrew","score":51340,"tags":["n"]},{"word":"legless lizard","score":51339,"tags":["n"]},{"word":"hairless","score":51338,"tags":["n"]},{"word":"albinoism","score":51337,"tags":["n"]},{"word":"albiness","score":51336,"tags":["n"]},{"word":"geochelone","score":51335,"tags":["n"]},{"word":"guenon","score":51334,"tags":["n"]},{"word":"colobus monkey","score":51333,"tags":["n"]},{"word":"giraffa camelopardalis","score":51332,"tags":["n","prop"]},{"word":"melanistic","score":51331,"tags":["n"]},{"word":"binturong","score":51330,"tags":["n"]},{"word":"colobus","score":51329,"tags":["n"]},{"word":"furless","score":51328,"tags":["n"]},{"word":"rhinoceros","score":51327,"tags":["n"]},{"word":"pigmy","score":51326,"tags":["n"]},{"word":"anteater","score":51325,"tags":["n"]},{"word":"ape","score":51324,"tags":["n"]},{"word":"peccary","score":51323,"tags":["n"]},{"word":"bushbuck","score":51322,"tags":["n"]},{"word":"siamang","score":51321,"tags":["n"]},{"word":"cebus","score":51320,"tags":["n","prop"]},{"word":"hypertrichosis","score":51319,"tags":["n"]},{"word":"leucoethiopic","score":51318,"tags":["n"]},{"word":"africanus","score":51317,"tags":["n"]},{"word":"mandrill","score":51316,"tags":["n"]},{"word":"monitor lizard","score":51315,"tags":["n"]},{"word":"duiker","score":51314,"tags":["n"]},{"word":"pongo pygmaeus","score":51313,"tags":["n","prop"]},{"word":"caracal","score":51312,"tags":["n"]},{"word":"rhino","score":51311,"tags":["n"]},{"word":"rhinocerous","score":51310,"tags":["n"]},{"word":"toothed whale","score":51309,"tags":["n"]},{"word":"liger","score":51308,"tags":["n"]},{"word":"robustus","score":51307,"tags":["n"]},{"word":"genet","score":51306,"tags":["n","prop"]},{"word":"panthera leo","score":51305,"tags":["n","prop"]},{"word":"pangolin","score":51304,"tags":["n"]},{"word":"pygmy marmoset","score":51303,"tags":["n"]},{"word":"muntjac","score":51302,"tags":["n"]},{"word":"titi","score":51301,"tags":["n","prop"]},{"word":"skink","score":51300,"tags":["n"]},{"word":"addax","score":51299,"tags":["n"]},{"word":"summer tanager","score":51298,"tags":["n"]},{"word":"nonvenomous","score":51297,"tags":["n"]},{"word":"rastafarian","score":51296,"tags":["n"]},{"word":"lemur","score":51295,"tags":["n"]},{"word":"fisher cat","score":51294,"tags":["n","prop"]},{"word":"cichlid","score":51293,"tags":["n"]},{"word":"subspecies","score":51292,"tags":["n"]},{"word":"vervet monkey","score":51291,"tags":["n"]},{"word":"striped skunk","score":51290,"tags":["n"]},{"word":"pochard","score":51289,"tags":["n"]},{"word":"giraffe","score":51288,"tags":["n"]},{"word":"babirusa","score":51287,"tags":["n"]},{"word":"gaboon viper","score":51286,"tags":["n","prop"]},{"word":"lechwe","score":51285,"tags":["n"]},{"word":"merganser","score":51284,"tags":["n"]},{"word":"sifaka","score":51283,"tags":["n"]},{"word":"puff adder","score":51282,"tags":["n"]},{"word":"jerboa","score":51281,"tags":["n"]},{"word":"kingsnake","score":51280,"tags":["n"]},{"word":"panthera pardus","score":51279,"tags":["n"]},{"word":"earless","score":51278,"tags":["n"]},{"word":"pan troglodytes troglodytes","score":51277,"tags":["n"]},{"word":"indri","score":51276,"tags":["n"]},{"word":"merle","score":51275,"tags":["n","prop"]},{"word":"honeyeater","score":51274,"tags":["n"]},{"word":"coatimundi","score":51273,"tags":["n"]},{"word":"blesbok","score":51272,"tags":["n"]},{"word":"eland","score":51271,"tags":["n"]},{"word":"phalaropes","score":51270,"tags":["n"]},{"word":"pileated","score":51269,"tags":["n"]},{"word":"gemsbok","score":51268,"tags":["n"]},{"word":"loris","score":51267,"tags":["n"]},{"word":"insectivore","score":51266,"tags":["n"]},{"word":"komodo dragon","score":51265,"tags":["n","prop"]},{"word":"glaucous gull","score":51264,"tags":["n"]},{"word":"canid","score":51263,"tags":["n"]},{"word":"mongooses","score":51262,"tags":["n"]},{"word":"colocasia esculenta","score":51261,"tags":["n"]},{"word":"serval","score":51260,"tags":["n"]},{"word":"siskin","score":51259,"tags":["n"]},{"word":"giant tortoise","score":51258,"tags":["n"]},{"word":"wattled","score":51257,"tags":["n"]},{"word":"okapi","score":51256,"tags":["n"]},{"word":"impala","score":51255,"tags":["n"]},{"word":"mangabeys","score":51254,"tags":["n"]},{"word":"lycanthropy","score":51253,"tags":["n"]},{"word":"butterflyfish","score":51252,"tags":["n"]},{"word":"aquatic mammal","score":51251,"tags":["n"]},{"word":"slow loris","score":51250,"tags":["n"]},{"word":"spoonbill","score":51249,"tags":["n"]},{"word":"lagomorphs","score":51248,"tags":["n"]},{"word":"lizard","score":51247,"tags":["n"]},{"word":"pan troglodytes","score":51246,"tags":["n"]},{"word":"rheas","score":51245,"tags":["n"]},{"word":"sparrow hawk","score":51244,"tags":["n"]},{"word":"shrike","score":51243,"tags":["n"]}]