[{"word":"ablaze","score":11422,"tags":["adj"]},{"word":"aflame","score":11422,"tags":["adj"]},{"word":"arson","score":11422,"tags":["n"]},{"word":"ball","score":11422,"tags":["n"]},{"word":"blaze","score":11422,"tags":["n","v"]},{"word":"blazed","score":11422,"tags":["v"]},{"word":"flambeau","score":11422,"tags":["n"]},{"word":"flaring","score":11422,"tags":["adj"]},{"word":"girasol","score":11422,"tags":["n"]},{"word":"torch","score":11422,"tags":["n"]},{"word":"torching","score":11422,"tags":["v","n"]},{"word":"aflare","score":11379,"tags":["adj"]},{"word":"brand","score":11379,"tags":["n"]},{"word":"burning","score":11379,"tags":["n"]},{"word":"sconce","score":11379,"tags":["n"]},{"word":"beyond","score":11184,"tags":["adv"]},{"word":"gay","score":11184,"tags":["adj","n"]},{"word":"utah","score":11184,"tags":["n","prop"]},{"word":"devil","score":11053,"tags":["n"]},{"word":"glare","score":11053,"tags":["n"]},{"word":"radiation","score":11053,"tags":["n"]},{"word":"shades","score":11053,"tags":["n"]},{"word":"shoot","score":11053,"tags":["v","n"]},{"word":"steam","score":11053,"tags":["n"]},{"word":"steamed","score":11053,"tags":["adj"]},{"word":"steaming","score":11053,"tags":["adj","adv"]},{"word":"fireflaire","score":11043},{"word":"alight","score":11032,"tags":["v"]},{"word":"alighting","score":11032,"tags":["v"]},{"word":"ardor","score":11032,"tags":["n"]},{"word":"atomic number 12","score":11032,"tags":["n"]},{"word":"attributive","score":11032,"tags":["adj"]},{"word":"back-fire","score":11032},{"word":"backfire","score":11032,"tags":["v","n"]},{"word":"balaklava","score":11032,"tags":["n","prop"]},{"word":"bale","score":11032,"tags":["n"]},{"word":"balefire","score":11032,"tags":["n"]},{"word":"barberton daisy","score":11032,"tags":["n","prop"]},{"word":"battle range","score":11032},{"word":"beacon","score":11032,"tags":["n"]},{"word":"beacon fire","score":11032,"tags":["n"]},{"word":"bicker","score":11032,"tags":["v","n"]},{"word":"blink","score":11032,"tags":["v","n"]},{"word":"blinker","score":11032,"tags":["n"]},{"word":"blister","score":11032,"tags":["n"]},{"word":"blistered","score":11032,"tags":["adj"]},{"word":"blood","score":11032,"tags":["n"]},{"word":"bloods","score":11032,"tags":["n"]},{"word":"blowtorch","score":11032,"tags":["n"]},{"word":"blue","score":11032,"tags":["adj","n"]},{"word":"bonfire","score":11032,"tags":["n"]},{"word":"boss","score":11032,"tags":["n"]},{"word":"bracket","score":11032,"tags":["n"]},{"word":"brazier","score":11032,"tags":["n"]},{"word":"brian","score":11032,"tags":["n","prop"]},{"word":"bright","score":11032,"tags":["adj"]},{"word":"bude light","score":11032,"tags":["prop"]},{"word":"burn","score":11032,"tags":["v","n"]},{"word":"calcium light","score":11032,"tags":["n"]},{"word":"campfire","score":11032,"tags":["n"]},{"word":"candle","score":11032,"tags":["n"]},{"word":"candle flame","score":11032,"tags":["n"]},{"word":"candle power","score":11032},{"word":"candlelight","score":11032,"tags":["n"]},{"word":"candlepower","score":11032,"tags":["n"]},{"word":"canister","score":11032,"tags":["n"]},{"word":"carcel","score":11032,"tags":["n"]},{"word":"cauterant","score":11032,"tags":["n"]},{"word":"cautery","score":11032,"tags":["n"]},{"word":"cheery","score":11032,"tags":["adj"]},{"word":"chromosphere","score":11032,"tags":["n"]},{"word":"combustion","score":11032,"tags":["n"]},{"word":"conflagrate","score":11032,"tags":["v"]},{"word":"crane","score":11032,"tags":["n"]},{"word":"cresset","score":11032,"tags":["n"]},{"word":"curl","score":11032,"tags":["n","v"]},{"word":"curls","score":11032,"tags":["n"]},{"word":"cursor","score":11032,"tags":["n"]},{"word":"damp","score":11032,"tags":["adj"]},{"word":"damped","score":11032,"tags":["v","adj"]},{"word":"damping","score":11032,"tags":["n","v"]},{"word":"defilading","score":11032,"tags":["v","n"]},{"word":"deflagrate","score":11032,"tags":["v"]},{"word":"doors","score":11032,"tags":["n"]},{"word":"douse","score":11032,"tags":["v"]},{"word":"dousing","score":11032,"tags":["n"]},{"word":"drummond light","score":11032,"tags":["prop"]},{"word":"dull","score":11032,"tags":["adj"]},{"word":"dulled","score":11032,"tags":["adj"]},{"word":"efficiency","score":11032,"tags":["n"]},{"word":"elmo","score":11032,"tags":["n","prop"]},{"word":"ember","score":11032,"tags":["n"]},{"word":"emission","score":11032,"tags":["n"]},{"word":"emit","score":11032,"tags":["v"]},{"word":"empyreal","score":11032,"tags":["adj","prop"]},{"word":"empyrean","score":11032,"tags":["n"]},{"word":"extinct","score":11032,"tags":["adj"]},{"word":"extinction","score":11032,"tags":["n"]},{"word":"extinguish","score":11032,"tags":["v"]},{"word":"extinguishing","score":11032,"tags":["n"]}]