[{"word":"fog","score":32686,"tags":["n"]},{"word":"fogged","score":32686,"tags":["adj"]},{"word":"flip","score":17097,"tags":["n","adj","v"]},{"word":"taxis","score":17097,"tags":["n"]},{"word":"touch","score":17097,"tags":["n","v"]},{"word":"touched","score":16856,"tags":["adj"]},{"word":"stroke","score":16046,"tags":["n"]},{"word":"stroked","score":16046,"tags":["v"]},{"word":"contrived","score":15986,"tags":["adj"]},{"word":"chiropractic","score":15976,"tags":["n"]},{"word":"electronics","score":15976,"tags":["n"]},{"word":"graphics","score":15976,"tags":["n"]},{"word":"naturopathy","score":15976,"tags":["n"]},{"word":"osteopathy","score":15976,"tags":["n"]},{"word":"overreach","score":15976,"tags":["v"]},{"word":"raid","score":15976,"tags":["n"]},{"word":"robber baron","score":15976},{"word":"train","score":15976,"tags":["n","v"]},{"word":"trained","score":15976,"tags":["adj"]},{"word":"treatment","score":15976,"tags":["n"]},{"word":"arm","score":15736,"tags":["n"]},{"word":"control","score":15736,"tags":["n"]},{"word":"corner","score":15736,"tags":["n"]},{"word":"fraud","score":15736,"tags":["n"]},{"word":"manage","score":15736,"tags":["v"]},{"word":"managing","score":15736,"tags":["v","n"]},{"word":"maneuver","score":15736,"tags":["n","v"]},{"word":"operation","score":15736,"tags":["n"]},{"word":"rolling","score":15736,"tags":["n"]},{"word":"tampering","score":15736,"tags":["n"]},{"word":"use","score":15736,"tags":["n","v"]},{"word":"artifact","score":15166,"tags":["n"]},{"word":"ease","score":15166,"tags":["n","v"]},{"word":"esperanto","score":15166,"tags":["n","prop"]},{"word":"execution","score":15166,"tags":["n"]},{"word":"gerrymander","score":15166,"tags":["n"]},{"word":"gimp","score":15166,"tags":["n"]},{"word":"juggle","score":15166,"tags":["v"]},{"word":"mahatma","score":15166,"tags":["n","prop"]},{"word":"microsurgery","score":15166,"tags":["n"]},{"word":"micrurgy","score":15166,"tags":["n"]},{"word":"rebellious","score":15166,"tags":["adj"]},{"word":"shoop","score":15166,"tags":["n","prop"]},{"word":"surface","score":15166,"tags":["n"]},{"word":"tab","score":15166,"tags":["n"]},{"word":"tabbed","score":15166,"tags":["v","adj"]},{"word":"version","score":15166,"tags":["n"]},{"word":"client","score":14926,"tags":["n"]},{"word":"corruption","score":14926,"tags":["n"]},{"word":"data","score":14926,"tags":["n"]},{"word":"doctor","score":14926,"tags":["n"]},{"word":"finger","score":14926,"tags":["n"]},{"word":"genetic","score":14926,"tags":["adj"]},{"word":"knockout","score":14926,"tags":["n"]},{"word":"lock","score":14926,"tags":["n","v"]},{"word":"massage","score":14926,"tags":["n"]},{"word":"masturbation","score":14926,"tags":["n"]},{"word":"pass","score":14926,"tags":["v","n"]},{"word":"passed","score":14926,"tags":["v"]},{"word":"prolog","score":14926,"tags":["n"]},{"word":"pun","score":14926,"tags":["n"]},{"word":"squeeze","score":14926,"tags":["v","n"]},{"word":"absorb","score":14476,"tags":["v"]},{"word":"aerial","score":14476,"tags":["adj","n"]},{"word":"alarm","score":14476,"tags":["n"]},{"word":"amuse","score":14476,"tags":["v"]},{"word":"anchor light","score":14476,"tags":["n"]},{"word":"apostrophe","score":14476,"tags":["n"]},{"word":"argon","score":14476,"tags":["n"]},{"word":"arson","score":14476,"tags":["n"]},{"word":"automatic","score":14476,"tags":["adj","n"]},{"word":"badminton","score":14476,"tags":["n"]},{"word":"base","score":14476,"tags":["n"]},{"word":"binocular microscope","score":14476,"tags":["n"]},{"word":"blow","score":14476,"tags":["n","v"]},{"word":"break","score":14476,"tags":["v","n"]},{"word":"brush","score":14476,"tags":["n"]},{"word":"burn","score":14476,"tags":["v","n"]},{"word":"canoe","score":14476,"tags":["n"]},{"word":"chaff","score":14476,"tags":["n"]},{"word":"chaffing","score":14476,"tags":["v","n"]},{"word":"chiaroscuro","score":14476,"tags":["n"]},{"word":"click","score":14476,"tags":["v","n"]},{"word":"clicking","score":14476,"tags":["v"]},{"word":"collimate","score":14476,"tags":["v"]},{"word":"colour","score":14476,"tags":["n"]},{"word":"comedy","score":14476,"tags":["n"]},{"word":"cord","score":14476,"tags":["n"]},{"word":"cut","score":14476,"tags":["v","n"]},{"word":"darkness","score":14476,"tags":["n"]},{"word":"diaphragm","score":14476,"tags":["n"]},{"word":"diffraction","score":14476,"tags":["n"]},{"word":"digestion","score":14476,"tags":["n"]},{"word":"dim-out","score":14476},{"word":"dimmer","score":14476,"tags":["n"]},{"word":"direct","score":14476,"tags":["adj"]},{"word":"directing","score":14476,"tags":["adj"]},{"word":"directionally","score":14476,"tags":["adv"]},{"word":"dodge","score":14476,"tags":["n","v","prop"]},{"word":"draw","score":14476,"tags":["v"]}]