[{"word":"anthropophagite","score":71780,"tags":["syn","n"]},{"word":"anthropophagus","score":71780,"tags":["syn","n"]},{"word":"man-eater","score":71780,"tags":["syn","n"]},{"word":"savages","score":51241,"tags":["n"]},{"word":"cannibalism","score":51240,"tags":["n"]},{"word":"marauders","score":51239,"tags":["n"]},{"word":"beasties","score":51238,"tags":["n"]},{"word":"slavers","score":51237,"tags":["n"]},{"word":"dodos","score":51236,"tags":["n"]},{"word":"devils","score":51235,"tags":["n"]},{"word":"vampires","score":51234,"tags":["n"]},{"word":"zombies","score":51233,"tags":["n"]},{"word":"undead","score":51232,"tags":["n"]},{"word":"monsters","score":51231,"tags":["n"]},{"word":"mongooses","score":51230,"tags":["n"]},{"word":"hyenas","score":51229,"tags":["n"]},{"word":"werewolves","score":51228,"tags":["n"]},{"word":"hillbillies","score":51227,"tags":["n"]},{"word":"cassowaries","score":51226,"tags":["n"]},{"word":"succubi","score":51225,"tags":["n"]},{"word":"hobbits","score":51224,"tags":["n"]},{"word":"beasts","score":51223,"tags":["n"]},{"word":"hottentots","score":51222,"tags":["n"]},{"word":"bushwhackers","score":51221,"tags":["n"]},{"word":"brutes","score":51220,"tags":["n"]},{"word":"pygmies","score":51219,"tags":["n"]},{"word":"witches","score":51218,"tags":["n","v"]},{"word":"amalekite","score":51217,"tags":["n","prop"]},{"word":"creatures","score":51216,"tags":["n"]},{"word":"rednecks","score":51215,"tags":["n"]},{"word":"ogres","score":51214,"tags":["n"]},{"word":"aborigines","score":51213,"tags":["n"]},{"word":"martians","score":51212,"tags":["n","prop"]},{"word":"subhumans","score":51211,"tags":["n"]},{"word":"witchetty grub","score":51210,"tags":["n"]},{"word":"komodo dragon","score":51209,"tags":["n","prop"]},{"word":"cavemen","score":51208,"tags":["n"]},{"word":"barbarian","score":51207,"tags":["n"]},{"word":"duppy","score":51206,"tags":["n"]},{"word":"pillagers","score":51205,"tags":["n"]},{"word":"psychos","score":51204,"tags":["n"]},{"word":"bandicoots","score":51203,"tags":["n"]},{"word":"finny","score":51202,"tags":["n","prop"]},{"word":"heathens","score":51201,"tags":["n"]},{"word":"gastropods","score":51200,"tags":["n"]},{"word":"apes","score":51199,"tags":["n"]},{"word":"yokels","score":51198,"tags":["n"]},{"word":"polecats","score":51197,"tags":["n"]},{"word":"lizard","score":51196,"tags":["n"]},{"word":"neanderthal","score":51195,"tags":["n","prop"]},{"word":"changelings","score":51194,"tags":["n"]},{"word":"confederate soldier","score":51193,"tags":["n"]},{"word":"crocodiles","score":51192,"tags":["n"]},{"word":"squids","score":51191,"tags":["n"]},{"word":"aliens","score":51190,"tags":["n"]},{"word":"carnivores","score":51189,"tags":["n"]},{"word":"bushbuck","score":51188,"tags":["n"]},{"word":"scorpions","score":51187,"tags":["n"]},{"word":"zebu","score":51186,"tags":["n"]},{"word":"vipers","score":51185,"tags":["n"]},{"word":"ghouls","score":51184,"tags":["n"]},{"word":"wild boar","score":51183,"tags":["n"]},{"word":"gluttons","score":51182,"tags":["n"]},{"word":"injun","score":51181,"tags":["n","prop"]},{"word":"xhosas","score":51180,"tags":["n","prop"]},{"word":"goblin","score":51179,"tags":["n"]},{"word":"mambas","score":51178,"tags":["n"]},{"word":"picts","score":51177,"tags":["n","prop"]},{"word":"mutineer","score":51176,"tags":["n"]},{"word":"deinonychus","score":51175,"tags":["n"]},{"word":"raving mad","score":51174,"tags":["n"]},{"word":"noble savage","score":51173,"tags":["n"]},{"word":"bunyip","score":51172,"tags":["n"]},{"word":"kraken","score":51171,"tags":["n"]},{"word":"solenodon","score":51170,"tags":["n"]},{"word":"buccaneers","score":51169,"tags":["n"]},{"word":"drunkards","score":51168,"tags":["n"]},{"word":"desperadoes","score":51167,"tags":["n"]},{"word":"ancestors","score":51166,"tags":["n"]},{"word":"buffalo","score":51165,"tags":["n"]},{"word":"drongos","score":51164,"tags":["n"]},{"word":"ruffians","score":51163,"tags":["n"]},{"word":"dinosaurs","score":51162,"tags":["n"]},{"word":"honey badger","score":51161,"tags":["n"]},{"word":"melanesians","score":51160,"tags":["n","prop"]},{"word":"frontiersmen","score":51159,"tags":["n"]},{"word":"flightless bird","score":51158,"tags":["n"]},{"word":"anteaters","score":51157,"tags":["n"]},{"word":"cyclopes","score":51156,"tags":["n"]},{"word":"gall wasp","score":51155,"tags":["n"]},{"word":"weasels","score":51154,"tags":["n"]},{"word":"gangsters","score":51153,"tags":["n"]},{"word":"quoll","score":51152,"tags":["n"]},{"word":"swineherd","score":51151,"tags":["n"]},{"word":"ursus","score":51150,"tags":["n","prop"]},{"word":"lepers","score":51149,"tags":["n"]},{"word":"mongrels","score":51148,"tags":["n"]},{"word":"wenches","score":51147,"tags":["n"]},{"word":"lunatics","score":51146,"tags":["n"]},{"word":"satanists","score":51145,"tags":["n"]}]