[{"word":"slug","score":10768,"tags":["n"]},{"word":"slugging","score":10768,"tags":["v","n"]},{"word":"algae","score":10718,"tags":["n"]},{"word":"dirt","score":10718,"tags":["n"]},{"word":"filth","score":10718,"tags":["n"]},{"word":"sebaceous","score":10618,"tags":["adj"]},{"word":"arytenoid","score":10592,"tags":["n"]},{"word":"glanders","score":10592,"tags":["n"]},{"word":"hormone","score":10592,"tags":["n"]},{"word":"scrofula","score":10592,"tags":["n"]},{"word":"secretion","score":10592,"tags":["n"]},{"word":"barb","score":10580,"tags":["n"]},{"word":"cervical glands","score":10580,"tags":["n"]},{"word":"cervical glands of the uterus","score":10580,"tags":["n"]},{"word":"cortisone","score":10580,"tags":["n"]},{"word":"gastrin","score":10580,"tags":["n"]},{"word":"glandulae cervicales uteri","score":10580,"tags":["n"]},{"word":"lacteal","score":10580,"tags":["adj","n"]},{"word":"mucilaginous","score":10580,"tags":["adj"]},{"word":"mucin","score":10580,"tags":["n"]},{"word":"nabothian gland","score":10580,"tags":["n"]},{"word":"palatine","score":10580,"tags":["n"]},{"word":"rheum","score":10580,"tags":["n"]},{"word":"saliva","score":10580,"tags":["n"]},{"word":"semen","score":10580,"tags":["n"]},{"word":"spit","score":10580,"tags":["v"]},{"word":"spitting","score":10580,"tags":["n"]},{"word":"spittle","score":10580,"tags":["n"]},{"word":"avoider","score":10567,"tags":["n"]},{"word":"binder","score":10567,"tags":["n"]},{"word":"boiler","score":10567,"tags":["n"]},{"word":"caster","score":10567,"tags":["n"]},{"word":"cauldron","score":10567,"tags":["n"]},{"word":"cooler","score":10567,"tags":["n"]},{"word":"cram","score":10567,"tags":["v"]},{"word":"cramming","score":10567,"tags":["v","n"]},{"word":"crawl","score":10567,"tags":["v","n"]},{"word":"creeps","score":10567,"tags":["n"]},{"word":"dogs","score":10567,"tags":["n"]},{"word":"duct","score":10567,"tags":["n"]},{"word":"equipment","score":10567,"tags":["n"]},{"word":"forge","score":10567,"tags":["v","n"]},{"word":"gear","score":10567,"tags":["n"]},{"word":"glandule","score":10567,"tags":["n"]},{"word":"glue","score":10567,"tags":["n"]},{"word":"glutinous","score":10567,"tags":["adj"]},{"word":"hell","score":10567,"tags":["n"]},{"word":"instinct","score":10567,"tags":["n"]},{"word":"intervene","score":10567,"tags":["v"]},{"word":"intervening","score":10567,"tags":["adj"]},{"word":"jazz","score":10567,"tags":["n"]},{"word":"lenticel","score":10567,"tags":["n"]},{"word":"lumber","score":10567,"tags":["n"]},{"word":"lymphatic","score":10567,"tags":["adj"]},{"word":"material","score":10567,"tags":["n"]},{"word":"mess","score":10567,"tags":["n"]},{"word":"nest","score":10567,"tags":["n"]},{"word":"nonsense","score":10567,"tags":["n"]},{"word":"overlap","score":10567,"tags":["n","v"]},{"word":"pancreas","score":10567,"tags":["n"]},{"word":"paraphernalia","score":10567,"tags":["n"]},{"word":"receiver","score":10567,"tags":["n"]},{"word":"rubbish","score":10567,"tags":["n"]},{"word":"scrawl","score":10567,"tags":["n","v"]},{"word":"scrawled","score":10567,"tags":["adj"]},{"word":"secretory","score":10567,"tags":["adj"]},{"word":"seether","score":10567,"tags":["n"]},{"word":"shape","score":10567,"tags":["n"]},{"word":"shaped","score":10567,"tags":["adj"]},{"word":"shaping","score":10567,"tags":["n","adj"]},{"word":"shitting","score":10567,"tags":["n"]},{"word":"soil","score":10567,"tags":["n"]},{"word":"steeper","score":10567,"tags":["n"]},{"word":"strap","score":10567,"tags":["n"]},{"word":"stuffed","score":10567,"tags":["adj"]},{"word":"sublingual gland","score":10567,"tags":["n"]},{"word":"sublingual salivary gland","score":10567,"tags":["n"]},{"word":"sweeping","score":10567,"tags":["n","adj"]},{"word":"together","score":10567,"tags":["adv"]},{"word":"tub","score":10567,"tags":["n"]},{"word":"vessel","score":10567,"tags":["n"]},{"word":"wad","score":10567,"tags":["n"]},{"word":"alveolus","score":10542,"tags":["n"]},{"word":"ampulla","score":10542,"tags":["n"]},{"word":"breast","score":10542,"tags":["n"]},{"word":"crypt","score":10542,"tags":["n"]},{"word":"drosera","score":10542,"tags":["n"]},{"word":"eggs","score":10542,"tags":["n"]},{"word":"epithelium","score":10542,"tags":["n"]},{"word":"gland","score":10542,"tags":["n"]},{"word":"pituitary","score":10542,"tags":["n","adj"]},{"word":"skunk","score":10542,"tags":["n"]},{"word":"sty","score":10542,"tags":["n"]},{"word":"sweat","score":10542,"tags":["n"]},{"word":"tear","score":10542,"tags":["v"]},{"word":"tearing","score":10542,"tags":["n","adj"]},{"word":"ball","score":10530,"tags":["n"]},{"word":"cystic fibrosis","score":10530,"tags":["n"]},{"word":"efferent","score":10530,"tags":["adj"]},{"word":"egg","score":10530,"tags":["n"]}]