[{"word":"solitary wave","score":10733,"tags":["n"]},{"word":"soliton","score":10733,"tags":["n"]},{"word":"soliton wave","score":10733,"tags":["n"]},{"word":"abdominal nerve plexus","score":10672,"tags":["n"]},{"word":"admiral","score":10672,"tags":["n"]},{"word":"ama","score":10672,"tags":["n","prop"]},{"word":"apatura","score":10672,"tags":["n","prop"]},{"word":"assorted","score":10672,"tags":["adj"]},{"word":"batch","score":10672,"tags":["n"]},{"word":"birdwing","score":10672,"tags":["n","v"]},{"word":"blunger","score":10672,"tags":["n"]},{"word":"bologna sausage","score":10672,"tags":["n","prop"]},{"word":"brittle","score":10672,"tags":["adj"]},{"word":"brush-footed butterfly","score":10672,"tags":["n"]},{"word":"buddleia","score":10672,"tags":["n"]},{"word":"bulimarexia","score":10672,"tags":["n"]},{"word":"canal","score":10672,"tags":["n"]},{"word":"capital flight","score":10672},{"word":"carnival","score":10672,"tags":["n"]},{"word":"cement mixer","score":10672,"tags":["n"]},{"word":"circus","score":10672,"tags":["n"]},{"word":"clearcole","score":10672},{"word":"coal","score":10672,"tags":["n"]},{"word":"coeliac plexus","score":10672,"tags":["n"]},{"word":"concern","score":10672,"tags":["n"]},{"word":"concrete mixer","score":10672,"tags":["n"]},{"word":"crater","score":10672,"tags":["n"]},{"word":"cratered","score":10672,"tags":["v","adj"]},{"word":"distemper","score":10672,"tags":["n"]},{"word":"doll","score":10672,"tags":["n"]},{"word":"dramatically","score":10672,"tags":["adv"]},{"word":"drench","score":10672,"tags":["v"]},{"word":"emperor","score":10672,"tags":["n"]},{"word":"entropy","score":10672,"tags":["n"]},{"word":"family nymphalidae","score":10672,"tags":["n"]},{"word":"firedamp","score":10672,"tags":["n"]},{"word":"four-footed butterfly","score":10672,"tags":["n"]},{"word":"fritillary","score":10672,"tags":["n"]},{"word":"funiculus","score":10672,"tags":["n"]},{"word":"genus apatura","score":10672,"tags":["n","prop"]},{"word":"genus strymon","score":10672,"tags":["n","prop"]},{"word":"grayling","score":10672,"tags":["n","v"]},{"word":"hemochromatosis","score":10672,"tags":["n"]},{"word":"hyperbaric chamber","score":10672,"tags":["n"]},{"word":"hypoproteinemia","score":10672,"tags":["n"]},{"word":"integer","score":10672,"tags":["n"]},{"word":"ios","score":10672,"tags":["n"]},{"word":"jaundice","score":10672,"tags":["n"]},{"word":"jets","score":10672,"tags":["n"]},{"word":"leaven","score":10672,"tags":["n"]},{"word":"lepidopteran","score":10672,"tags":["n"]},{"word":"macroglossia","score":10672,"tags":["n"]},{"word":"megavitamin therapy","score":10672,"tags":["n"]},{"word":"melatonin","score":10672,"tags":["n"]},{"word":"middling","score":10672,"tags":["n"]},{"word":"morpho","score":10672,"tags":["adj","n"]},{"word":"normal","score":10672,"tags":["adj"]},{"word":"number","score":10672,"tags":["n"]},{"word":"numbering","score":10672,"tags":["n"]},{"word":"numbing","score":10672,"tags":["adj"]},{"word":"nymphalid","score":10672,"tags":["n"]},{"word":"nymphalid butterfly","score":10672,"tags":["n"]},{"word":"nymphalidae","score":10672,"tags":["n"]},{"word":"off-white","score":10672,"tags":["n","adj"]},{"word":"orthomolecular","score":10672,"tags":["n","adj"]},{"word":"pecking","score":10672,"tags":["v","n"]},{"word":"plethysmograph","score":10672,"tags":["n"]},{"word":"plexus celiacus","score":10672,"tags":["n"]},{"word":"point off","score":10672},{"word":"polycythemia","score":10672,"tags":["n"]},{"word":"polyuria","score":10672,"tags":["n"]},{"word":"porphyria","score":10672,"tags":["n"]},{"word":"poster color","score":10672,"tags":["n"]},{"word":"poster colour","score":10672,"tags":["n"]},{"word":"poster paint","score":10672,"tags":["n"]},{"word":"purple","score":10672,"tags":["adj","n"]},{"word":"purples","score":10672,"tags":["n"]},{"word":"quicksand","score":10672,"tags":["n"]},{"word":"riot","score":10672,"tags":["n"]},{"word":"rioting","score":10672,"tags":["n"]},{"word":"rumination","score":10672,"tags":["n"]},{"word":"schizophrenia","score":10672,"tags":["n"]},{"word":"seiche","score":10672,"tags":["n"]},{"word":"shrub","score":10672,"tags":["n"]},{"word":"sludge","score":10672,"tags":["n"]},{"word":"small","score":10672,"tags":["adj"]},{"word":"solar plexus","score":10672,"tags":["n","prop"]},{"word":"steatorrhea","score":10672,"tags":["n"]},{"word":"steward","score":10672,"tags":["n"]},{"word":"strain","score":10672,"tags":["n"]},{"word":"strymon","score":10672,"tags":["n","prop"]},{"word":"sulphur","score":10672,"tags":["n"]},{"word":"swallowtail","score":10672,"tags":["n"]},{"word":"tempera","score":10672,"tags":["n"]},{"word":"terminate","score":10672,"tags":["v"]},{"word":"terminated","score":10672,"tags":["adj"]},{"word":"terminating","score":10672,"tags":["v"]},{"word":"thalassemia","score":10672,"tags":["n"]},{"word":"thecla","score":10672,"tags":["n","prop"]},{"word":"tsunami","score":10672,"tags":["n"]}]