[{"word":"creeper","score":12455,"tags":["n"]},{"word":"hook","score":12412,"tags":["n"]},{"word":"lure","score":12412,"tags":["n","v"]},{"word":"otter","score":12412,"tags":["n"]},{"word":"snood","score":12412,"tags":["n"]},{"word":"tree","score":12412,"tags":["n"]},{"word":"triangle","score":12412,"tags":["n"]},{"word":"press","score":12258,"tags":["n"]},{"word":"bolt","score":12215,"tags":["n"]},{"word":"line","score":12215,"tags":["n"]},{"word":"second","score":12215,"tags":["adj","n"]},{"word":"tackle","score":12215,"tags":["v","n"]},{"word":"treed","score":12215,"tags":["adj"]},{"word":"draught","score":12204,"tags":["n"]},{"word":"grapple","score":11433,"tags":["v"]},{"word":"hooker","score":11433,"tags":["n"]},{"word":"hooking","score":11433,"tags":["n"]},{"word":"jig","score":11433,"tags":["n"]},{"word":"jook","score":11433,"tags":["n"]},{"word":"lace","score":11433,"tags":["n"]},{"word":"nuthook","score":11433},{"word":"retinaculum","score":11433,"tags":["n"]},{"word":"smee","score":11433,"tags":["n","prop"]},{"word":"bob","score":11390,"tags":["n","prop"]},{"word":"claws","score":11390,"tags":["n"]},{"word":"eye","score":11390,"tags":["n"]},{"word":"eyelet","score":11390,"tags":["n"]},{"word":"eyes","score":11390,"tags":["n"]},{"word":"gig","score":11390,"tags":["n"]},{"word":"grapnel","score":11390,"tags":["n"]},{"word":"hooked","score":11390,"tags":["adj"]},{"word":"jigger","score":11390,"tags":["n"]},{"word":"plugged","score":11390,"tags":["adj"]},{"word":"seize","score":11390,"tags":["v"]},{"word":"spinner","score":11390,"tags":["n"]},{"word":"tenter","score":11390,"tags":["n"]},{"word":"trawl","score":11390,"tags":["n"]},{"word":"use","score":11390,"tags":["n","v"]},{"word":"bungee cord","score":11237,"tags":["n"]},{"word":"caterpillar","score":11237,"tags":["n"]},{"word":"closet","score":11237,"tags":["n"]},{"word":"dogger","score":11237,"tags":["n","prop"]},{"word":"lifter","score":11237,"tags":["n"]},{"word":"pair of tongs","score":11237,"tags":["n"]},{"word":"pressed","score":11237,"tags":["adj"]},{"word":"proleg","score":11237,"tags":["n"]},{"word":"tongs","score":11237,"tags":["n"]},{"word":"unguiculated","score":11237,"tags":["adj"]},{"word":"unguis","score":11237,"tags":["n"]},{"word":"wardrobe","score":11237,"tags":["n"]},{"word":"acanthocephala","score":11194,"tags":["n"]},{"word":"beck","score":11194,"tags":["n","prop"]},{"word":"box","score":11194,"tags":["n"]},{"word":"bur","score":11194,"tags":["n"]},{"word":"burr","score":11194,"tags":["n"]},{"word":"fleet","score":11194,"tags":["n"]},{"word":"gang","score":11194,"tags":["n"]},{"word":"hands","score":11194,"tags":["n"]},{"word":"hymenoptera","score":11194,"tags":["n"]},{"word":"keyboard","score":11194,"tags":["n"]},{"word":"keyboarding","score":11194,"tags":["v","n","adj"]},{"word":"lacing","score":11194,"tags":["n"]},{"word":"paternoster","score":11194,"tags":["n"]},{"word":"seconds","score":11194,"tags":["n"]},{"word":"sling","score":11194,"tags":["n","v"]},{"word":"slinging","score":11194,"tags":["n"]},{"word":"trawling","score":11194,"tags":["n","v"]},{"word":"albatross","score":11061,"tags":["n"]},{"word":"bridge","score":11061,"tags":["n"]},{"word":"bridged","score":11061,"tags":["v"]},{"word":"bridging","score":11061,"tags":["v","n"]},{"word":"chain","score":11061,"tags":["n"]},{"word":"chaining","score":11061,"tags":["v","n"]},{"word":"dof","score":11061,"tags":["n"]},{"word":"dog","score":11061,"tags":["n"]},{"word":"dogs","score":11061,"tags":["n"]},{"word":"eagle","score":11061,"tags":["n"]},{"word":"gull","score":11061,"tags":["n"]},{"word":"gulls","score":11061,"tags":["n"]},{"word":"halberd","score":11061,"tags":["n"]},{"word":"lanyard","score":11061,"tags":["n"]},{"word":"link","score":11061,"tags":["n","v"]},{"word":"linking","score":11061,"tags":["v"]},{"word":"measure","score":11061,"tags":["n","v"]},{"word":"peavey","score":11061,"tags":["n"]},{"word":"spider","score":11061,"tags":["n"]},{"word":"split","score":11061,"tags":["v","n"]},{"word":"whipsaw","score":11061,"tags":["n","v"]},{"word":"barndoor skate","score":11051,"tags":["n"]},{"word":"cormorant","score":11051,"tags":["n"]},{"word":"crozier","score":11051,"tags":["n"]},{"word":"raja laevis","score":11051,"tags":["n"]},{"word":"alley","score":11040,"tags":["n"]},{"word":"ankle","score":11040,"tags":["n"]},{"word":"armilla","score":11040,"tags":["n"]},{"word":"bailor","score":11040,"tags":["n"]},{"word":"band","score":11040,"tags":["n"]},{"word":"banded","score":11040,"tags":["adj"]},{"word":"barrel organ","score":11040,"tags":["n"]},{"word":"beak","score":11040,"tags":["n"]}]