[{"word":"lichen","score":18384,"tags":["n"]},{"word":"algae","score":17364,"tags":["n"]},{"word":"chlorophyll","score":17364,"tags":["n"]},{"word":"chloroplast","score":17364,"tags":["n"]},{"word":"phytoplankton","score":17364,"tags":["n"]},{"word":"plastid","score":17364,"tags":["n"]},{"word":"cyanobacterium","score":16354,"tags":["n"]},{"word":"parenchyma","score":16354,"tags":["n"]},{"word":"alga","score":16314,"tags":["n"]},{"word":"animal","score":16314,"tags":["n"]},{"word":"producer","score":16314,"tags":["n"]},{"word":"eating","score":15304,"tags":["n"]},{"word":"leaf","score":15304,"tags":["n"]},{"word":"mesophyll","score":15304,"tags":["n"]},{"word":"photic","score":15304,"tags":["adj"]},{"word":"assimilation","score":15264,"tags":["n"]},{"word":"euphotic","score":15264,"tags":["adj"]},{"word":"phloem","score":15264,"tags":["n"]},{"word":"autotrophic","score":11354,"tags":["adj"]},{"word":"cyanobacteria","score":11354,"tags":["n"]},{"word":"ferredoxin","score":11354,"tags":["n"]},{"word":"holophytic","score":11354,"tags":["adj"]},{"word":"nonphotosynthetic","score":11354,"tags":["adj"]},{"word":"photorespiration","score":11354,"tags":["n"]},{"word":"plant","score":11354,"tags":["n"]},{"word":"aerobic","score":11104,"tags":["adj"]},{"word":"catches","score":11104,"tags":["v","n"]},{"word":"colouring","score":11104,"tags":["n"]},{"word":"micro","score":11104,"tags":["adj"]},{"word":"bacteriochlorophyll","score":10304,"tags":["n"]},{"word":"blue-green algae","score":10304,"tags":["n"]},{"word":"bryophyte","score":10304,"tags":["n"]},{"word":"carbohydrate","score":10304,"tags":["n"]},{"word":"chlorophyl","score":10304,"tags":["n"]},{"word":"class cyanobacteria","score":10304,"tags":["n"]},{"word":"class cyanophyceae","score":10304,"tags":["n","prop"]},{"word":"cyanobacterial","score":10304,"tags":["adj"]},{"word":"cyanophyceae","score":10304,"tags":["n","prop"]},{"word":"cyanophyte","score":10304,"tags":["adj"]},{"word":"dinoflagellate","score":10304,"tags":["n"]},{"word":"order pseudomonadales","score":10304,"tags":["n"]},{"word":"phycology","score":10304,"tags":["n"]},{"word":"plastocyanin","score":10304,"tags":["n"]},{"word":"plastoquinone","score":10304,"tags":["n"]},{"word":"pseudomonadales","score":10304,"tags":["n"]},{"word":"admin","score":9254,"tags":["n"]},{"word":"allotrophic","score":9254},{"word":"aphotic","score":9254,"tags":["adj"]},{"word":"atrazine","score":9254,"tags":["n"]},{"word":"autophytic","score":9254,"tags":["adj"]},{"word":"bioenergetics","score":9254,"tags":["n"]},{"word":"biomimetics","score":9254,"tags":["n"]},{"word":"calvin","score":9254,"tags":["n","prop"]},{"word":"carbon dioxide","score":9254,"tags":["n"]},{"word":"carbonic acid gas","score":9254,"tags":["n"]},{"word":"chemosynthesis","score":9254,"tags":["n"]},{"word":"chlorella","score":9254,"tags":["n"]},{"word":"co2","score":9254,"tags":["n"]},{"word":"dark reaction","score":9254},{"word":"epipelagic","score":9254,"tags":["adj"]},{"word":"foliage","score":9254,"tags":["n"]},{"word":"hemiparasite","score":9254,"tags":["n"]},{"word":"leafage","score":9254,"tags":["n"]},{"word":"light reaction","score":9254,"tags":["n"]},{"word":"melvin calvin","score":9254,"tags":["n","prop"]},{"word":"moneran","score":9254,"tags":["n","adj"]},{"word":"moneron","score":9254,"tags":["n"]},{"word":"paraquat","score":9254,"tags":["n"]},{"word":"photosynthate","score":9254,"tags":["n"]},{"word":"photosynthesize","score":9254,"tags":["v"]},{"word":"photosystem","score":9254,"tags":["n"]},{"word":"protist","score":9254,"tags":["n"]},{"word":"rubisco","score":9254,"tags":["n"]},{"word":"seaweed","score":9254,"tags":["n"]},{"word":"semiparasitic","score":9254,"tags":["adj"]},{"word":"starch","score":9254,"tags":["n"]},{"word":"thylakoid","score":9254,"tags":["n"]},{"word":"transduction","score":9254,"tags":["n"]},{"word":"zooflagellate","score":9254,"tags":["n"]},{"word":"zoomastigote","score":9254,"tags":["n"]},{"word":"absorptive","score":5050,"tags":["adj"]},{"word":"assimilatory","score":5050,"tags":["adj"]},{"word":"bacteria","score":5050,"tags":["n"]},{"word":"biosynthetic","score":5050,"tags":["adj"]},{"word":"co","score":5050,"tags":["n"]},{"word":"contractile","score":5050,"tags":["adj"]},{"word":"counts","score":5050,"tags":["n","v"]},{"word":"cts","score":5050,"tags":["n"]},{"word":"degradative","score":5050,"tags":["adj","n"]},{"word":"durables","score":5050,"tags":["n"]},{"word":"endocytic","score":5050,"tags":["adj"]},{"word":"enzymatic","score":5050,"tags":["adj"]},{"word":"enzymic","score":5050,"tags":["adj"]},{"word":"f","score":5050,"tags":["n"]},{"word":"fermentative","score":5050,"tags":["adj"]},{"word":"forming","score":5050,"tags":["v"]},{"word":"glycolytic","score":5050,"tags":["adj","n"]},{"word":"granular","score":5050,"tags":["adj"]},{"word":"heterotrophic","score":5050,"tags":["adj"]},{"word":"hydro","score":5050,"tags":["n","adj"]}]