[{"word":"strange","score":104750,"tags":["syn","adj"]},{"word":"unusual","score":93870,"tags":["syn","adj"]},{"word":"uncanny","score":92057,"tags":["syn","adj"]},{"word":"supernatural","score":90645,"tags":["syn","adj"]},{"word":"eldritch","score":88448,"tags":["syn","adj","prop"]},{"word":"unearthly","score":88276,"tags":["syn","adj"]},{"word":"wyrd","score":85029,"tags":["syn","n"]},{"word":"freaky","score":76512,"tags":["adj"]},{"word":"crazy","score":74332,"tags":["adj"]},{"word":"funny","score":73067,"tags":["adj"]},{"word":"creepy","score":72833,"tags":["adj"]},{"word":"bizarre","score":72678,"tags":["adj"]},{"word":"odd","score":72251,"tags":["adj"]},{"word":"silly","score":71458,"tags":["adj"]},{"word":"weirdo","score":70755,"tags":["n"]},{"word":"peculiar","score":70273,"tags":["adj"]},{"word":"screwy","score":70092,"tags":["adj"]},{"word":"quirky","score":69476,"tags":["adj"]},{"word":"stupid","score":68632,"tags":["adj"]},{"word":"bizarro","score":68567,"tags":["n"]},{"word":"spooky","score":68409,"tags":["adj"]},{"word":"insane","score":68382,"tags":["adj"]},{"word":"disgusting","score":68182,"tags":["adj"]},{"word":"hilarious","score":68171,"tags":["adj"]},{"word":"amazing","score":68146,"tags":["adj"]},{"word":"awkward","score":68139,"tags":["adj"]},{"word":"amusing","score":67722,"tags":["adj"]},{"word":"curious","score":67612,"tags":["adj"]},{"word":"freak","score":67487,"tags":["n"]},{"word":"funky","score":67315,"tags":["adj"]},{"word":"eerie","score":67246,"tags":["adj"]},{"word":"fun","score":67244,"tags":["n"]},{"word":"mad","score":66517,"tags":["adj"]},{"word":"wacko","score":66485,"tags":["n"]},{"word":"cool","score":66443,"tags":["adj"]},{"word":"outlandish","score":66312,"tags":["adj"]},{"word":"surprising","score":65950,"tags":["adj"]},{"word":"freaks","score":65798,"tags":["n"]},{"word":"confusing","score":65726,"tags":["adj"]},{"word":"intriguing","score":65717,"tags":["adj"]},{"word":"strangely","score":65586,"tags":["adv"]},{"word":"oddly","score":65448,"tags":["adv"]},{"word":"fishy","score":65437,"tags":["adj"]},{"word":"sinister","score":65355,"tags":["adj"]},{"word":"eccentric","score":65295,"tags":["adj"]},{"word":"warped","score":64857,"tags":["adj"]},{"word":"twisted","score":64763,"tags":["adj"]},{"word":"quaint","score":64324,"tags":["adj"]},{"word":"disturbing","score":64166,"tags":["adj"]},{"word":"awfully","score":64107,"tags":["adv"]},{"word":"mysterious","score":63804,"tags":["adj"]},{"word":"bother","score":63428,"tags":["v"]},{"word":"tricky","score":63266,"tags":["adj"]},{"word":"aberrant","score":63203,"tags":["adj"]},{"word":"alien","score":63158,"tags":["adj"]},{"word":"embarrassing","score":63145,"tags":["adj"]},{"word":"exotic","score":62857,"tags":["adj"]},{"word":"nerdish","score":62771,"tags":["adj"]},{"word":"nosy","score":62682,"tags":["adj"]},{"word":"dirty","score":62467,"tags":["adj"]},{"word":"flaky","score":62419,"tags":["adj"]},{"word":"curiously","score":62413,"tags":["adv"]},{"word":"idiot","score":62406,"tags":["n"]},{"word":"wrong","score":62402,"tags":["adj"]},{"word":"embarrassed","score":62378,"tags":["adj"]},{"word":"abnormal","score":62217,"tags":["adj"]},{"word":"eery","score":62201,"tags":["adj"]},{"word":"nuts","score":62166,"tags":["adj"]},{"word":"wild","score":61986,"tags":["adj"]},{"word":"surprised","score":61774,"tags":["adj"]},{"word":"sketchy","score":61727,"tags":["adj"]},{"word":"random","score":61720,"tags":["adj"]},{"word":"stranger","score":61475,"tags":["n"]},{"word":"delirious","score":61429,"tags":["adj"]},{"word":"queer","score":61360,"tags":["adj"]},{"word":"droll","score":61285,"tags":["adj"]},{"word":"fool","score":61049,"tags":["n"]},{"word":"sick","score":60946,"tags":["adj"]},{"word":"murky","score":60844,"tags":["adj"]},{"word":"unexpected","score":60313,"tags":["adj"]},{"word":"normal","score":60288,"tags":["adj"]},{"word":"suspicious","score":60282,"tags":["adj"]},{"word":"crooked","score":60026,"tags":["adj"]},{"word":"extraneous","score":59332,"tags":["adj"]},{"word":"mystery","score":59013,"tags":["n"]},{"word":"erratic","score":58949,"tags":["adj"]},{"word":"organism","score":58647,"tags":["n"]},{"word":"phoney","score":58419,"tags":["adj"]},{"word":"inquisitive","score":57896,"tags":["adj"]},{"word":"bent","score":57856,"tags":["adj"]},{"word":"mike","score":55798,"tags":["n","prop"]},{"word":"hogarth","score":55477,"tags":["n","prop"]},{"word":"lodgepole","score":54566,"tags":["n"]},{"word":"far-fetched","score":51205,"tags":["adj"]},{"word":"funny-looking","score":51205,"tags":["adj"]},{"word":"no-good","score":51205,"tags":["adj"]},{"word":"squirrelly","score":51205,"tags":["adj"]},{"word":"scary","score":51198,"tags":["adj"]},{"word":"surreal","score":51196,"tags":["adj"]},{"word":"wacky","score":51195,"tags":["adj"]}]