[{"word":"dismantle","score":107345,"tags":["syn","v"]},{"word":"break up","score":92665,"tags":["syn","v"]},{"word":"break apart","score":90294,"tags":["syn","v"]},{"word":"take apart","score":90294,"tags":["syn","v"]},{"word":"unbolt","score":88463,"tags":["v"]},{"word":"disassembly","score":88018,"tags":["n"]},{"word":"unscrew","score":86958,"tags":["v"]},{"word":"remove","score":84590,"tags":["v"]},{"word":"detach","score":83810,"tags":["v"]},{"word":"tear","score":81483,"tags":["v"]},{"word":"disarm","score":80625,"tags":["v"]},{"word":"disband","score":80366,"tags":["v"]},{"word":"undo","score":79870,"tags":["v"]},{"word":"dismount","score":79306,"tags":["v"]},{"word":"disconnect","score":77858,"tags":["v"]},{"word":"removal","score":77373,"tags":["n"]},{"word":"rattle","score":77029,"tags":["v"]},{"word":"extract","score":76473,"tags":["v"]},{"word":"demonstrate","score":76361,"tags":["v"]},{"word":"dissolve","score":76066,"tags":["v"]},{"word":"disarmament","score":73332,"tags":["n"]},{"word":"unseat","score":73106,"tags":["v"]},{"word":"kick","score":72895,"tags":["v"]},{"word":"strike","score":70809,"tags":["v"]},{"word":"unmount","score":70545,"tags":["v"]},{"word":"reassemble","score":70544,"tags":["v"]},{"word":"assemble","score":70542,"tags":["v","ant"]},{"word":"unpack","score":70539,"tags":["v"]},{"word":"deconstruct","score":70538,"tags":["v"]},{"word":"recondition","score":70537,"tags":["v"]},{"word":"reinstall","score":70536,"tags":["v"]},{"word":"stow","score":70534,"tags":["v","prop"]},{"word":"inspect","score":70533,"tags":["v"]},{"word":"unload","score":70532,"tags":["v"]},{"word":"dispose","score":70531,"tags":["v"]},{"word":"reattach","score":70530,"tags":["v"]},{"word":"unplug","score":70529,"tags":["v"]},{"word":"unhook","score":70528,"tags":["v"]},{"word":"refurbish","score":70527,"tags":["v"]},{"word":"discard","score":70526,"tags":["v"]},{"word":"rearrange","score":70525,"tags":["v"]},{"word":"decommission","score":70524,"tags":["v"]},{"word":"reconstruct","score":70523,"tags":["v"]},{"word":"jettison","score":70522,"tags":["v"]},{"word":"dismember","score":70521,"tags":["v"]},{"word":"decontaminate","score":70520,"tags":["v"]},{"word":"refinish","score":70519,"tags":["v"]},{"word":"destroy","score":70518,"tags":["v"]},{"word":"weld","score":70517,"tags":["v"]},{"word":"reassembling","score":70516,"tags":["v"]},{"word":"degrease","score":70515,"tags":["v"]},{"word":"install","score":70514,"tags":["v"]},{"word":"fabricate","score":70513,"tags":["v"]},{"word":"rewire","score":70512,"tags":["v"]},{"word":"reversible process","score":70511,"tags":["v"]},{"word":"sandblast","score":70510,"tags":["v"]},{"word":"repack","score":70509,"tags":["v"]},{"word":"dissemble","score":70508,"tags":["v"]},{"word":"uncrate","score":70507,"tags":["v"]},{"word":"rebind","score":70506,"tags":["v"]},{"word":"reassembled","score":70505,"tags":["v"]},{"word":"soldered","score":70504,"tags":["v"]},{"word":"braze","score":70503,"tags":["v"]},{"word":"configure","score":70501,"tags":["v"]},{"word":"reface","score":70500,"tags":["v"]},{"word":"hoist","score":70499,"tags":["v"]},{"word":"sanitize","score":70498,"tags":["v"]},{"word":"untwist","score":70497,"tags":["v"]},{"word":"reattaching","score":70496,"tags":["v"]},{"word":"reformat","score":70495,"tags":["v"]},{"word":"rusted","score":70494,"tags":["v"]},{"word":"reprogram","score":70493,"tags":["v"]},{"word":"unzip","score":70492,"tags":["v"]},{"word":"futz","score":70491,"tags":["v"]},{"word":"refold","score":70490,"tags":["v"]},{"word":"unhitch","score":70489,"tags":["v"]},{"word":"initialize","score":70488,"tags":["v"]},{"word":"reinspect","score":70487,"tags":["v"]},{"word":"debone","score":70486,"tags":["v"]},{"word":"recycle","score":70485,"tags":["v"]},{"word":"machined","score":70484,"tags":["v"]},{"word":"refurnish","score":70483,"tags":["v"]},{"word":"reeducate","score":70482,"tags":["v"]},{"word":"unroll","score":70481,"tags":["v"]},{"word":"unship","score":70480,"tags":["v"]},{"word":"attach","score":70479,"tags":["v"]},{"word":"degaussing","score":70478,"tags":["v"]},{"word":"excavate","score":70477,"tags":["v"]},{"word":"fasten","score":70476,"tags":["v"]},{"word":"modify","score":70475,"tags":["v"]},{"word":"sculpt","score":70474,"tags":["v"]},{"word":"depressurize","score":70473,"tags":["v"]},{"word":"incinerate","score":70472,"tags":["v"]},{"word":"recreate","score":70471,"tags":["v"]},{"word":"disable","score":70470,"tags":["v"]},{"word":"misalign","score":70469,"tags":["v"]},{"word":"repaint","score":70468,"tags":["v"]},{"word":"remold","score":70467,"tags":["v"]},{"word":"jimmied","score":70466,"tags":["v"]},{"word":"organize","score":70465,"tags":["v"]}]