[{"word":"wasp","score":27075,"tags":["n"]},{"word":"curare","score":18286,"tags":["n"]},{"word":"digger wasp","score":10330,"tags":["n"]},{"word":"stun","score":10202,"tags":["v"]},{"word":"cataplexy","score":10016,"tags":["n"]},{"word":"enervate","score":10016,"tags":["v"]},{"word":"maiming","score":10016,"tags":["v","n"]},{"word":"darting","score":9638,"tags":["v"]},{"word":"darts","score":9638,"tags":["n"]},{"word":"sting","score":9605,"tags":["n","v"]},{"word":"aversive","score":9584,"tags":["adj"]},{"word":"depressing","score":9584,"tags":["adj"]},{"word":"stifling","score":9584,"tags":["n"]},{"word":"dart","score":9571,"tags":["n","v"]},{"word":"hornet","score":9571,"tags":["n"]},{"word":"nettle","score":9571,"tags":["n"]},{"word":"asp","score":9526,"tags":["n"]},{"word":"venomous","score":9514,"tags":["adj"]},{"word":"envenomation","score":9497,"tags":["n"]},{"word":"banana split","score":9481,"tags":["n"]},{"word":"cheesecake","score":9481,"tags":["n"]},{"word":"hemlock","score":9481,"tags":["n"]},{"word":"pit","score":9481,"tags":["n"]},{"word":"pitting","score":9481,"tags":["n"]},{"word":"por","score":9481},{"word":"potted","score":9481,"tags":["adj"]},{"word":"remove","score":9481,"tags":["v"]},{"word":"removing","score":9481,"tags":["v"]},{"word":"scone","score":9481,"tags":["n"]},{"word":"soda","score":9481,"tags":["n"]},{"word":"soda cracker","score":9481,"tags":["n"]},{"word":"spectacle","score":9481,"tags":["n"]},{"word":"vuze","score":9481},{"word":"weed","score":9481,"tags":["n","v"]},{"word":"white-pot","score":9481},{"word":"snake","score":9447,"tags":["n"]},{"word":"spite","score":9447,"tags":["n"]},{"word":"agree","score":9431,"tags":["v"]},{"word":"spew","score":9431,"tags":["v"]},{"word":"ale","score":9414,"tags":["n"]},{"word":"bag","score":9414,"tags":["n"]},{"word":"bait","score":9414,"tags":["n"]},{"word":"black","score":9414,"tags":["adj","n"]},{"word":"break","score":9414,"tags":["v","n"]},{"word":"camembert","score":9414,"tags":["n"]},{"word":"canister","score":9414,"tags":["n"]},{"word":"car","score":9414,"tags":["n"]},{"word":"channel","score":9414,"tags":["n"]},{"word":"channelling","score":9414,"tags":["v","n"]},{"word":"channels","score":9414,"tags":["n"]},{"word":"chive","score":9414,"tags":["n"]},{"word":"coffee","score":9414,"tags":["n"]},{"word":"cone","score":9414,"tags":["n"]},{"word":"coupe","score":9414,"tags":["n"]},{"word":"cube","score":9414,"tags":["n"]},{"word":"cubes","score":9414,"tags":["n"]},{"word":"dash","score":9414,"tags":["n","v"]},{"word":"dish","score":9414,"tags":["n"]},{"word":"drug","score":9414,"tags":["n"]},{"word":"duct","score":9414,"tags":["n"]},{"word":"edge","score":9414,"tags":["n"]},{"word":"egg","score":9414,"tags":["n"]},{"word":"eliminate","score":9414,"tags":["v"]},{"word":"escallop","score":9414,"tags":["n"]},{"word":"eyes","score":9414,"tags":["n"]},{"word":"falx","score":9414,"tags":["n","adj"]},{"word":"feather","score":9414,"tags":["n"]},{"word":"fish","score":9414,"tags":["n"]},{"word":"flavor","score":9414,"tags":["n"]},{"word":"fleet","score":9414,"tags":["n"]},{"word":"float","score":9414,"tags":["n","v"]},{"word":"flower","score":9414,"tags":["n"]},{"word":"fluke","score":9414,"tags":["n"]},{"word":"fountain","score":9414,"tags":["n"]},{"word":"gall","score":9414,"tags":["n"]},{"word":"galled","score":9414,"tags":["adj"]},{"word":"glass","score":9414,"tags":["n"]},{"word":"gouda","score":9414,"tags":["n","prop"]},{"word":"hag","score":9414,"tags":["n"]},{"word":"harbor","score":9414,"tags":["n"]},{"word":"hood","score":9414,"tags":["n"]},{"word":"ice","score":9414,"tags":["n"]},{"word":"icterus","score":9414,"tags":["n"]},{"word":"irritant","score":9414,"tags":["n"]},{"word":"itch","score":9414,"tags":["n"]},{"word":"jar","score":9414,"tags":["n"]},{"word":"jerk","score":9414,"tags":["n","v"]},{"word":"kill","score":9414,"tags":["v"]},{"word":"killed","score":9414,"tags":["v"]},{"word":"lace","score":9414,"tags":["n"]},{"word":"lens","score":9414,"tags":["n"]},{"word":"lick","score":9414,"tags":["v","n"]},{"word":"liver","score":9414,"tags":["n"]},{"word":"malaria","score":9414,"tags":["n"]},{"word":"mama","score":9414,"tags":["n"]},{"word":"mangle","score":9414,"tags":["n","v"]},{"word":"murder","score":9414,"tags":["n"]},{"word":"napoleon","score":9414,"tags":["n","prop"]},{"word":"nest","score":9414,"tags":["n"]},{"word":"nettled","score":9414,"tags":["adj"]}]