[{"word":"celandine","score":11092,"tags":["n"]},{"word":"chick","score":11092,"tags":["n"]},{"word":"meconium","score":11092,"tags":["n"]},{"word":"opiate","score":11092,"tags":["n"]},{"word":"opium","score":11092,"tags":["n"]},{"word":"poppied","score":11092,"tags":["adj"]},{"word":"calyptra","score":10980,"tags":["n"]},{"word":"aventurine","score":10868,"tags":["n"]},{"word":"bend","score":10868,"tags":["n","v"]},{"word":"bended","score":10868,"tags":["adj"]},{"word":"bends","score":10868,"tags":["n"]},{"word":"bens","score":10868,"tags":["n"]},{"word":"cast","score":10868,"tags":["v","n"]},{"word":"cep","score":10868,"tags":["n","prop"]},{"word":"character","score":10868,"tags":["n"]},{"word":"corn","score":10868,"tags":["n"]},{"word":"crap","score":10868,"tags":["n"]},{"word":"craw","score":10868,"tags":["n"]},{"word":"crip","score":10868,"tags":["n"]},{"word":"crock","score":10868,"tags":["n"]},{"word":"cropped","score":10868,"tags":["adj"]},{"word":"decerp","score":10868},{"word":"desi","score":10868,"tags":["n"]},{"word":"family moraceae","score":10868,"tags":["n","prop"]},{"word":"father","score":10868,"tags":["n"]},{"word":"flavoured","score":10868,"tags":["adj"]},{"word":"gizzard","score":10868,"tags":["n"]},{"word":"golden syrup","score":10868,"tags":["n","prop"]},{"word":"gorge","score":10868,"tags":["n"]},{"word":"hep","score":10868,"tags":["adj"]},{"word":"jointworm","score":10868,"tags":["n"]},{"word":"keel","score":10868,"tags":["n"]},{"word":"knot","score":10868,"tags":["n"]},{"word":"knotting","score":10868,"tags":["v","n"]},{"word":"lactucarium","score":10868,"tags":["n"]},{"word":"lota","score":10868,"tags":["n"]},{"word":"maw","score":10868,"tags":["n"]},{"word":"mild","score":10868,"tags":["adj"]},{"word":"miter","score":10868,"tags":["n"]},{"word":"moraceae","score":10868,"tags":["n","prop"]},{"word":"mulberry family","score":10868,"tags":["n"]},{"word":"orangery","score":10868,"tags":["n"]},{"word":"over","score":10868,"tags":["n","adv"]},{"word":"pan","score":10868,"tags":["n"]},{"word":"papaverine","score":10868,"tags":["n"]},{"word":"plunge","score":10868,"tags":["v","n"]},{"word":"plunging","score":10868,"tags":["v"]},{"word":"proventriulus","score":10868},{"word":"regurgitate","score":10868,"tags":["v"]},{"word":"roach","score":10868,"tags":["n"]},{"word":"stomach","score":10868,"tags":["n"]},{"word":"teem","score":10868,"tags":["v"]},{"word":"tub","score":10868,"tags":["n"]},{"word":"vintage","score":10868,"tags":["n"]},{"word":"stem","score":10848,"tags":["n","v"]},{"word":"common","score":10746,"tags":["adj"]},{"word":"fire","score":10746,"tags":["n"]},{"word":"head","score":10746,"tags":["n"]},{"word":"pole","score":10746,"tags":["n"]},{"word":"root","score":10746,"tags":["n"]},{"word":"string","score":10746,"tags":["n"]},{"word":"stringing","score":10746,"tags":["v","n"]},{"word":"strings","score":10746,"tags":["n"]},{"word":"what","score":10746},{"word":"capsule","score":10736,"tags":["n"]},{"word":"chambered","score":10736,"tags":["adj"]},{"word":"echo","score":10736,"tags":["n","v"]},{"word":"headache","score":10736,"tags":["n"]},{"word":"kaiser roll","score":10736,"tags":["n","prop"]},{"word":"latex","score":10736,"tags":["n"]},{"word":"nov","score":10736,"tags":["n","prop"]},{"word":"poop","score":10736,"tags":["n"]},{"word":"thunderbolt","score":10736,"tags":["n"]},{"word":"area","score":10685,"tags":["n"]},{"word":"aaron","score":10624,"tags":["n","prop"]},{"word":"abdominous","score":10624,"tags":["adj"]},{"word":"abe","score":10624,"tags":["n","prop"]},{"word":"acre","score":10624,"tags":["n"]},{"word":"adam","score":10624,"tags":["n","prop"]},{"word":"alan","score":10624,"tags":["n","prop"]},{"word":"amati","score":10624,"tags":["n","prop"]},{"word":"amos","score":10624,"tags":["n"]},{"word":"andy","score":10624,"tags":["n","prop"]},{"word":"appear","score":10624,"tags":["v"]},{"word":"appeared","score":10624,"tags":["v"]},{"word":"apricot","score":10624,"tags":["n"]},{"word":"arachnoid","score":10624,"tags":["n","adj"]},{"word":"ari","score":10624,"tags":["n","prop"]},{"word":"arise","score":10624,"tags":["v"]},{"word":"arose","score":10624,"tags":["v"]},{"word":"ash","score":10624,"tags":["n"]},{"word":"ask","score":10624,"tags":["v"]},{"word":"ass","score":10624,"tags":["n"]},{"word":"baby","score":10624,"tags":["n"]},{"word":"bad","score":10624,"tags":["adj"]},{"word":"baf","score":10624,"tags":["n"]},{"word":"basset","score":10624,"tags":["n","prop"]},{"word":"bean","score":10624,"tags":["n"]},{"word":"beef","score":10624,"tags":["n"]},{"word":"beet","score":10624,"tags":["n"]}]