[{"word":"breakwater","score":29262,"tags":["n"]},{"word":"thrust","score":28497,"tags":["n","v"]},{"word":"strength","score":28462,"tags":["n"]},{"word":"sea wall","score":28097},{"word":"lodge","score":28062,"tags":["n"]},{"word":"sheet","score":28062,"tags":["n"]},{"word":"sheets","score":28062,"tags":["n"]},{"word":"testudo","score":28062,"tags":["n"]},{"word":"throw","score":28062,"tags":["v"]},{"word":"arch","score":11697,"tags":["n"]},{"word":"back","score":11697,"tags":["adv"]},{"word":"bak","score":11697,"tags":["n"]},{"word":"bang","score":11697,"tags":["n"]},{"word":"bolt","score":11697,"tags":["n"]},{"word":"bond","score":11697,"tags":["n"]},{"word":"bore","score":11697,"tags":["v"]},{"word":"break","score":11697,"tags":["v","n"]},{"word":"cordon","score":11697,"tags":["n"]},{"word":"counter","score":11697,"tags":["n","adj"]},{"word":"drum","score":11697,"tags":["n"]},{"word":"foreland","score":11697,"tags":["n"]},{"word":"frum","score":11697,"tags":["n"]},{"word":"groin","score":11697,"tags":["n"]},{"word":"ground","score":11697,"tags":["n"]},{"word":"grounded","score":11697,"tags":["v"]},{"word":"head","score":11697,"tags":["n"]},{"word":"lay","score":11697,"tags":["v"]},{"word":"nack","score":11697,"tags":["n","prop"]},{"word":"panel","score":11697,"tags":["n"]},{"word":"plaster","score":11697,"tags":["n"]},{"word":"prime","score":11697,"tags":["adj","n","prop"]},{"word":"pull","score":11697,"tags":["v","n"]},{"word":"pulling","score":11697,"tags":["n"]},{"word":"run","score":11697,"tags":["v","n"]},{"word":"shield","score":11697,"tags":["n"]},{"word":"side","score":11697,"tags":["n"]},{"word":"sink","score":11697,"tags":["v","n"]},{"word":"size","score":11697,"tags":["n"]},{"word":"slide","score":11697,"tags":["n","v"]},{"word":"solid","score":11697,"tags":["adj"]},{"word":"squash","score":11697,"tags":["n"]},{"word":"squashing","score":11697,"tags":["v"]},{"word":"stick","score":11697,"tags":["n","v"]},{"word":"sticks","score":11697,"tags":["n"]},{"word":"stop","score":11697,"tags":["v","n"]},{"word":"stops","score":11697,"tags":["n"]},{"word":"surrounded","score":11697,"tags":["adj"]},{"word":"surrounds","score":11697,"tags":["v"]},{"word":"sway","score":11697,"tags":["n","v"]},{"word":"sweat","score":11697,"tags":["n"]},{"word":"tooth","score":11697,"tags":["n"]},{"word":"ballast","score":11662,"tags":["n"]},{"word":"ballottement","score":11662,"tags":["n"]},{"word":"base","score":11662,"tags":["n"]},{"word":"bay","score":11662,"tags":["n"]},{"word":"blood pressure","score":11662,"tags":["n"]},{"word":"burst","score":11662,"tags":["v","n"]},{"word":"damp","score":11662,"tags":["adj"]},{"word":"deaden","score":11662,"tags":["v"]},{"word":"deadened","score":11662,"tags":["adj"]},{"word":"drill","score":11662,"tags":["n"]},{"word":"effort","score":11662,"tags":["n"]},{"word":"expression","score":11662,"tags":["n"]},{"word":"face","score":11662,"tags":["n","v"]},{"word":"fling","score":11662,"tags":["v","n"]},{"word":"flinging","score":11662,"tags":["v"]},{"word":"fortified","score":11662,"tags":["adj"]},{"word":"fortify","score":11662,"tags":["v"]},{"word":"hit","score":11662,"tags":["v","n"]},{"word":"jit","score":11662,"tags":["n"]},{"word":"mak","score":11662,"tags":["n"]},{"word":"make","score":11662,"tags":["v"]},{"word":"pile","score":11662,"tags":["n"]},{"word":"sandbag","score":11662,"tags":["n"]},{"word":"slapdash","score":11662,"tags":["adj"]},{"word":"top","score":11662,"tags":["n","adj"]},{"word":"topped","score":11662,"tags":["adj"]},{"word":"tops","score":11662,"tags":["n"]},{"word":"box","score":11557,"tags":["n"]},{"word":"corner","score":11557,"tags":["n"]},{"word":"course","score":11557,"tags":["n"]},{"word":"cover","score":11557,"tags":["v","n"]},{"word":"covers","score":11557,"tags":["v","n"]},{"word":"crack","score":11557,"tags":["n","v"]},{"word":"divide","score":11557,"tags":["v","n"]},{"word":"hawk","score":11557,"tags":["n"]},{"word":"leap","score":11557,"tags":["n","v"]},{"word":"lug","score":11557,"tags":["n","v"]},{"word":"point","score":11557,"tags":["n"]},{"word":"points","score":11557,"tags":["n"]},{"word":"slap","score":11557,"tags":["n","v"]},{"word":"staff","score":11557,"tags":["n"]},{"word":"staffing","score":11557,"tags":["n","v"]},{"word":"surround","score":11557,"tags":["v"]},{"word":"art","score":11522,"tags":["n"]},{"word":"atm","score":11522,"tags":["n"]},{"word":"battery","score":11522,"tags":["n"]},{"word":"bear","score":11522,"tags":["v","n"]},{"word":"blind","score":11522,"tags":["adj","n"]},{"word":"blockade","score":11522,"tags":["n"]}]