[{"word":"magazine","score":11736,"tags":["n"]},{"word":"spider","score":11736,"tags":["n"]},{"word":"squadron","score":11736,"tags":["n"]},{"word":"drill","score":11684,"tags":["n"]},{"word":"drilled","score":11684,"tags":["adj"]},{"word":"patt","score":11671,"tags":["n"]},{"word":"exercise","score":11592,"tags":["n","v"]},{"word":"training","score":11579,"tags":["n"]},{"word":"acre","score":10710,"tags":["n"]},{"word":"albumin","score":10710,"tags":["n"]},{"word":"algebra","score":10710,"tags":["n"]},{"word":"array","score":10710,"tags":["n"]},{"word":"arrayed","score":10710,"tags":["adj"]},{"word":"brush","score":10710,"tags":["n"]},{"word":"bush","score":10710,"tags":["n"]},{"word":"castor","score":10710,"tags":["n"]},{"word":"chain","score":10710,"tags":["n"]},{"word":"chaining","score":10710,"tags":["v","n"]},{"word":"chamber","score":10710,"tags":["n"]},{"word":"changer","score":10710,"tags":["n"]},{"word":"channel","score":10710,"tags":["n"]},{"word":"channelling","score":10710,"tags":["v","n"]},{"word":"channels","score":10710,"tags":["n"]},{"word":"collection","score":10710,"tags":["n"]},{"word":"composite","score":10710,"tags":["adj","n"]},{"word":"compositing","score":10710,"tags":["n","v"]},{"word":"cusp","score":10710,"tags":["n"]},{"word":"cyclostyle","score":10710,"tags":["n"]},{"word":"double","score":10710,"tags":["adj"]},{"word":"dual","score":10710,"tags":["adj"]},{"word":"elements","score":10710,"tags":["n"]},{"word":"fan","score":10710,"tags":["n"]},{"word":"fanned","score":10710,"tags":["adj"]},{"word":"fanning","score":10710,"tags":["v","n"]},{"word":"fig","score":10710,"tags":["n"]},{"word":"grapnel","score":10710,"tags":["n"]},{"word":"harmonica","score":10710,"tags":["n"]},{"word":"hatch","score":10710,"tags":["n","v"]},{"word":"heterogeneous","score":10710,"tags":["adj"]},{"word":"integration","score":10710,"tags":["n"]},{"word":"interdisciplinary","score":10710,"tags":["adj"]},{"word":"jock","score":10710,"tags":["n"]},{"word":"jukebox","score":10710,"tags":["n"]},{"word":"leg","score":10710,"tags":["n"]},{"word":"legs","score":10710,"tags":["n"]},{"word":"leh","score":10710,"tags":["n","prop"]},{"word":"macro","score":10710,"tags":["n","adj"]},{"word":"magnitude","score":10710,"tags":["n"]},{"word":"mall","score":10710,"tags":["n"]},{"word":"manifold","score":10710,"tags":["adj","n"]},{"word":"mimeograph","score":10710,"tags":["n"]},{"word":"mirv","score":10710,"tags":["n"]},{"word":"mizar","score":10710,"tags":["n"]},{"word":"multipolar","score":10710,"tags":["adj"]},{"word":"multiracial","score":10710,"tags":["adj"]},{"word":"network","score":10710,"tags":["n"]},{"word":"networked","score":10710,"tags":["adj"]},{"word":"omnium","score":10710},{"word":"parachute","score":10710,"tags":["n"]},{"word":"parallel","score":10710,"tags":["adj","n"]},{"word":"pike","score":10710,"tags":["n"]},{"word":"polygraph","score":10710,"tags":["n"]},{"word":"polymerization","score":10710,"tags":["n"]},{"word":"polyphase","score":10710,"tags":["adj"]},{"word":"print","score":10710,"tags":["n"]},{"word":"ramify","score":10710,"tags":["v"]},{"word":"regiment","score":10710,"tags":["n"]},{"word":"relay","score":10710,"tags":["n"]},{"word":"repeating","score":10710,"tags":["n"]},{"word":"resolution","score":10710,"tags":["n"]},{"word":"resultant","score":10710,"tags":["adj","n"]},{"word":"royal","score":10710,"tags":["n","adj","prop"]},{"word":"stack","score":10710,"tags":["n"]},{"word":"switch","score":10710,"tags":["n","v"]},{"word":"ten","score":10710,"tags":["n","adj"]},{"word":"text","score":10710,"tags":["n"]},{"word":"transformer","score":10710,"tags":["n"]},{"word":"tree","score":10710,"tags":["n"]},{"word":"treed","score":10710,"tags":["adj"]},{"word":"components","score":10657,"tags":["n"]},{"word":"multinational","score":10657,"tags":["adj"]},{"word":"alpha geminorum","score":10619,"tags":["n","prop"]},{"word":"beriberi","score":10619,"tags":["n"]},{"word":"duplicator","score":10619,"tags":["n"]},{"word":"jenny","score":10619,"tags":["n","prop"]},{"word":"multicomponent","score":10619,"tags":["adj","n"]},{"word":"oak-leaf cluster","score":10619},{"word":"spinning jenny","score":10619,"tags":["n"]},{"word":"tomograph","score":10619,"tags":["n"]},{"word":"accoutrement","score":10553,"tags":["n"]},{"word":"akimbo","score":10553,"tags":["adv"]},{"word":"argus","score":10553,"tags":["n","prop"]},{"word":"arm","score":10553,"tags":["n"]},{"word":"armed","score":10553,"tags":["adj"]},{"word":"arming","score":10553,"tags":["n"]},{"word":"army","score":10553,"tags":["n"]},{"word":"arsenal","score":10553,"tags":["n"]},{"word":"artillery","score":10553,"tags":["n"]},{"word":"atm","score":10553,"tags":["n"]},{"word":"balance","score":10553,"tags":["n"]}]