[{"word":"supremacy","score":99709,"tags":["syn","n"]},{"word":"mastery","score":92884,"tags":["syn","n"]},{"word":"dominance","score":78036,"tags":["n"]},{"word":"hegemony","score":73841,"tags":["n"]},{"word":"stranglehold","score":72285,"tags":["n"]},{"word":"conquest","score":69762,"tags":["n"]},{"word":"superiority","score":69055,"tags":["n"]},{"word":"ascendancy","score":68730,"tags":["n"]},{"word":"dominant","score":68340,"tags":["adj"]},{"word":"dominion","score":67651,"tags":["n"]},{"word":"hegemonic","score":67377,"tags":["adj"]},{"word":"reign","score":66668,"tags":["n"]},{"word":"subjugation","score":65538,"tags":["n"]},{"word":"predominance","score":64909,"tags":["n"]},{"word":"grip","score":63827,"tags":["n"]},{"word":"oppression","score":63738,"tags":["n"]},{"word":"primacy","score":63670,"tags":["n"]},{"word":"occupation","score":62487,"tags":["n"]},{"word":"influence","score":61144,"tags":["n"]},{"word":"power","score":60834,"tags":["n"]},{"word":"control","score":60819,"tags":["n"]},{"word":"rule","score":60132,"tags":["n"]},{"word":"authoritarianism","score":59500,"tags":["n"]},{"word":"controlling","score":58732,"tags":["adj"]},{"word":"sovereignty","score":58661,"tags":["n"]},{"word":"sway","score":58469,"tags":["n"]},{"word":"takeover","score":58376,"tags":["n"]},{"word":"yoke","score":58341,"tags":["n"]},{"word":"fluency","score":57659,"tags":["n"]},{"word":"regime","score":57429,"tags":["n"]},{"word":"command","score":57416,"tags":["n"]},{"word":"leadership","score":57409,"tags":["n"]},{"word":"mercy","score":57289,"tags":["n"]},{"word":"preponderance","score":57021,"tags":["n"]},{"word":"realm","score":56992,"tags":["n"]},{"word":"dispensation","score":56873,"tags":["n"]},{"word":"predominating","score":56121,"tags":["v"]},{"word":"proficiency","score":55901,"tags":["n"]},{"word":"submission","score":55406,"tags":["n"]},{"word":"prevalence","score":55362,"tags":["n"]},{"word":"governance","score":55296,"tags":["n"]},{"word":"domain","score":54872,"tags":["n"]},{"word":"ruling","score":54840,"tags":["n"]},{"word":"field","score":53808,"tags":["n"]},{"word":"thumb","score":53185,"tags":["n"]},{"word":"loc","score":52386,"tags":["n"]},{"word":"hegemonism","score":50969,"tags":["n"]},{"word":"hegemonist","score":50969,"tags":["n"]},{"word":"pre-eminence","score":50969,"tags":["n"]},{"word":"right-of-way","score":50969,"tags":["n"]},{"word":"area","score":50968,"tags":["n"]},{"word":"dominator","score":50961,"tags":["n"]},{"word":"dominancy","score":50960,"tags":["n"]},{"word":"expansionism","score":50959,"tags":["n"]},{"word":"subservience","score":50958,"tags":["n"]},{"word":"imperialism","score":50956,"tags":["n"]},{"word":"tyranny","score":50953,"tags":["n"]},{"word":"emasculation","score":50952,"tags":["n"]},{"word":"preeminence","score":50950,"tags":["n"]},{"word":"ascendency","score":50948,"tags":["n"]},{"word":"annihilation","score":50947,"tags":["n"]},{"word":"obliteration","score":50945,"tags":["n"]},{"word":"encirclement","score":50944,"tags":["n"]},{"word":"juggernaut","score":50943,"tags":["n"]},{"word":"hegemon","score":50942,"tags":["n"]},{"word":"ascendance","score":50941,"tags":["n"]},{"word":"triumph","score":50940,"tags":["n"]},{"word":"aggression","score":50939,"tags":["n"]},{"word":"trouncing","score":50938,"tags":["n"]},{"word":"omnipotence","score":50937,"tags":["n"]},{"word":"monopoly","score":50936,"tags":["n"]},{"word":"suzerainty","score":50935,"tags":["n"]},{"word":"lebensraum","score":50934,"tags":["n"]},{"word":"victory","score":50933,"tags":["n"]},{"word":"ascendence","score":50932,"tags":["n"]},{"word":"putridity","score":50931,"tags":["n"]},{"word":"futility","score":50930,"tags":["n"]},{"word":"sweep","score":50929,"tags":["n"]},{"word":"hoodoo","score":50928,"tags":["n"]},{"word":"resurgent","score":50927,"tags":["n"]},{"word":"decimation","score":50926,"tags":["n"]},{"word":"glory","score":50925,"tags":["n"]},{"word":"crown","score":50924,"tags":["n"]},{"word":"nemesis","score":50923,"tags":["n"]},{"word":"marginalization","score":50922,"tags":["n"]},{"word":"conquerors","score":50921,"tags":["n"]},{"word":"capitulation","score":50920,"tags":["n"]},{"word":"thralldom","score":50918,"tags":["n"]},{"word":"monopolisation","score":50917,"tags":["n"]},{"word":"homogeny","score":50916,"tags":["n"]},{"word":"humiliation","score":50915,"tags":["n"]},{"word":"defeating","score":50914,"tags":["n"]},{"word":"disintegration","score":50913,"tags":["n"]},{"word":"winning streak","score":50912,"tags":["n"]},{"word":"inferiority","score":50911,"tags":["n"]},{"word":"invincibility","score":50910,"tags":["n"]},{"word":"formidability","score":50908,"tags":["n"]},{"word":"dynasty","score":50907,"tags":["n"]},{"word":"rout","score":50906,"tags":["n"]},{"word":"title","score":50905,"tags":["n"]}]