[{"word":"egocentric","score":11200,"tags":["adj"]},{"word":"inflated","score":11200,"tags":["adj"]},{"word":"conscience","score":11156,"tags":["n"]},{"word":"deflate","score":11156,"tags":["v"]},{"word":"friend","score":11156,"tags":["n"]},{"word":"mind","score":11156,"tags":["n"]},{"word":"mindfulness","score":11156,"tags":["n"]},{"word":"subject","score":11156,"tags":["n","adj"]},{"word":"trip","score":11156,"tags":["n"]},{"word":"alias","score":10993,"tags":["n"]},{"word":"apotheosis","score":10993,"tags":["n"]},{"word":"bat","score":10993,"tags":["n"]},{"word":"bruise","score":10993,"tags":["n","v"]},{"word":"elia","score":10993,"tags":["n","prop"]},{"word":"object","score":10993,"tags":["n"]},{"word":"splitting","score":10993,"tags":["adj"]},{"word":"wayne","score":10993,"tags":["n","prop"]},{"word":"estimation","score":10895,"tags":["n"]},{"word":"jump","score":10895,"tags":["v","n"]},{"word":"projectile","score":10895,"tags":["n"]},{"word":"ruff","score":10895,"tags":["n"]},{"word":"feuerbach","score":10884,"tags":["n","prop"]},{"word":"presence","score":10884,"tags":["n"]},{"word":"abstinent","score":10874,"tags":["adj"]},{"word":"absurdism","score":10874,"tags":["n"]},{"word":"account","score":10874,"tags":["n"]},{"word":"accounting","score":10874,"tags":["n"]},{"word":"admire","score":10874,"tags":["v"]},{"word":"anticipate","score":10874,"tags":["v"]},{"word":"appreciated","score":10874,"tags":["adj"]},{"word":"appreciating","score":10874,"tags":["v"]},{"word":"arrogance","score":10874,"tags":["n"]},{"word":"arrogant","score":10874,"tags":["adj"]},{"word":"augmentation","score":10874,"tags":["n"]},{"word":"axiom","score":10874,"tags":["n"]},{"word":"axiomatic","score":10874,"tags":["adj"]},{"word":"bashful","score":10874,"tags":["adj"]},{"word":"bashfulness","score":10874,"tags":["n"]},{"word":"biofeedback","score":10874,"tags":["n"]},{"word":"bluster","score":10874,"tags":["n"]},{"word":"boast","score":10874,"tags":["v","n"]},{"word":"boastfulness","score":10874,"tags":["n"]},{"word":"bombardier beetle","score":10874,"tags":["n"]},{"word":"bovarism","score":10874,"tags":["n"]},{"word":"bravado","score":10874,"tags":["n"]},{"word":"buddhism","score":10874,"tags":["n"]},{"word":"cagey","score":10874,"tags":["adj"]},{"word":"cagy","score":10874,"tags":["adj"]},{"word":"canny","score":10874,"tags":["adj"]},{"word":"chesty","score":10874,"tags":["adj"]},{"word":"clever","score":10874,"tags":["adj"]},{"word":"come","score":10874,"tags":["v"]},{"word":"competitive","score":10874,"tags":["adj"]},{"word":"conceit","score":10874,"tags":["n"]},{"word":"consideration","score":10874,"tags":["n"]},{"word":"consistent","score":10874,"tags":["adj"]},{"word":"cool","score":10874,"tags":["adj","v"]},{"word":"credit","score":10874,"tags":["n"]},{"word":"credited","score":10874,"tags":["v"]},{"word":"credits","score":10874,"tags":["n"]},{"word":"deadlock","score":10874,"tags":["n"]},{"word":"depreciate","score":10874,"tags":["v"]},{"word":"diffidence","score":10874,"tags":["n"]},{"word":"dignified","score":10874,"tags":["adj"]},{"word":"dignity","score":10874,"tags":["n"]},{"word":"discharge","score":10874,"tags":["n","v"]},{"word":"discharged","score":10874,"tags":["adj"]},{"word":"discharging","score":10874,"tags":["v"]},{"word":"discreet","score":10874,"tags":["adj"]},{"word":"disengage","score":10874,"tags":["v"]},{"word":"disesteem","score":10874,"tags":["n"]},{"word":"egotrip","score":10874,"tags":["v"]},{"word":"emission spectrum","score":10874,"tags":["n"]},{"word":"esteemed","score":10874,"tags":["adj"]},{"word":"fling","score":10874,"tags":["v","n"]},{"word":"flinging","score":10874,"tags":["v"]},{"word":"flop","score":10874,"tags":["n"]},{"word":"flops","score":10874,"tags":["n"]},{"word":"flounce","score":10874,"tags":["n"]},{"word":"forbearing","score":10874,"tags":["adj"]},{"word":"funicular","score":10874,"tags":["adj","n"]},{"word":"gaia hypothesis","score":10874,"tags":["prop"]},{"word":"glass-gazing","score":10874},{"word":"gloat","score":10874,"tags":["v"]},{"word":"grandiose","score":10874,"tags":["adj"]},{"word":"high","score":10874,"tags":["adj"]},{"word":"honor","score":10874,"tags":["n","v"]},{"word":"honorific","score":10874,"tags":["adj"]},{"word":"honoring","score":10874,"tags":["n"]},{"word":"honors","score":10874,"tags":["n"]},{"word":"huck","score":10874,"tags":["n","prop"]},{"word":"humiliate","score":10874,"tags":["v"]},{"word":"humility","score":10874,"tags":["n"]},{"word":"individualism","score":10874,"tags":["n"]},{"word":"interest","score":10874,"tags":["n"]},{"word":"interject","score":10874,"tags":["v"]},{"word":"introspection","score":10874,"tags":["n"]},{"word":"introvert","score":10874,"tags":["n"]},{"word":"kook","score":10874,"tags":["n"]},{"word":"launch","score":10874,"tags":["n","v"]}]