[{"word":"predacious","score":104390,"tags":["syn","adj"]},{"word":"flesh-eating","score":89317,"tags":["syn","adj"]},{"word":"meat-eating","score":89317,"tags":["syn","adj"]},{"word":"piscivorous","score":89317,"tags":["syn","adj"]},{"word":"zoophagous","score":89317,"tags":["syn","adj"]},{"word":"carnivores","score":89316,"tags":["n"]},{"word":"carnivore","score":88543,"tags":["n"]},{"word":"carnivora","score":84649,"tags":["n"]},{"word":"herbivorous","score":70760,"tags":["adj","ant"]},{"word":"herbivore","score":70759,"tags":["adj"]},{"word":"insectivorous","score":70758,"tags":["adj","ant"]},{"word":"omnivorous","score":70757,"tags":["adj","ant"]},{"word":"invertebrate","score":70756,"tags":["adj"]},{"word":"vertebrate","score":70755,"tags":["adj"]},{"word":"rodent","score":70754,"tags":["adj"]},{"word":"dasyurid","score":70752,"tags":["adj"]},{"word":"onychophoran","score":70751,"tags":["adj"]},{"word":"sarcophile","score":70750,"tags":["adj"]},{"word":"sarcophagan","score":70749,"tags":["adj"]},{"word":"zorille","score":70748,"tags":["adj"]},{"word":"ravenous","score":70747,"tags":["adj"]},{"word":"native cat","score":70746,"tags":["adj"]},{"word":"mecopteran","score":70745,"tags":["adj"]},{"word":"tapoa tafa","score":70744,"tags":["adj","prop"]},{"word":"flightless","score":70743,"tags":["adj"]},{"word":"zoril","score":70742,"tags":["adj"]},{"word":"voracious","score":70741,"tags":["adj"]},{"word":"reptilian","score":70740,"tags":["adj"]},{"word":"viverrine","score":70739,"tags":["adj"]},{"word":"dinosaurian","score":70738,"tags":["adj"]},{"word":"bipedal","score":70737,"tags":["adj"]},{"word":"peccary","score":70736,"tags":["adj"]},{"word":"wormlike","score":70735,"tags":["adj"]},{"word":"domesticated","score":70734,"tags":["adj"]},{"word":"undomesticated","score":70733,"tags":["adj"]},{"word":"vegetarian","score":70732,"tags":["adj"]},{"word":"pitcher plant","score":70731,"tags":["adj"]},{"word":"docile","score":70729,"tags":["adj"]},{"word":"delundung","score":70728,"tags":["adj"]},{"word":"tyrannosaurus","score":70727,"tags":["adj"]},{"word":"tusked","score":70726,"tags":["adj"]},{"word":"raptorial","score":70725,"tags":["adj"]},{"word":"mudfish","score":70724,"tags":["adj"]},{"word":"cannibalistic","score":70723,"tags":["adj"]},{"word":"microsthene","score":70722,"tags":["adj"]},{"word":"toothy","score":70721,"tags":["adj"]},{"word":"doglike","score":70720,"tags":["adj"]},{"word":"feral","score":70719,"tags":["adj"]},{"word":"feliform","score":70718,"tags":["adj"]},{"word":"humanlike","score":70717,"tags":["adj"]},{"word":"hermaphroditic","score":70716,"tags":["adj"]},{"word":"amorphophallus","score":70715,"tags":["adj","prop"]},{"word":"tree shrew","score":70714,"tags":["adj"]},{"word":"jawless","score":70713,"tags":["adj"]},{"word":"succulent","score":70712,"tags":["adj"]},{"word":"bromeliad","score":70711,"tags":["adj"]},{"word":"finny","score":70710,"tags":["adj","prop"]},{"word":"gracile","score":70709,"tags":["adj"]},{"word":"wolflike","score":70708,"tags":["adj"]},{"word":"crocodilian","score":70707,"tags":["adj"]},{"word":"fossilised","score":70706,"tags":["adj"]},{"word":"banxring","score":70705,"tags":["adj"]},{"word":"lungless","score":70704,"tags":["adj"]},{"word":"ectothermic","score":70703,"tags":["adj"]},{"word":"nocturnal","score":70702,"tags":["adj"]},{"word":"arthropod","score":70701,"tags":["adj"]},{"word":"gilled","score":70700,"tags":["adj"]},{"word":"simian","score":70699,"tags":["adj"]},{"word":"piglike","score":70698,"tags":["adj"]},{"word":"paradoxure","score":70697,"tags":["adj"]},{"word":"hooved","score":70696,"tags":["adj"]},{"word":"taxonomic group","score":70695,"tags":["adj"]},{"word":"placoderm","score":70694,"tags":["adj"]},{"word":"neotropical","score":70693,"tags":["adj"]},{"word":"spiny","score":70692,"tags":["adj"]},{"word":"proboscidean","score":70691,"tags":["adj"]},{"word":"toothsome","score":70690,"tags":["adj"]},{"word":"shrimplike","score":70689,"tags":["adj"]},{"word":"warty","score":70688,"tags":["adj"]},{"word":"nonpoisonous","score":70687,"tags":["adj"]},{"word":"furless","score":70686,"tags":["adj"]},{"word":"extinct","score":70685,"tags":["adj"]},{"word":"bloodthirsty","score":70684,"tags":["adj"]},{"word":"anthropomorphic","score":70683,"tags":["adj"]},{"word":"nonmigratory","score":70682,"tags":["adj"]},{"word":"bloodsucking","score":70681,"tags":["adj"]},{"word":"ceratopsian","score":70680,"tags":["adj"]},{"word":"entomophagous","score":70679,"tags":["adj"]},{"word":"nonvenomous","score":70678,"tags":["adj"]},{"word":"brush kangaroo","score":70677,"tags":["adj"]},{"word":"muntjac","score":70676,"tags":["adj"]},{"word":"quadrupedal","score":70675,"tags":["adj"]},{"word":"opuntia","score":70674,"tags":["adj"]},{"word":"ravening","score":70673,"tags":["adj"]},{"word":"tentacled","score":70672,"tags":["adj"]},{"word":"gluttonous","score":70671,"tags":["adj"]},{"word":"piscine","score":70670,"tags":["adj"]},{"word":"unicellular","score":70669,"tags":["adj"]},{"word":"vampiric","score":70668,"tags":["adj"]},{"word":"arboreal","score":70667,"tags":["adj"]}]