[{"word":"habitat","score":17691,"tags":["n"]},{"word":"lair","score":17682,"tags":["n"]},{"word":"marsh","score":17600,"tags":["n"]},{"word":"siren","score":17581,"tags":["n"]},{"word":"asphodel","score":17557,"tags":["n"]},{"word":"ever","score":17557,"tags":["adv"]},{"word":"lait","score":17526,"tags":["adj","n"]},{"word":"buffalo","score":17471,"tags":["n"]},{"word":"eerie","score":17471,"tags":["adj"]},{"word":"egypt","score":17471,"tags":["n","prop"]},{"word":"elder","score":17471,"tags":["n","adj"]},{"word":"excess","score":17471,"tags":["n","adj"]},{"word":"gale","score":17471,"tags":["n"]},{"word":"great","score":17471,"tags":["adj"]},{"word":"hard","score":17471,"tags":["adj"]},{"word":"high","score":17471,"tags":["adj"]},{"word":"marah","score":17471,"tags":["n","prop"]},{"word":"natron","score":17471,"tags":["n"]},{"word":"reed","score":17471,"tags":["n"]},{"word":"sink","score":17471,"tags":["v","n"]},{"word":"superior","score":17471,"tags":["adj"]},{"word":"suppose","score":17471,"tags":["v"]},{"word":"supposed","score":17471,"tags":["adj"]},{"word":"toad","score":17471,"tags":["n"]},{"word":"toledo","score":17471,"tags":["n","prop"]},{"word":"civilization","score":9825,"tags":["n"]},{"word":"folk","score":9779,"tags":["n"]},{"word":"folkloristic","score":9779,"tags":["adj"]},{"word":"literature","score":9779,"tags":["n"]},{"word":"myth","score":9779,"tags":["n"]},{"word":"occult","score":9779,"tags":["adj","n"]},{"word":"oral","score":9779,"tags":["adj"]},{"word":"hickok","score":9724,"tags":["n","prop"]},{"word":"aboriginal","score":9669,"tags":["adj","n"]},{"word":"agnostic","score":9669,"tags":["adj"]},{"word":"alpha","score":9669,"tags":["n"]},{"word":"altitudinal","score":9669,"tags":["adj"]},{"word":"amphibiology","score":9669},{"word":"anne","score":9669,"tags":["n","prop"]},{"word":"anthropological","score":9669,"tags":["adj","prop"]},{"word":"anthropology","score":9669,"tags":["n"]},{"word":"anthroposophy","score":9669,"tags":["n"]},{"word":"apocryphal","score":9669,"tags":["adj"]},{"word":"aptitude","score":9669,"tags":["n"]},{"word":"araucarian","score":9669,"tags":["adj"]},{"word":"art","score":9669,"tags":["n"]},{"word":"artificer","score":9669,"tags":["n"]},{"word":"astral","score":9669,"tags":["adj"]},{"word":"athena","score":9669,"tags":["n","prop"]},{"word":"australasia","score":9669,"tags":["n","prop"]},{"word":"bestiary","score":9669,"tags":["n"]},{"word":"bio","score":9669,"tags":["n","adj"]},{"word":"biography","score":9669,"tags":["n"]},{"word":"biology","score":9669,"tags":["n"]},{"word":"buffon","score":9669,"tags":["n","prop"]},{"word":"business","score":9669,"tags":["n"]},{"word":"camelot","score":9669,"tags":["n","prop"]},{"word":"cetology","score":9669,"tags":["n"]},{"word":"civilized","score":9669,"tags":["adj"]},{"word":"clas","score":9669,"tags":["n"]},{"word":"cognition","score":9669,"tags":["n"]},{"word":"collector","score":9669,"tags":["n"]},{"word":"commonsense","score":9669,"tags":["adj"]},{"word":"congenital","score":9669,"tags":["adj"]},{"word":"consistent","score":9669,"tags":["adj"]},{"word":"constant","score":9669,"tags":["adj"]},{"word":"conventional","score":9669,"tags":["adj"]},{"word":"cooperate","score":9669,"tags":["v"]},{"word":"cover","score":9669,"tags":["v","n"]},{"word":"covers","score":9669,"tags":["v","n"]},{"word":"cowboy","score":9669,"tags":["n"]},{"word":"critical","score":9669,"tags":["adj"]},{"word":"cyclopedic","score":9669,"tags":["n","adj","prop"]},{"word":"dall","score":9669,"tags":["n","prop"]},{"word":"damocles","score":9669,"tags":["n","prop"]},{"word":"darkness","score":9669,"tags":["n"]},{"word":"degrade","score":9669,"tags":["v"]},{"word":"dendrologist","score":9669,"tags":["n"]},{"word":"dendrology","score":9669,"tags":["n"]},{"word":"desk","score":9669,"tags":["n"]},{"word":"dex","score":9669,"tags":["n"]},{"word":"diagnosis","score":9669,"tags":["n"]},{"word":"differ","score":9669,"tags":["v"]},{"word":"diorama","score":9669,"tags":["n"]},{"word":"division","score":9669,"tags":["n"]},{"word":"dixieland","score":9669,"tags":["n"]},{"word":"documentaries","score":9669,"tags":["n"]},{"word":"documentary","score":9669,"tags":["adj","n"]},{"word":"ecotourism","score":9669,"tags":["n"]},{"word":"eery","score":9669,"tags":["adj"]},{"word":"elf","score":9669,"tags":["n"]},{"word":"encyclopedic","score":9669,"tags":["adj","prop"]},{"word":"engineer","score":9669,"tags":["n"]},{"word":"engineered","score":9669,"tags":["v"]},{"word":"engineering","score":9669,"tags":["n"]},{"word":"enrich","score":9669,"tags":["v"]},{"word":"episteme","score":9669,"tags":["n"]},{"word":"epistemology","score":9669,"tags":["n"]},{"word":"epizootic","score":9669,"tags":["adj"]},{"word":"equipment","score":9669,"tags":["n"]}]