[{"word":"insect","score":90131,"tags":["syn","n"]},{"word":"louse","score":86568,"tags":["syn","n"]},{"word":"twist","score":79205,"tags":["syn","n"]},{"word":"squirm","score":78982,"tags":["syn","n"]},{"word":"wriggle","score":78938,"tags":["syn","n","v"]},{"word":"writhe","score":77824,"tags":["syn","v"]},{"word":"wrestle","score":76920,"tags":["syn","v"]},{"word":"wreathe","score":74875,"tags":["syn","v"]},{"word":"dirt ball","score":74767,"tags":["syn","n"]},{"word":"bugs","score":69457,"tags":["n"]},{"word":"larvae","score":68906,"tags":["n"]},{"word":"parasites","score":68896,"tags":["n"]},{"word":"grubs","score":68365,"tags":["n"]},{"word":"earthworms","score":68353,"tags":["n"]},{"word":"insects","score":67459,"tags":["n"]},{"word":"maggots","score":67421,"tags":["n"]},{"word":"pests","score":64466,"tags":["n"]},{"word":"vers","score":55547,"tags":["n"]},{"word":"into","score":54252,"tags":["n"]},{"word":"around","score":53888,"tags":["adv"]},{"word":"verses","score":52822,"tags":["n"]},{"word":"toward","score":51114,"tags":["n"]},{"word":"lumbricoid","score":50832,"tags":["n"]},{"word":"circa","score":50831,"tags":["n"]},{"word":"towards","score":50831,"tags":["n"]},{"word":"viruses","score":50828,"tags":["n"]},{"word":"caterpillars","score":50827,"tags":["n"]},{"word":"trematodes","score":50824,"tags":["n"]},{"word":"hornworm","score":50823,"tags":["n"]},{"word":"webworms","score":50822,"tags":["n"]},{"word":"ants","score":50820,"tags":["n"]},{"word":"june bug","score":50818,"tags":["n","prop"]},{"word":"roundworms","score":50817,"tags":["n"]},{"word":"schistosomes","score":50816,"tags":["n"]},{"word":"tunicates","score":50815,"tags":["n"]},{"word":"snails","score":50814,"tags":["n"]},{"word":"flatworms","score":50813,"tags":["n"]},{"word":"spiders","score":50812,"tags":["n"]},{"word":"woodlice","score":50811,"tags":["n"]},{"word":"earwigs","score":50810,"tags":["n"]},{"word":"schistosoma","score":50809,"tags":["n"]},{"word":"wireworms","score":50808,"tags":["n"]},{"word":"daphnia","score":50807,"tags":["n"]},{"word":"amphipods","score":50806,"tags":["n"]},{"word":"wigglers","score":50805,"tags":["n"]},{"word":"ruffe","score":50804,"tags":["n"]},{"word":"mantids","score":50803,"tags":["n"]},{"word":"crawlers","score":50802,"tags":["n"]},{"word":"wrigglers","score":50801,"tags":["n"]},{"word":"fungus gnat","score":50800,"tags":["n"]},{"word":"protozoans","score":50799,"tags":["n"]},{"word":"amoebae","score":50798,"tags":["n"]},{"word":"crabs","score":50797,"tags":["n"]},{"word":"copepods","score":50796,"tags":["n"]},{"word":"junebug","score":50795,"tags":["n"]},{"word":"invertebrates","score":50794,"tags":["n"]},{"word":"gobies","score":50793,"tags":["n"]},{"word":"organisms","score":50792,"tags":["n"]},{"word":"critters","score":50791,"tags":["n"]},{"word":"fish","score":50790,"tags":["n"]},{"word":"tapeworms","score":50789,"tags":["n"]},{"word":"leatherjackets","score":50788,"tags":["n"]},{"word":"bacteria","score":50787,"tags":["n"]},{"word":"greenfly","score":50786,"tags":["n"]},{"word":"silversides","score":50785,"tags":["n"]},{"word":"nematodes","score":50784,"tags":["n"]},{"word":"microbes","score":50783,"tags":["n"]},{"word":"baits","score":50782,"tags":["n"]},{"word":"whipworm","score":50781,"tags":["n"]},{"word":"crickets","score":50780,"tags":["n"]},{"word":"rodents","score":50779,"tags":["n"]},{"word":"bagworm","score":50778,"tags":["n"]},{"word":"redbug","score":50777,"tags":["n"]},{"word":"termites","score":50776,"tags":["n"]},{"word":"gambusia","score":50775,"tags":["n"]},{"word":"mysis","score":50774,"tags":["n"]},{"word":"leeches","score":50773,"tags":["n"]},{"word":"elodea","score":50772,"tags":["n"]},{"word":"midges","score":50771,"tags":["n"]},{"word":"cutworm","score":50770,"tags":["n"]},{"word":"gribble","score":50769,"tags":["n","prop"]},{"word":"brine shrimp","score":50768,"tags":["n"]},{"word":"mosquitofish","score":50767,"tags":["n"]},{"word":"arthropods","score":50766,"tags":["n"]},{"word":"crawdads","score":50765,"tags":["n"]},{"word":"duckweed","score":50764,"tags":["n"]},{"word":"cankerworms","score":50763,"tags":["n"]},{"word":"isopods","score":50762,"tags":["n"]},{"word":"whiteflies","score":50761,"tags":["n"]},{"word":"centipedes","score":50760,"tags":["n"]},{"word":"stoneflies","score":50759,"tags":["n"]},{"word":"mouthparts","score":50758,"tags":["n"]},{"word":"mussels","score":50757,"tags":["n"]},{"word":"wasps","score":50756,"tags":["n"]},{"word":"bloodworm","score":50755,"tags":["n"]},{"word":"weevils","score":50754,"tags":["n"]},{"word":"leafhoppers","score":50753,"tags":["n"]},{"word":"pinworms","score":50752,"tags":["n"]},{"word":"pumpkinseed","score":50751,"tags":["n"]},{"word":"parasitic worm","score":50750,"tags":["n"]}]