[{"word":"emp","score":47971,"tags":["syn","n"]},{"word":"elves","score":28436,"tags":["n"]},{"word":"fluence","score":27971,"tags":["n"]},{"word":"pulsate","score":11600,"tags":["v"]},{"word":"pulsing","score":11600,"tags":["n"]},{"word":"time","score":11483,"tags":["n"]},{"word":"photomultiplier","score":11453,"tags":["n"]},{"word":"airwaves","score":10607,"tags":["n"]},{"word":"atmospherics","score":10607,"tags":["n"]},{"word":"bandwidth","score":10607,"tags":["n"]},{"word":"carrier","score":10607,"tags":["n"]},{"word":"channel","score":10607,"tags":["n"]},{"word":"channelling","score":10607,"tags":["v","n"]},{"word":"channels","score":10607,"tags":["n"]},{"word":"detection","score":10607,"tags":["n"]},{"word":"dispersion","score":10607,"tags":["n"]},{"word":"doppler effect","score":10607,"tags":["n"]},{"word":"echo","score":10607,"tags":["n","v"]},{"word":"electromagnetic spectrum","score":10607,"tags":["n"]},{"word":"electromagnetic wave","score":10607,"tags":["n"]},{"word":"henry","score":10607,"tags":["n","prop"]},{"word":"hertz","score":10607,"tags":["n"]},{"word":"hertzian wave","score":10607,"tags":["n","prop"]},{"word":"hybrid","score":10607,"tags":["adj","n"]},{"word":"infrared","score":10607,"tags":["adj","n"]},{"word":"interference","score":10607,"tags":["n"]},{"word":"jansky","score":10607,"tags":["n","prop"]},{"word":"long wave","score":10607,"tags":["n"]},{"word":"maser","score":10607,"tags":["n"]},{"word":"microwave","score":10607,"tags":["n"]},{"word":"modulate","score":10607,"tags":["v"]},{"word":"modulation","score":10607,"tags":["n"]},{"word":"polarization","score":10607,"tags":["n"]},{"word":"pulsar","score":10607,"tags":["n"]},{"word":"radiation","score":10607,"tags":["n"]},{"word":"radio frequency","score":10607,"tags":["n"]},{"word":"radio wave","score":10607,"tags":["n"]},{"word":"release","score":10607,"tags":["n","v"]},{"word":"resonance","score":10607,"tags":["n"]},{"word":"send","score":10607,"tags":["v"]},{"word":"shortwave","score":10607,"tags":["adj","n"]},{"word":"signal","score":10607,"tags":["n"]},{"word":"signaling","score":10607,"tags":["n"]},{"word":"signalling","score":10607,"tags":["n","v"]},{"word":"telescope","score":10607,"tags":["n"]},{"word":"transmitter","score":10607,"tags":["n"]},{"word":"absorptance","score":10541,"tags":["n"]},{"word":"absorption coefficient","score":10541,"tags":["n"]},{"word":"accelerator","score":10541,"tags":["n"]},{"word":"angstrom","score":10541,"tags":["n"]},{"word":"angstrom unit","score":10541,"tags":["n"]},{"word":"bremsstrahlung","score":10541,"tags":["n"]},{"word":"coefficient of absorption","score":10541,"tags":["n"]},{"word":"detect","score":10541,"tags":["v"]},{"word":"diffraction","score":10541,"tags":["n"]},{"word":"duality","score":10541,"tags":["n"]},{"word":"infrared frequency","score":10541,"tags":["n"]},{"word":"laser","score":10541,"tags":["n"]},{"word":"microwave oven","score":10541,"tags":["n"]},{"word":"modulator","score":10541,"tags":["n"]},{"word":"phase","score":10541,"tags":["n"]},{"word":"photodynamic","score":10541,"tags":["adj"]},{"word":"radiant flux","score":10541,"tags":["n"]},{"word":"radio emission","score":10541,"tags":["n"]},{"word":"radio radiation","score":10541,"tags":["n"]},{"word":"radiometer","score":10541,"tags":["n"]},{"word":"skywave","score":10541,"tags":["n"]},{"word":"standing wave","score":10541,"tags":["n"]},{"word":"stationary wave","score":10541,"tags":["n"]},{"word":"transverse wave","score":10541},{"word":"wave-particle duality","score":10541,"tags":["n"]},{"word":"beat","score":10535,"tags":["v","n"]},{"word":"beats","score":10535,"tags":["n"]},{"word":"oscilloscope","score":10535,"tags":["n"]},{"word":"radar","score":10535,"tags":["n"]},{"word":"raise","score":10535,"tags":["v"]},{"word":"tachycardia","score":10535,"tags":["n"]},{"word":"active","score":10489,"tags":["adj"]},{"word":"antenna","score":10489,"tags":["n"]},{"word":"band","score":10489,"tags":["n"]},{"word":"banded","score":10489,"tags":["adj"]},{"word":"beam","score":10489,"tags":["n"]},{"word":"blue","score":10489,"tags":["adj","n"]},{"word":"chaff","score":10489,"tags":["n"]},{"word":"charge","score":10489,"tags":["n"]},{"word":"charged","score":10489,"tags":["adj"]},{"word":"charging","score":10489,"tags":["v"]},{"word":"emf","score":10489,"tags":["n"]},{"word":"ether","score":10489,"tags":["n"]},{"word":"extinction","score":10489,"tags":["n"]},{"word":"field","score":10489,"tags":["n"]},{"word":"flied","score":10489,"tags":["v"]},{"word":"frequency","score":10489,"tags":["n"]},{"word":"gamma ray","score":10489,"tags":["n"]},{"word":"head","score":10489,"tags":["n"]},{"word":"heads","score":10489,"tags":["n"]},{"word":"horn","score":10489,"tags":["n"]},{"word":"inductance","score":10489,"tags":["n"]},{"word":"jam","score":10489,"tags":["n"]},{"word":"lens","score":10489,"tags":["n"]}]