[{"word":"osteoporosis","score":28533,"tags":["n"]},{"word":"gelatin","score":28042,"tags":["n"]},{"word":"osteogenesis imperfecta","score":28029,"tags":["n"]},{"word":"gum","score":11733,"tags":["n"]},{"word":"glue","score":11589,"tags":["n"]},{"word":"table","score":11589,"tags":["n"]},{"word":"tables","score":11589,"tags":["n"]},{"word":"crump","score":10706,"tags":["v","prop"]},{"word":"gummed","score":10706,"tags":["adj"]},{"word":"gumming","score":10706,"tags":["n","prop"]},{"word":"caramel","score":10653,"tags":["n"]},{"word":"chip","score":10653,"tags":["n"]},{"word":"coal","score":10653,"tags":["n"]},{"word":"crimp","score":10653,"tags":["n","v"]},{"word":"crimped","score":10653,"tags":["v","adj"]},{"word":"crimping","score":10653,"tags":["v","n"]},{"word":"crunch","score":10653,"tags":["n"]},{"word":"crust","score":10653,"tags":["n"]},{"word":"ginger","score":10653,"tags":["n"]},{"word":"ice","score":10653,"tags":["n"]},{"word":"nappy","score":10653,"tags":["adj","n"]},{"word":"nuts","score":10653,"tags":["adj"]},{"word":"short","score":10653,"tags":["adj"]},{"word":"shorts","score":10653,"tags":["n"]},{"word":"smap","score":10653,"tags":["n"]},{"word":"snap","score":10653,"tags":["n","v"]},{"word":"sponge","score":10653,"tags":["n"]},{"word":"wax","score":10653,"tags":["n"]},{"word":"carapace","score":10562,"tags":["n"]},{"word":"ceramic","score":10562,"tags":["adj","n"]},{"word":"disk","score":10562,"tags":["n"]},{"word":"fragment","score":10562,"tags":["n"]},{"word":"martensite","score":10562,"tags":["n"]},{"word":"mastic","score":10562,"tags":["n"]},{"word":"shinplaster","score":10562,"tags":["n"]},{"word":"starring","score":10562,"tags":["v"]},{"word":"stars","score":10562,"tags":["n"]},{"word":"stat","score":10562,"tags":["n","prop"]},{"word":"acromegaly","score":10551,"tags":["n"]},{"word":"ankylosis","score":10551,"tags":["n"]},{"word":"aponeurosis","score":10551,"tags":["n"]},{"word":"bandage","score":10551,"tags":["n"]},{"word":"body","score":10551,"tags":["n"]},{"word":"callus","score":10551,"tags":["n"]},{"word":"capillary","score":10551,"tags":["n","adj"]},{"word":"collagen","score":10551,"tags":["n"]},{"word":"drum","score":10551,"tags":["n"]},{"word":"flesh","score":10551,"tags":["n"]},{"word":"fontanel","score":10551,"tags":["n"]},{"word":"frum","score":10551,"tags":["n"]},{"word":"jaw","score":10551,"tags":["n"]},{"word":"ligament","score":10551,"tags":["n"]},{"word":"marrow","score":10551,"tags":["n"]},{"word":"osteoarthritis","score":10551,"tags":["n"]},{"word":"osteoblastoma","score":10551,"tags":["n"]},{"word":"periosteum","score":10551,"tags":["n"]},{"word":"pith","score":10551,"tags":["n"]},{"word":"polyostotic fibrous dysplasia","score":10551,"tags":["n"]},{"word":"reticulum","score":10551,"tags":["n"]},{"word":"rickets","score":10551,"tags":["n"]},{"word":"shin","score":10551,"tags":["n"]},{"word":"shoulder","score":10551,"tags":["n"]},{"word":"shouldering","score":10551,"tags":["v"]},{"word":"shoulders","score":10551,"tags":["n"]},{"word":"skeleton","score":10551,"tags":["n"]},{"word":"suture","score":10551,"tags":["n"]},{"word":"suturing","score":10551,"tags":["n"]},{"word":"thin","score":10551,"tags":["adj"]},{"word":"tibia","score":10551,"tags":["n"]},{"word":"bandaged","score":10538,"tags":["adj"]},{"word":"bandaging","score":10538,"tags":["n"]},{"word":"brain","score":10538,"tags":["n"]},{"word":"calcine","score":10538,"tags":["v"]},{"word":"calcined","score":10538,"tags":["v","adj"]},{"word":"cartilaginous","score":10538,"tags":["adj"]},{"word":"creeps","score":10538,"tags":["n"]},{"word":"fontanelle","score":10538,"tags":["n"]},{"word":"meniscus","score":10538,"tags":["n"]},{"word":"osteomalacia","score":10538,"tags":["n"]},{"word":"ozena","score":10538,"tags":["n"]},{"word":"pycnodysostosis","score":10538,"tags":["n"]},{"word":"spongy","score":10538,"tags":["adj"]},{"word":"sutural bone","score":10538,"tags":["n"]},{"word":"wormian bone","score":10538,"tags":["n"]},{"word":"acupuncture","score":10524,"tags":["n"]},{"word":"albumin","score":10524,"tags":["n"]},{"word":"aneurism","score":10524,"tags":["n"]},{"word":"angular","score":10524,"tags":["adj"]},{"word":"apodiform bird","score":10524,"tags":["n"]},{"word":"applesauce","score":10524,"tags":["n"]},{"word":"arachnoid","score":10524,"tags":["n","adj"]},{"word":"arteriosclerosis","score":10524,"tags":["n"]},{"word":"asbestos","score":10524,"tags":["n"]},{"word":"ash","score":10524,"tags":["n"]},{"word":"association","score":10524,"tags":["n"]},{"word":"astringency","score":10524,"tags":["n"]},{"word":"astringent","score":10524,"tags":["adj"]},{"word":"baroreceptor","score":10524,"tags":["n"]},{"word":"beagle","score":10524,"tags":["n"]},{"word":"biretta","score":10524,"tags":["n"]}]