[{"word":"growing","score":73123,"tags":["n","adj","v"]},{"word":"booming","score":72071,"tags":["adj","v"]},{"word":"flourishing","score":70156,"tags":["adj","v"]},{"word":"emerging","score":69337,"tags":["adj","v"]},{"word":"thriving","score":68105,"tags":["adj","v"]},{"word":"expanding","score":66938,"tags":["adj","v"]},{"word":"rising","score":66242,"tags":["n","adj","v"]},{"word":"evolving","score":65377,"tags":["v"]},{"word":"increasing","score":64978,"tags":["adj","v"]},{"word":"vibrant","score":63402,"tags":["adj"]},{"word":"buoyant","score":60150,"tags":["adj"]},{"word":"vigorous","score":56867,"tags":["adj"]},{"word":"arising","score":54554,"tags":["v"]},{"word":"blossoming","score":51175,"tags":["v"]},{"word":"mushrooming","score":51173,"tags":["v"]},{"word":"budding","score":51171,"tags":["v"]},{"word":"dwindling","score":51168,"tags":["v"]},{"word":"soaring","score":51167,"tags":["v"]},{"word":"ballooning","score":51166,"tags":["v"]},{"word":"shrinking","score":51165,"tags":["v"]},{"word":"surging","score":51164,"tags":["v"]},{"word":"exploding","score":51162,"tags":["v"]},{"word":"resurging","score":51161,"tags":["v"]},{"word":"fledging","score":51159,"tags":["v"]},{"word":"escalating","score":51158,"tags":["v"]},{"word":"spiraling","score":51157,"tags":["v"]},{"word":"diminishing","score":51156,"tags":["v"]},{"word":"bulging","score":51155,"tags":["v"]},{"word":"mounting","score":51154,"tags":["v"]},{"word":"deepening","score":51153,"tags":["v"]},{"word":"broadening","score":51152,"tags":["v"]},{"word":"proliferating","score":51151,"tags":["v"]},{"word":"intensifying","score":51150,"tags":["v"]},{"word":"prospering","score":51149,"tags":["v"]},{"word":"rocketing","score":51148,"tags":["v"]},{"word":"augmenting","score":51147,"tags":["v"]},{"word":"developing","score":51146,"tags":["v"]},{"word":"reinvigorated","score":51145,"tags":["v"]},{"word":"fueling","score":51144,"tags":["v"]},{"word":"aging","score":51143,"tags":["v"]},{"word":"skyrocketed","score":51142,"tags":["v"]},{"word":"swelled","score":51141,"tags":["v"]},{"word":"graying","score":51140,"tags":["v"]},{"word":"waning","score":51139,"tags":["v"]},{"word":"plaguing","score":51138,"tags":["v"]},{"word":"widening","score":51137,"tags":["v"]},{"word":"stagnating","score":51136,"tags":["v"]},{"word":"beefing","score":51135,"tags":["v"]},{"word":"sagging","score":51134,"tags":["v"]},{"word":"reshape","score":51133,"tags":["v"]},{"word":"dominates","score":51132,"tags":["v"]},{"word":"souring","score":51131,"tags":["v"]},{"word":"sprouting","score":51130,"tags":["v"]},{"word":"looming","score":51129,"tags":["v"]},{"word":"diversify","score":51128,"tags":["v"]},{"word":"teeming","score":51127,"tags":["v"]},{"word":"bolstering","score":51126,"tags":["v"]},{"word":"transforming","score":51125,"tags":["v"]},{"word":"straining","score":51124,"tags":["v"]},{"word":"glutted","score":51123,"tags":["v"]},{"word":"staggering","score":51122,"tags":["v"]},{"word":"flagging","score":51121,"tags":["v"]},{"word":"foraying","score":51120,"tags":["v"]},{"word":"flocking","score":51119,"tags":["v"]},{"word":"boosting","score":51118,"tags":["v"]},{"word":"bustling","score":51117,"tags":["v"]},{"word":"supersized","score":51116,"tags":["v"]},{"word":"vanishing","score":51115,"tags":["v"]},{"word":"festering","score":51114,"tags":["v"]},{"word":"roiling","score":51113,"tags":["v"]},{"word":"rivaling","score":51112,"tags":["v"]},{"word":"reshaping","score":51111,"tags":["v"]},{"word":"snowballing","score":51110,"tags":["v"]},{"word":"immerging","score":51109,"tags":["v"]},{"word":"solidifying","score":51108,"tags":["v"]},{"word":"awash","score":51107,"tags":["v"]},{"word":"revitalized","score":51106,"tags":["v"]},{"word":"bursting","score":51105,"tags":["v"]},{"word":"engulfing","score":51104,"tags":["v"]},{"word":"crumbling","score":51103,"tags":["v"]},{"word":"springing","score":51102,"tags":["v"]},{"word":"pioneering","score":51101,"tags":["v"]},{"word":"galloping","score":51100,"tags":["v"]},{"word":"moneymaking","score":51099,"tags":["v"]},{"word":"cultivating","score":51098,"tags":["v"]},{"word":"ramping","score":51097,"tags":["v"]},{"word":"raging","score":51096,"tags":["v"]},{"word":"spawned","score":51095,"tags":["v"]},{"word":"dawning","score":51094,"tags":["v"]},{"word":"declining","score":51093,"tags":["v"]},{"word":"unslaked","score":51092,"tags":["v"]},{"word":"brimming","score":51091,"tags":["v"]},{"word":"reviving","score":51090,"tags":["v"]},{"word":"abounds","score":51089,"tags":["v"]},{"word":"crazed","score":51088,"tags":["v"]},{"word":"catapulting","score":51087,"tags":["v"]},{"word":"bristling","score":51086,"tags":["v"]},{"word":"heightened","score":51085,"tags":["v"]},{"word":"tapping","score":51084,"tags":["v"]},{"word":"unsated","score":51083,"tags":["v"]}]