[{"word":"hurl","score":85591,"tags":["syn","v"]},{"word":"hurtle","score":85161,"tags":["syn","v"]},{"word":"thrust","score":80078,"tags":["syn","n","v"]},{"word":"lurch","score":78577,"tags":["syn","n"]},{"word":"nitrometer","score":51292,"tags":["n"]},{"word":"crouch","score":51291,"tags":["n"]},{"word":"flail","score":51290,"tags":["n"]},{"word":"backbend","score":51289,"tags":["n"]},{"word":"somersault","score":51288,"tags":["n"]},{"word":"handstand","score":51287,"tags":["n"]},{"word":"feint","score":51286,"tags":["n"]},{"word":"footwork","score":51285,"tags":["n"]},{"word":"uppercut","score":51284,"tags":["n"]},{"word":"nutmegged","score":51283,"tags":["n"]},{"word":"pirouette","score":51282,"tags":["n"]},{"word":"rasper","score":51281,"tags":["n"]},{"word":"hared","score":51280,"tags":["n"]},{"word":"lob","score":51279,"tags":["n"]},{"word":"miskick","score":51278,"tags":["n"]},{"word":"jink","score":51277,"tags":["n"]},{"word":"sclaffed","score":51276,"tags":["n"]},{"word":"goalward","score":51275,"tags":["n"]},{"word":"yellow card","score":51274,"tags":["n"]},{"word":"clattering","score":51273,"tags":["n"]},{"word":"parry","score":51272,"tags":["n"]},{"word":"shimmy","score":51271,"tags":["n"]},{"word":"looping","score":51270,"tags":["n"]},{"word":"backheel","score":51269,"tags":["n"]},{"word":"daisy cutter","score":51268,"tags":["n"]},{"word":"lofting","score":51267,"tags":["n"]},{"word":"shove","score":51266,"tags":["n"]},{"word":"exocet","score":51265,"tags":["n","prop"]},{"word":"swerve","score":51264,"tags":["n"]},{"word":"touchline","score":51263,"tags":["n"]},{"word":"deflection","score":51262,"tags":["n"]},{"word":"mishit","score":51261,"tags":["n"]},{"word":"whizzer","score":51260,"tags":["n"]},{"word":"volley","score":51259,"tags":["n"]},{"word":"handball","score":51258,"tags":["n"]},{"word":"slaloming","score":51257,"tags":["n"]},{"word":"skying","score":51256,"tags":["n"]},{"word":"midriff","score":51255,"tags":["n"]},{"word":"hoicks","score":51254,"tags":["n"]},{"word":"jukes","score":51253,"tags":["n"]},{"word":"dribbler","score":51252,"tags":["n"]},{"word":"quebrada","score":51251,"tags":["n"]},{"word":"footedness","score":51250,"tags":["n"]},{"word":"pogo","score":51249,"tags":["n"]},{"word":"upfield","score":51248,"tags":["n"]},{"word":"sighter","score":51247,"tags":["n"]},{"word":"scuffing","score":51246,"tags":["n"]},{"word":"hoick","score":51245,"tags":["n","prop"]},{"word":"ricochet","score":51244,"tags":["n"]},{"word":"writhing","score":51243,"tags":["n"]},{"word":"referee","score":51242,"tags":["n"]},{"word":"goalmouth","score":51241,"tags":["n"]},{"word":"jinks","score":51240,"tags":["n"]},{"word":"jagging","score":51239,"tags":["n"]},{"word":"diving","score":51238,"tags":["n"]},{"word":"scamper","score":51237,"tags":["n"]},{"word":"leg curl","score":51236,"tags":["n"]},{"word":"manouevre","score":51235,"tags":["n"]},{"word":"mamaluke","score":51234,"tags":["n"]},{"word":"armlock","score":51233,"tags":["n"]},{"word":"wristlock","score":51232,"tags":["n"]},{"word":"bounding","score":51231,"tags":["n"]},{"word":"shins","score":51230,"tags":["n"]},{"word":"spearing","score":51229,"tags":["n"]},{"word":"wriggling","score":51228,"tags":["n"]},{"word":"mistiming","score":51227,"tags":["n"]},{"word":"stomp","score":51226,"tags":["n"]},{"word":"taunt","score":51225,"tags":["n"]},{"word":"curl","score":51224,"tags":["n"]},{"word":"maraud","score":51223,"tags":["n"]},{"word":"swipe","score":51222,"tags":["n"]},{"word":"acute angle","score":51221,"tags":["n"]},{"word":"diagonal","score":51220,"tags":["n"]},{"word":"studs","score":51219,"tags":["n"]},{"word":"headstand","score":51218,"tags":["n"]},{"word":"shoestring catch","score":51217,"tags":["n"]},{"word":"flank","score":51216,"tags":["n"]},{"word":"outleap","score":51215,"tags":["n"]},{"word":"pounces","score":51214,"tags":["n"]},{"word":"stramash","score":51213,"tags":["n"]},{"word":"bobble","score":51212,"tags":["n"]},{"word":"poke","score":51211,"tags":["n"]},{"word":"flick","score":51210,"tags":["n"]},{"word":"shambolically","score":51209,"tags":["n"]},{"word":"whomps","score":51208,"tags":["n"]},{"word":"lope","score":51207,"tags":["n"]},{"word":"elbows","score":51206,"tags":["n"]},{"word":"heel","score":51205,"tags":["n"]},{"word":"gesticulation","score":51204,"tags":["n"]},{"word":"mazy","score":51203,"tags":["n"]},{"word":"latching","score":51202,"tags":["n"]},{"word":"stab","score":51201,"tags":["n"]},{"word":"inswing","score":51200,"tags":["n"]},{"word":"fisting","score":51199,"tags":["n"]},{"word":"gymnastic exercise","score":51198,"tags":["n"]},{"word":"twirl","score":51197,"tags":["n"]}]