[{"word":"outcast","score":72412,"tags":["syn","n"]},{"word":"castaway","score":58694,"tags":["syn","n"]},{"word":"outcasts","score":51585,"tags":["n"]},{"word":"untouchables","score":31383,"tags":["n"]},{"word":"traitors","score":31382,"tags":["n"]},{"word":"hypocrites","score":31381,"tags":["n"]},{"word":"saviors","score":31380,"tags":["n"]},{"word":"betrayers","score":31379,"tags":["n"]},{"word":"inferiors","score":31378,"tags":["n"]},{"word":"leper","score":31377,"tags":["n"]},{"word":"wimps","score":31376,"tags":["n"]},{"word":"chumps","score":31375,"tags":["n"]},{"word":"scapegoats","score":31374,"tags":["n"]},{"word":"womanizers","score":31373,"tags":["n"]},{"word":"conformists","score":31372,"tags":["n"]},{"word":"darlings","score":31371,"tags":["n"]},{"word":"outcaste","score":31370,"tags":["n"]},{"word":"whipping boy","score":31369,"tags":["n"]},{"word":"recluses","score":31368,"tags":["n"]},{"word":"cowards","score":31367,"tags":["n"]},{"word":"chattel","score":31366,"tags":["n"]},{"word":"whores","score":31365,"tags":["n"]},{"word":"libertines","score":31364,"tags":["n"]},{"word":"hellbound","score":31363,"tags":["n"]},{"word":"persona non grata","score":31362,"tags":["n"]},{"word":"liars","score":31361,"tags":["n"]},{"word":"subhumans","score":31360,"tags":["n"]},{"word":"prigs","score":31359,"tags":["n"]},{"word":"misers","score":31358,"tags":["n"]},{"word":"stooge","score":31357,"tags":["n"]},{"word":"heretics","score":31356,"tags":["n"]},{"word":"haven","score":31355,"tags":["n"]},{"word":"shaming","score":31354,"tags":["n"]},{"word":"ostracism","score":31353,"tags":["n"]},{"word":"disgrace","score":31352,"tags":["n"]},{"word":"lackeys","score":31351,"tags":["n"]},{"word":"paragons","score":31350,"tags":["n"]},{"word":"psychopaths","score":31349,"tags":["n"]},{"word":"scorn","score":31348,"tags":["n"]},{"word":"vagabonds","score":31347,"tags":["n"]},{"word":"loners","score":31346,"tags":["n"]},{"word":"reprobates","score":31345,"tags":["n"]},{"word":"exploiters","score":31344,"tags":["n"]},{"word":"oppressors","score":31343,"tags":["n"]},{"word":"fools","score":31342,"tags":["n"]},{"word":"gatekeepers","score":31341,"tags":["n"]},{"word":"nobodies","score":31340,"tags":["n"]},{"word":"buffoons","score":31339,"tags":["n"]},{"word":"dupes","score":31338,"tags":["n"]},{"word":"hermits","score":31337,"tags":["n"]},{"word":"bigots","score":31336,"tags":["n"]},{"word":"nonperson","score":31335,"tags":["n"]},{"word":"scoundrels","score":31334,"tags":["n"]},{"word":"righters","score":31333,"tags":["n"]},{"word":"undesirables","score":31332,"tags":["n"]},{"word":"poseurs","score":31331,"tags":["n"]},{"word":"playboys","score":31330,"tags":["n"]},{"word":"laughingstock","score":31329,"tags":["n"]},{"word":"rotters","score":31328,"tags":["n"]},{"word":"enslaver","score":31327,"tags":["n"]},{"word":"toadies","score":31326,"tags":["n"]},{"word":"spongers","score":31325,"tags":["n"]},{"word":"mainstream","score":31324,"tags":["n"]},{"word":"parvenu","score":31323,"tags":["n"]},{"word":"serfs","score":31322,"tags":["n"]},{"word":"savages","score":31321,"tags":["n"]},{"word":"barbarians","score":31320,"tags":["n"]},{"word":"scarlet letter","score":31319,"tags":["n"]},{"word":"overachievers","score":31318,"tags":["n"]},{"word":"sissies","score":31317,"tags":["n"]},{"word":"sinners","score":31316,"tags":["n"]},{"word":"paupers","score":31315,"tags":["n"]},{"word":"rogues","score":31314,"tags":["n"]},{"word":"malingerers","score":31313,"tags":["n"]},{"word":"nonconformists","score":31312,"tags":["n"]},{"word":"iconoclasts","score":31311,"tags":["n"]},{"word":"trailblazers","score":31310,"tags":["n"]},{"word":"bolshevist","score":31309,"tags":["n"]},{"word":"bogeymen","score":31308,"tags":["n"]},{"word":"moonies","score":31307,"tags":["n","prop"]},{"word":"opprobrium","score":31306,"tags":["n"]},{"word":"gerontocracy","score":31305,"tags":["n"]},{"word":"pittances","score":31304,"tags":["n"]},{"word":"lunatics","score":31303,"tags":["n"]},{"word":"stalinist","score":31302,"tags":["n"]},{"word":"opportunists","score":31301,"tags":["n"]},{"word":"nihilists","score":31300,"tags":["n"]},{"word":"helots","score":31299,"tags":["n"]},{"word":"vassal","score":31298,"tags":["n"]},{"word":"mecca","score":31297,"tags":["n","prop"]},{"word":"drudges","score":31296,"tags":["n"]},{"word":"pantywaists","score":31295,"tags":["n"]},{"word":"cliquey","score":31294,"tags":["n"]},{"word":"hustlers","score":31293,"tags":["n"]},{"word":"kulaks","score":31292,"tags":["n"]},{"word":"jackasses","score":31291,"tags":["n"]},{"word":"stepchild","score":31290,"tags":["n"]},{"word":"heathens","score":31289,"tags":["n"]},{"word":"squealers","score":31288,"tags":["n"]},{"word":"idiots","score":31287,"tags":["n"]}]