[{"word":"cold wave","score":10660,"tags":["n"]},{"word":"extreme","score":10660,"tags":["adj"]},{"word":"freeze","score":10660,"tags":["n","v"]},{"word":"frost","score":10660,"tags":["n"]},{"word":"gel","score":10660,"tags":["n"]},{"word":"rocker","score":10660,"tags":["n"]},{"word":"snow","score":10660,"tags":["n"]},{"word":"teens","score":10660,"tags":["n"]},{"word":"argon","score":10603,"tags":["n"]},{"word":"arrest","score":10603,"tags":["n","v"]},{"word":"blanch","score":10603,"tags":["v"]},{"word":"blanched","score":10603,"tags":["adj"]},{"word":"calorimeter","score":10603,"tags":["n"]},{"word":"cold","score":10603,"tags":["adj","n"]},{"word":"fahrenheit","score":10603,"tags":["n"]},{"word":"flash","score":10603,"tags":["n"]},{"word":"ice","score":10603,"tags":["n"]},{"word":"mousse","score":10603,"tags":["n"]},{"word":"rime","score":10603,"tags":["n"]},{"word":"snapshot","score":10603,"tags":["n"]},{"word":"split","score":10603,"tags":["v","n"]},{"word":"suspension","score":10603,"tags":["n"]},{"word":"zero","score":10603,"tags":["n","v","adj"]},{"word":"anticathode","score":10521,"tags":["n"]},{"word":"camera","score":10521,"tags":["n"]},{"word":"cathode","score":10521,"tags":["n"]},{"word":"crookes tube","score":10521,"tags":["n","prop"]},{"word":"crt","score":10521,"tags":["n","prop"]},{"word":"electric eye","score":10521,"tags":["n","prop"]},{"word":"electron gun","score":10521,"tags":["n"]},{"word":"flyback","score":10521,"tags":["n"]},{"word":"glare","score":10521,"tags":["n"]},{"word":"grass","score":10521,"tags":["n"]},{"word":"grassed","score":10521,"tags":["v","adj"]},{"word":"kinescope","score":10521,"tags":["n"]},{"word":"laser","score":10521,"tags":["n"]},{"word":"lead","score":10521,"tags":["v","n"]},{"word":"line","score":10521,"tags":["n"]},{"word":"monitor","score":10521,"tags":["n","v"]},{"word":"oboe","score":10521,"tags":["n"]},{"word":"oscilloscope","score":10521,"tags":["n"]},{"word":"ozone","score":10521,"tags":["n"]},{"word":"phosphor","score":10521,"tags":["n","adj"]},{"word":"photon","score":10521,"tags":["n"]},{"word":"prism","score":10521,"tags":["n"]},{"word":"raster","score":10521,"tags":["n"]},{"word":"retracing","score":10521,"tags":["v"]},{"word":"roentgen","score":10521,"tags":["n"]},{"word":"screen","score":10521,"tags":["n"]},{"word":"shadow","score":10521,"tags":["n"]},{"word":"skating","score":10521,"tags":["n"]},{"word":"straw","score":10521,"tags":["n"]},{"word":"sweep","score":10521,"tags":["n","v"]},{"word":"target","score":10521,"tags":["n"]},{"word":"targeting","score":10521,"tags":["v"]},{"word":"trace","score":10521,"tags":["n","v"]},{"word":"tuba","score":10521,"tags":["n"]},{"word":"visual display unit","score":10521,"tags":["n"]},{"word":"candela","score":10520,"tags":["n"]},{"word":"chlorine","score":10520,"tags":["n"]},{"word":"irs","score":10520,"tags":["n","prop"]},{"word":"mulch","score":10520,"tags":["n"]},{"word":"mulching","score":10520,"tags":["v","n"]},{"word":"preserve","score":10520,"tags":["v"]},{"word":"crt screen","score":10507,"tags":["n","prop"]},{"word":"display","score":10507,"tags":["n","v"]},{"word":"picture tube","score":10507,"tags":["n"]},{"word":"refresh","score":10507,"tags":["v"]},{"word":"refreshed","score":10507,"tags":["adj"]},{"word":"spine","score":10507,"tags":["n"]},{"word":"television tube","score":10507,"tags":["n"]},{"word":"aad","score":10493,"tags":["n","v"]},{"word":"absolute value","score":10493,"tags":["n"]},{"word":"adhesion","score":10493,"tags":["n"]},{"word":"advance","score":10493,"tags":["n","v"]},{"word":"advancing","score":10493,"tags":["adj"]},{"word":"advertise","score":10493,"tags":["v"]},{"word":"advice","score":10493,"tags":["n"]},{"word":"air","score":10493,"tags":["n"]},{"word":"amplitude","score":10493,"tags":["n"]},{"word":"anti","score":10493,"tags":["adj"]},{"word":"apsis","score":10493,"tags":["n"]},{"word":"arctic fox","score":10493,"tags":["n","prop"]},{"word":"area","score":10493,"tags":["n"]},{"word":"arete","score":10493,"tags":["n"]},{"word":"asymptote","score":10493,"tags":["n"]},{"word":"athermanous","score":10493,"tags":["adj","n","prop"]},{"word":"atomic number 10","score":10493,"tags":["n"]},{"word":"aura","score":10493,"tags":["n"]},{"word":"aurora","score":10493,"tags":["n"]},{"word":"away","score":10493,"tags":["adv"]},{"word":"back-check","score":10493},{"word":"bail","score":10493,"tags":["n","v"]},{"word":"basidiomycota","score":10493,"tags":["n","prop"]},{"word":"bassoon","score":10493,"tags":["n"]},{"word":"bazooka","score":10493,"tags":["n"]},{"word":"beaver","score":10493,"tags":["n"]},{"word":"beaverboard","score":10493,"tags":["n","adj"]},{"word":"bellman","score":10493,"tags":["n"]},{"word":"berg","score":10493,"tags":["n","prop"]}]