[{"word":"beam","score":18424,"tags":["n"]},{"word":"abreast","score":15324,"tags":["adv"]},{"word":"across","score":15324,"tags":["adj","adv"]},{"word":"advance","score":15324,"tags":["n","v"]},{"word":"advancing","score":15324,"tags":["adj"]},{"word":"affinity","score":15324,"tags":["n"]},{"word":"aid","score":15324,"tags":["n"]},{"word":"altitude","score":15324,"tags":["n"]},{"word":"amplitude","score":15324,"tags":["n"]},{"word":"ancient","score":15324,"tags":["adj"]},{"word":"apart","score":15324,"tags":["adv"]},{"word":"apogee","score":15324,"tags":["n"]},{"word":"apparatus","score":15324,"tags":["n"]},{"word":"apsis","score":15324,"tags":["n"]},{"word":"arm","score":15324,"tags":["n"]},{"word":"aside","score":15324,"tags":["adv"]},{"word":"atm","score":15324,"tags":["n"]},{"word":"aut","score":15324},{"word":"away","score":15324,"tags":["adv"]},{"word":"axle","score":15324,"tags":["n"]},{"word":"back","score":15324,"tags":["adv"]},{"word":"backwater","score":15324,"tags":["n"]},{"word":"bak","score":15324,"tags":["n"]},{"word":"balance","score":15324,"tags":["n"]},{"word":"balancing","score":15324,"tags":["n"]},{"word":"ball","score":15324,"tags":["n"]},{"word":"bar","score":15324,"tags":["n"]},{"word":"bau","score":15324,"tags":["n"]},{"word":"bay","score":15324,"tags":["n"]},{"word":"baying","score":15324,"tags":["v","n"]},{"word":"beak","score":15324,"tags":["n"]},{"word":"bear","score":15324,"tags":["v","n"]},{"word":"bearing","score":15324,"tags":["n"]},{"word":"better","score":15324,"tags":["adj","adv"]},{"word":"between","score":15324,"tags":["adv"]},{"word":"beyond","score":15324,"tags":["adv"]},{"word":"bifocal","score":15324,"tags":["adj"]},{"word":"bifocals","score":15324,"tags":["n"]},{"word":"block","score":15324,"tags":["n"]},{"word":"boom","score":15324,"tags":["n"]},{"word":"bound","score":15324,"tags":["v","adj"]},{"word":"brace","score":15324,"tags":["n"]},{"word":"braces","score":15324,"tags":["n"]},{"word":"bracket","score":15324,"tags":["n"]},{"word":"brak","score":15324,"tags":["n","prop"]},{"word":"brick","score":15324,"tags":["n"]},{"word":"bucket","score":15324,"tags":["n"]},{"word":"bump","score":15324,"tags":["n","v"]},{"word":"bunk","score":15324,"tags":["n"]},{"word":"bunt","score":15324,"tags":["n","v"]},{"word":"caliber","score":15324,"tags":["n"]},{"word":"call","score":15324,"tags":["v","n"]},{"word":"camber","score":15324,"tags":["n"]},{"word":"cambered","score":15324,"tags":["adj","v"]},{"word":"cantilever","score":15324,"tags":["n"]},{"word":"carling","score":15324,"tags":["n","prop"]},{"word":"carry","score":15324,"tags":["v"]},{"word":"catena","score":15324,"tags":["n"]},{"word":"chamfer","score":15324,"tags":["n"]},{"word":"chip","score":15324,"tags":["n"]},{"word":"chipper","score":15324,"tags":["adj"]},{"word":"chloroplast","score":15324,"tags":["n"]},{"word":"circle","score":15324,"tags":["n"]},{"word":"circles","score":15324,"tags":["n"]},{"word":"circling","score":15324,"tags":["v"]},{"word":"circuit","score":15324,"tags":["n"]},{"word":"circumference","score":15324,"tags":["n"]},{"word":"clear","score":15324,"tags":["adj"]},{"word":"clearance","score":15324,"tags":["n"]},{"word":"cleared","score":15324,"tags":["adj"]},{"word":"close","score":15324,"tags":["adv","adj"]},{"word":"cog","score":15324,"tags":["n"]},{"word":"cogs","score":15324,"tags":["n"]},{"word":"collaborate","score":15324,"tags":["v"]},{"word":"collimator","score":15324,"tags":["n"]},{"word":"color","score":15324,"tags":["n"]},{"word":"column","score":15324,"tags":["n"]},{"word":"colure","score":15324,"tags":["n"]},{"word":"come","score":15324,"tags":["v"]},{"word":"cone","score":15324,"tags":["n"]},{"word":"control","score":15324,"tags":["n"]},{"word":"controlled","score":15324,"tags":["adj"]},{"word":"controlling","score":15324,"tags":["adj"]},{"word":"corner","score":15324,"tags":["n"]},{"word":"cornering","score":15324,"tags":["v","n"]},{"word":"course","score":15324,"tags":["n"]},{"word":"cousin","score":15324,"tags":["n"]},{"word":"cover","score":15324,"tags":["v","n"]},{"word":"covers","score":15324,"tags":["v","n"]},{"word":"coyote","score":15324,"tags":["n"]},{"word":"cpg","score":15324,"tags":["n"]},{"word":"crane","score":15324,"tags":["n"]},{"word":"cross","score":15324,"tags":["n","adj","v"]},{"word":"crossbeam","score":15324,"tags":["n"]},{"word":"crossroad","score":15324,"tags":["n"]},{"word":"crowfoot","score":15324,"tags":["n"]},{"word":"cue","score":15324,"tags":["n"]},{"word":"cuirass","score":15324,"tags":["n"]},{"word":"dall","score":15324,"tags":["n","prop"]},{"word":"daylight","score":15324,"tags":["n"]}]