[{"word":"blow","score":13871,"tags":["n","v"]},{"word":"wash","score":13871,"tags":["v","n"]},{"word":"pipe","score":13630,"tags":["n"]},{"word":"pipes","score":13630,"tags":["n"]},{"word":"break","score":13521,"tags":["v","n"]},{"word":"air","score":13280,"tags":["n"]},{"word":"die","score":13280,"tags":["v","n"]},{"word":"level","score":13280,"tags":["n"]},{"word":"sac","score":13280,"tags":["n"]},{"word":"sink","score":13280,"tags":["v","n"]},{"word":"gush","score":13220,"tags":["n","v"]},{"word":"boil","score":12750,"tags":["n","v"]},{"word":"bubbling","score":12750,"tags":["adj"]},{"word":"ferment","score":12750,"tags":["n","v"]},{"word":"pumice","score":12750,"tags":["n"]},{"word":"ado","score":12509,"tags":["n"]},{"word":"aloe","score":12509,"tags":["n"]},{"word":"balloon","score":12509,"tags":["n"]},{"word":"balloons","score":12509,"tags":["n"]},{"word":"bath","score":12509,"tags":["n"]},{"word":"bead","score":12509,"tags":["n"]},{"word":"beads","score":12509,"tags":["n"]},{"word":"blob","score":12509,"tags":["n"]},{"word":"burble","score":12509,"tags":["v"]},{"word":"foam","score":12509,"tags":["n"]},{"word":"gum","score":12509,"tags":["n"]},{"word":"pop","score":12509,"tags":["n","v","adj"]},{"word":"scent","score":12509,"tags":["n"]},{"word":"soap","score":12509,"tags":["n"]},{"word":"spa","score":12509,"tags":["n"]},{"word":"suds","score":12509,"tags":["n"]},{"word":"tub","score":12509,"tags":["n"]},{"word":"uproar","score":12509,"tags":["n"]},{"word":"blister","score":12401,"tags":["n"]},{"word":"blistered","score":12401,"tags":["adj"]},{"word":"bubblegum","score":12401,"tags":["n"]},{"word":"candlebomb","score":12401},{"word":"donald arthur glaser","score":12401,"tags":["n","prop"]},{"word":"donald glaser","score":12401,"tags":["n","prop"]},{"word":"embolus","score":12401,"tags":["n"]},{"word":"fret","score":12401,"tags":["v","n"]},{"word":"fretfulness","score":12401,"tags":["n"]},{"word":"fretting","score":12401,"tags":["v","n"]},{"word":"glaser","score":12401,"tags":["n","prop"]},{"word":"humming","score":12401,"tags":["n"]},{"word":"intumesce","score":12401,"tags":["v"]},{"word":"ballast","score":12172,"tags":["n"]},{"word":"burst","score":12172,"tags":["v","n"]},{"word":"condenser","score":12172,"tags":["n"]},{"word":"cut-off","score":12172},{"word":"cutoff","score":12172,"tags":["n"]},{"word":"give","score":12172,"tags":["v"]},{"word":"haul","score":12172,"tags":["v","n"]},{"word":"hauling","score":12172,"tags":["n"]},{"word":"lash","score":12172,"tags":["n","v"]},{"word":"lift","score":12172,"tags":["v","n"]},{"word":"lug","score":12172,"tags":["n","v"]},{"word":"motion","score":12172,"tags":["n"]},{"word":"order","score":12172,"tags":["n"]},{"word":"raid","score":12172,"tags":["n"]},{"word":"rebel","score":12172,"tags":["n","v"]},{"word":"receive","score":12172,"tags":["v"]},{"word":"received","score":12172,"tags":["adj"]},{"word":"steam","score":12172,"tags":["n"]},{"word":"aerate","score":12160,"tags":["v"]},{"word":"bazooka","score":12160,"tags":["n"]},{"word":"bell","score":12160,"tags":["n"]},{"word":"bells","score":12160,"tags":["n"]},{"word":"blowhole","score":12160,"tags":["n"]},{"word":"blubber","score":12160,"tags":["n"]},{"word":"chew","score":12160,"tags":["v","n"]},{"word":"dense","score":12160,"tags":["adj"]},{"word":"dimple","score":12160,"tags":["n"]},{"word":"domain","score":12160,"tags":["n"]},{"word":"flap","score":12160,"tags":["n"]},{"word":"greenhouse","score":12160,"tags":["n"]},{"word":"idea","score":12160,"tags":["n"]},{"word":"lock","score":12160,"tags":["n","v"]},{"word":"orb","score":12160,"tags":["n"]},{"word":"overflow","score":12160,"tags":["n","v"]},{"word":"seed","score":12160,"tags":["n"]},{"word":"seeded","score":12160,"tags":["adj"]},{"word":"seeding","score":12160,"tags":["v","n"]},{"word":"simmer","score":12160,"tags":["v","n"]},{"word":"sphere","score":12160,"tags":["n"]},{"word":"thermometer","score":12160,"tags":["n"]},{"word":"track","score":12160,"tags":["n"]},{"word":"vesicle","score":12160,"tags":["n"]},{"word":"wrap","score":12160,"tags":["n","v"]},{"word":"air gun","score":12112,"tags":["n"]},{"word":"martingale","score":12112,"tags":["n"]},{"word":"poppet","score":12112,"tags":["n"]},{"word":"affusion","score":12052,"tags":["n"]},{"word":"arenation","score":12052},{"word":"baths","score":12052,"tags":["n"]},{"word":"boiling","score":12052,"tags":["n"]},{"word":"brachiopoda","score":12052,"tags":["n","prop"]},{"word":"bur fish","score":12052},{"word":"bustline","score":12052,"tags":["n"]},{"word":"crotch","score":12052,"tags":["n"]}]