[{"word":"blackout","score":56830,"tags":["syn","n"]},{"word":"memory loss","score":52299,"tags":["syn","n"]},{"word":"anterograde","score":38039,"tags":["adj","v","n"]},{"word":"loss","score":35452,"tags":["n"]},{"word":"pulse","score":35330,"tags":["n"]},{"word":"call","score":33497,"tags":["n"]},{"word":"passenger","score":31409,"tags":["n"]},{"word":"retrograde amnesia","score":31079,"tags":["n"]},{"word":"forgetfulness","score":31078,"tags":["n"]},{"word":"anterograde amnesia","score":31077,"tags":["n"]},{"word":"hallucination","score":31076,"tags":["n"]},{"word":"disorientation","score":31075,"tags":["n"]},{"word":"delusion","score":31074,"tags":["n"]},{"word":"senile dementia","score":31073,"tags":["n"]},{"word":"paralysis","score":31072,"tags":["n"]},{"word":"psychosis","score":31071,"tags":["n"]},{"word":"paranoia","score":31070,"tags":["n"]},{"word":"nervous breakdown","score":31069,"tags":["n"]},{"word":"neurosis","score":31068,"tags":["n"]},{"word":"vertigo","score":31067,"tags":["n"]},{"word":"unconsciousness","score":31066,"tags":["n"]},{"word":"stupor","score":31065,"tags":["n"]},{"word":"coma","score":31064,"tags":["n"]},{"word":"delirium tremens","score":31063,"tags":["n"]},{"word":"dissociative disorder","score":31062,"tags":["n"]},{"word":"somnambulism","score":31061,"tags":["n"]},{"word":"petit mal","score":31060,"tags":["n"]},{"word":"lethargy","score":31059,"tags":["n"]},{"word":"dizziness","score":31058,"tags":["n"]},{"word":"numbness","score":31057,"tags":["n"]},{"word":"epileptic seizure","score":31056,"tags":["n"]},{"word":"blindness","score":31055,"tags":["n"]},{"word":"apathy","score":31054,"tags":["n"]},{"word":"selective amnesia","score":31053,"tags":["n"]},{"word":"hypochondria","score":31052,"tags":["n"]},{"word":"psychogenic fugue","score":31051,"tags":["n"]},{"word":"flashbacks","score":31050,"tags":["n"]},{"word":"malady","score":31049,"tags":["n"]},{"word":"hangover","score":31048,"tags":["n"]},{"word":"senility","score":31047,"tags":["n"]},{"word":"fogginess","score":31046,"tags":["n"]},{"word":"cognitive dissonance","score":31045,"tags":["n"]},{"word":"depersonalization disorder","score":31044,"tags":["n"]},{"word":"grand mal","score":31043,"tags":["n","prop"]},{"word":"dumbness","score":31042,"tags":["n"]},{"word":"tourette","score":31041,"tags":["n","prop"]},{"word":"affliction","score":31040,"tags":["n"]},{"word":"catatonic schizophrenia","score":31039,"tags":["n"]},{"word":"porphyria","score":31038,"tags":["n"]},{"word":"derangement","score":31037,"tags":["n"]},{"word":"survivor guilt","score":31036,"tags":["n"]},{"word":"consciousness","score":31035,"tags":["n"]},{"word":"temporal lobe epilepsy","score":31034,"tags":["n"]},{"word":"alexia","score":31033,"tags":["n"]},{"word":"boneheadedness","score":31032,"tags":["n"]},{"word":"deafness","score":31031,"tags":["n"]},{"word":"kleptomania","score":31030,"tags":["n"]},{"word":"myopia","score":31029,"tags":["n"]},{"word":"lycanthropy","score":31028,"tags":["n"]},{"word":"discombobulation","score":31027,"tags":["n"]},{"word":"suspiciousness","score":31026,"tags":["n"]},{"word":"ecmnesia","score":31025,"tags":["n"]},{"word":"inferiority complex","score":31024,"tags":["n"]},{"word":"neurosyphilis","score":31023,"tags":["n"]},{"word":"monomania","score":31022,"tags":["n"]},{"word":"itis","score":31021,"tags":["n"]},{"word":"catatonia","score":31020,"tags":["n"]},{"word":"auditory hallucination","score":31019,"tags":["n"]},{"word":"nightmares","score":31018,"tags":["n"]},{"word":"lockjaw","score":31017,"tags":["n"]},{"word":"revisionism","score":31016,"tags":["n"]},{"word":"incoherency","score":31015,"tags":["n"]},{"word":"weirdness","score":31014,"tags":["n"]},{"word":"hypermnesia","score":31013,"tags":["n"]},{"word":"paraphrenia","score":31012,"tags":["n"]},{"word":"psychosomatic","score":31011,"tags":["n"]},{"word":"infantilism","score":31010,"tags":["n"]},{"word":"giddiness","score":31009,"tags":["n"]},{"word":"concussion","score":31008,"tags":["n"]},{"word":"manic depression","score":31007,"tags":["n"]},{"word":"confabulation","score":31006,"tags":["n"]},{"word":"insanity","score":31005,"tags":["n"]},{"word":"wooziness","score":31004,"tags":["n"]},{"word":"trope","score":31003,"tags":["n"]},{"word":"acrophobia","score":31002,"tags":["n"]},{"word":"epiphenomena","score":31001,"tags":["n"]},{"word":"anosognosia","score":31000,"tags":["n"]},{"word":"speciousness","score":30999,"tags":["n"]},{"word":"bipolarity","score":30998,"tags":["n"]},{"word":"prosopagnosia","score":30997,"tags":["n"]},{"word":"aliment","score":30996,"tags":["n"]},{"word":"conniption","score":30995,"tags":["n"]},{"word":"bewitchment","score":30994,"tags":["n"]},{"word":"daze","score":30993,"tags":["n"]},{"word":"shadiness","score":30992,"tags":["n"]},{"word":"shyness","score":30991,"tags":["n"]},{"word":"hyperreality","score":30990,"tags":["n"]},{"word":"convulsions","score":30989,"tags":["n"]},{"word":"hysteria","score":30988,"tags":["n"]},{"word":"psychological state","score":30987,"tags":["n"]}]