[{"word":"nasty","score":11826,"tags":["adj"]},{"word":"date","score":10759,"tags":["n"]},{"word":"decent","score":10759,"tags":["adj"]},{"word":"escort","score":10759,"tags":["n","v"]},{"word":"gaucherie","score":10759,"tags":["n"]},{"word":"retard","score":10759,"tags":["v"]},{"word":"taboo","score":10759,"tags":["n","adj"]},{"word":"tabu","score":10759,"tags":["n","adj"]},{"word":"untoward","score":10759,"tags":["adj"]},{"word":"baldwin","score":10697,"tags":["n","prop"]},{"word":"deviate","score":10697,"tags":["v"]},{"word":"loser","score":10697,"tags":["n"]},{"word":"raunchy","score":10697,"tags":["adj"]},{"word":"reaction formation","score":10697,"tags":["n"]},{"word":"sublimate","score":10697,"tags":["v","n"]},{"word":"swearword","score":10697,"tags":["n"]},{"word":"unsavory","score":10697,"tags":["adj"]},{"word":"vile","score":10697,"tags":["adj"]},{"word":"antisocial","score":10636,"tags":["adj"]},{"word":"blacklisted","score":10636,"tags":["v","adj"]},{"word":"blacklisting","score":10636,"tags":["n","v"]},{"word":"bounder","score":10636,"tags":["n"]},{"word":"cancer","score":10636,"tags":["n"]},{"word":"collectivism","score":10636,"tags":["n"]},{"word":"comstock","score":10636,"tags":["n","prop"]},{"word":"dregs","score":10636,"tags":["n"]},{"word":"offender","score":10636,"tags":["n"]},{"word":"pestiferous","score":10636,"tags":["adj"]},{"word":"predacious","score":10636,"tags":["adj"]},{"word":"punk","score":10636,"tags":["n","adj"]},{"word":"punk rock","score":10636,"tags":["n"]},{"word":"scum","score":10636,"tags":["n"]},{"word":"sexual immorality","score":10636,"tags":["n"]},{"word":"top line","score":10636},{"word":"transexual","score":10636,"tags":["n"]},{"word":"transsexual","score":10636,"tags":["n"]},{"word":"unlawful","score":10636,"tags":["adj"]},{"word":"witch doctor","score":10636,"tags":["n"]},{"word":"alien","score":10517,"tags":["adj","n"]},{"word":"alpha","score":10512,"tags":["n"]},{"word":"around","score":10512,"tags":["adv"]},{"word":"awkward","score":10512,"tags":["adj"]},{"word":"boor","score":10512,"tags":["n"]},{"word":"descend","score":10512,"tags":["v"]},{"word":"dweeb","score":10512,"tags":["n"]},{"word":"easy","score":10512,"tags":["adj"]},{"word":"exclusive","score":10512,"tags":["adj"]},{"word":"geek","score":10512,"tags":["n"]},{"word":"gentility","score":10512,"tags":["n"]},{"word":"mix","score":10512,"tags":["n","v"]},{"word":"mixed","score":10512,"tags":["adj"]},{"word":"mixing","score":10512,"tags":["n"]},{"word":"miz","score":10512,"tags":["n","prop"]},{"word":"nerd","score":10512,"tags":["n"]},{"word":"nobody","score":10512,"tags":["n"]},{"word":"personality","score":10512,"tags":["n"]},{"word":"present","score":10512,"tags":["adj","n","v"]},{"word":"right","score":10512,"tags":["adj","n","adv"]},{"word":"rights","score":10512,"tags":["n"]},{"word":"see","score":10512,"tags":["v"]},{"word":"set","score":10512,"tags":["v","n"]},{"word":"snob","score":10512,"tags":["n"]},{"word":"society","score":10512,"tags":["n"]},{"word":"solecism","score":10512,"tags":["n"]},{"word":"stoop","score":10512,"tags":["v","n"]},{"word":"straight","score":10512,"tags":["adv","adj"]},{"word":"suave","score":10512,"tags":["adj"]},{"word":"tact","score":10512,"tags":["n"]},{"word":"unseemly","score":10512,"tags":["adj"]},{"word":"visit","score":10512,"tags":["n","v"]},{"word":"unethical","score":10453,"tags":["adj"]},{"word":"aad","score":10450,"tags":["n","v"]},{"word":"advance","score":10450,"tags":["n","v"]},{"word":"antinomian","score":10450,"tags":["adj","n"]},{"word":"assassinate","score":10450,"tags":["v"]},{"word":"assassinated","score":10450,"tags":["adj"]},{"word":"bust","score":10450,"tags":["n"]},{"word":"chill","score":10450,"tags":["n","adj"]},{"word":"cool","score":10450,"tags":["adj","v"]},{"word":"det","score":10450,"tags":["n"]},{"word":"dorky","score":10450,"tags":["n","adj"]},{"word":"good","score":10450,"tags":["adj"]},{"word":"liable","score":10450,"tags":["adj"]},{"word":"low","score":10450,"tags":["adj"]},{"word":"meet","score":10450,"tags":["v"]},{"word":"meets","score":10450,"tags":["v"]},{"word":"money","score":10450,"tags":["n"]},{"word":"nice","score":10450,"tags":["adj"]},{"word":"nonstandard","score":10450,"tags":["adj"]},{"word":"ogler","score":10450,"tags":["n"]},{"word":"polygamy","score":10450,"tags":["n"]},{"word":"poverty","score":10450,"tags":["n"]},{"word":"rub","score":10450,"tags":["v","n"]},{"word":"rude","score":10450,"tags":["adj"]},{"word":"sad","score":10450,"tags":["adj"]},{"word":"sas","score":10450,"tags":["n","prop"]},{"word":"sets","score":10450,"tags":["n","v"]},{"word":"shun","score":10450,"tags":["v"]},{"word":"slip","score":10450,"tags":["n","v"]},{"word":"slipped","score":10450,"tags":["v"]}]